[
  {
    "1949": null,
    "1950": null,
    "1951": null,
    "1952": null,
    "1953": null,
    "1954": null,
    "1955": null,
    "1956": null,
    "1957": null,
    "1958": null,
    "1959": null,
    "1960": null,
    "1961": null,
    "1962": null,
    "1963": null,
    "1964": null,
    "1965": null,
    "1966": null,
    "1967": null,
    "1968": null,
    "1969": 278.2,
    "1970": 259.9,
    "1971": 254.8,
    "country": "Algeria",
    "": null,
    "Notes": null
  },
  {
    "1949": null,
    "1950": null,
    "1951": null,
    "1952": null,
    "1953": null,
    "1954": null,
    "1955": null,
    "1956": null,
    "1957": null,
    "1958": null,
    "1959": null,
    "1960": null,
    "1961": null,
    "1962": null,
    "1963": null,
    "1964": 64.1,
    "1965": 78,
    "1966": 139.6,
    "1967": 176.8,
    "1968": 211.5,
    "1969": 288.6,
    "1970": 516.5,
    "1971": 533.1,
    "country": "Libya",
    "": null,
    "Notes": null
  },
  {
    "1949": null,
    "1950": null,
    "1951": null,
    "1952": null,
    "1953": null,
    "1954": null,
    "1955": null,
    "1956": 118.8,
    "1957": 173.1,
    "1958": 230.4,
    "1959": 268.6,
    "1960": 268,
    "1961": 305.6,
    "1962": 324.4,
    "1963": 426.8,
    "1964": 383.4,
    "1965": 334.4,
    "1966": 363.3,
    "1967": 379.1,
    "1968": 487.7,
    "1969": 442.8,
    "1970": 457.6,
    "1971": 548.6,
    "country": "Morocco",
    "": null,
    "Notes": null
  },
  {
    "1949": null,
    "1950": null,
    "1951": null,
    "1952": null,
    "1953": null,
    "1954": null,
    "1955": null,
    "1956": null,
    "1957": null,
    "1958": null,
    "1959": null,
    "1960": null,
    "1961": 75.9,
    "1962": 57.9,
    "1963": 58.1,
    "1964": 70.1,
    "1965": 55,
    "1966": 57.7,
    "1967": 61.8,
    "1968": 69.3,
    "1969": 66.1,
    "1970": 84.5,
    "1971": 87.8,
    "country": "Tunisia",
    "": null,
    "Notes": null
  },
  {
    "1949": null,
    "1950": null,
    "1951": null,
    "1952": null,
    "1953": null,
    "1954": null,
    "1955": null,
    "1956": null,
    "1957": null,
    "1958": null,
    "1959": null,
    "1960": null,
    "1961": null,
    "1962": null,
    "1963": null,
    "1964": null,
    "1965": null,
    "1966": null,
    "1967": null,
    "1968": null,
    "1969": null,
    "1970": null,
    "1971": null,
    "country": "Angola",
    "": null,
    "Notes": null
  },
  {
    "1949": null,
    "1950": null,
    "1951": null,
    "1952": null,
    "1953": null,
    "1954": null,
    "1955": null,
    "1956": null,
    "1957": null,
    "1958": null,
    "1959": null,
    "1960": null,
    "1961": null,
    "1962": null,
    "1963": null,
    "1964": null,
    "1965": null,
    "1966": null,
    "1967": null,
    "1968": null,
    "1969": null,
    "1970": 16.7,
    "1971": 16.7,
    "country": "Benin",
    "": null,
    "Notes": null
  },
  {
    "1949": null,
    "1950": null,
    "1951": null,
    "1952": null,
    "1953": null,
    "1954": null,
    "1955": null,
    "1956": null,
    "1957": null,
    "1958": null,
    "1959": null,
    "1960": null,
    "1961": null,
    "1962": null,
    "1963": null,
    "1964": null,
    "1965": null,
    "1966": null,
    "1967": null,
    "1968": null,
    "1969": null,
    "1970": null,
    "1971": null,
    "country": "Botswana",
    "": null,
    "Notes": null
  },
  {
    "1949": null,
    "1950": null,
    "1951": null,
    "1952": null,
    "1953": null,
    "1954": null,
    "1955": null,
    "1956": null,
    "1957": null,
    "1958": null,
    "1959": null,
    "1960": 6.3,
    "1961": 6.9,
    "1962": 20.2,
    "1963": 20.6,
    "1964": 20.5,
    "1965": 13.6,
    "1966": 14.8,
    "1967": 14.6,
    "1968": 15,
    "1969": 15.4,
    "1970": 16.7,
    "1971": 16.9,
    "country": "Burkina Faso",
    "": null,
    "Notes": null
  },
  {
    "1949": null,
    "1950": null,
    "1951": null,
    "1952": null,
    "1953": null,
    "1954": null,
    "1955": null,
    "1956": null,
    "1957": null,
    "1958": null,
    "1959": null,
    "1960": null,
    "1961": null,
    "1962": null,
    "1963": null,
    "1964": null,
    "1965": 15.8,
    "1966": 16.7,
    "1967": 17.5,
    "1968": 18,
    "1969": 22.3,
    "1970": null,
    "1971": 16.9,
    "country": "Burundi",
    "": null,
    "Notes": null
  },
  {
    "1949": null,
    "1950": null,
    "1951": null,
    "1952": null,
    "1953": null,
    "1954": null,
    "1955": null,
    "1956": null,
    "1957": null,
    "1958": null,
    "1959": null,
    "1960": null,
    "1961": null,
    "1962": null,
    "1963": null,
    "1964": null,
    "1965": null,
    "1966": null,
    "1967": null,
    "1968": null,
    "1969": null,
    "1970": 166.9,
    "1971": 168.9,
    "country": "Cameroon",
    "": null,
    "Notes": null
  },
  {
    "1949": null,
    "1950": null,
    "1951": null,
    "1952": null,
    "1953": null,
    "1954": null,
    "1955": null,
    "1956": null,
    "1957": null,
    "1958": null,
    "1959": null,
    "1960": null,
    "1961": null,
    "1962": null,
    "1963": null,
    "1964": null,
    "1965": null,
    "1966": null,
    "1967": null,
    "1968": null,
    "1969": null,
    "1970": null,
    "1971": null,
    "country": "Cape Verde",
    "": null,
    "Notes": null
  },
  {
    "1949": null,
    "1950": null,
    "1951": null,
    "1952": null,
    "1953": null,
    "1954": null,
    "1955": null,
    "1956": null,
    "1957": null,
    "1958": null,
    "1959": null,
    "1960": null,
    "1961": null,
    "1962": null,
    "1963": null,
    "1964": null,
    "1965": null,
    "1966": null,
    "1967": null,
    "1968": null,
    "1969": null,
    "1970": null,
    "1971": null,
    "country": "Central African Republic",
    "": null,
    "Notes": 14
  },
  {
    "1949": null,
    "1950": null,
    "1951": null,
    "1952": null,
    "1953": null,
    "1954": null,
    "1955": null,
    "1956": null,
    "1957": null,
    "1958": null,
    "1959": null,
    "1960": null,
    "1961": null,
    "1962": null,
    "1963": null,
    "1964": null,
    "1965": null,
    "1966": null,
    "1967": null,
    "1968": null,
    "1969": null,
    "1970": null,
    "1971": null,
    "country": "Chad",
    "": null,
    "Notes": null
  },
  {
    "1949": null,
    "1950": null,
    "1951": null,
    "1952": null,
    "1953": null,
    "1954": null,
    "1955": null,
    "1956": null,
    "1957": null,
    "1958": null,
    "1959": null,
    "1960": null,
    "1961": null,
    "1962": null,
    "1963": 70.3,
    "1964": 96.8,
    "1965": 157.6,
    "1966": 135.2,
    "1967": 121.6,
    "1968": 126,
    "1969": 170.3,
    "1970": 222.8,
    "1971": 209.4,
    "country": "Congo, DR",
    "": null,
    "Notes": null
  },
  {
    "1949": null,
    "1950": null,
    "1951": null,
    "1952": null,
    "1953": null,
    "1954": null,
    "1955": null,
    "1956": null,
    "1957": null,
    "1958": null,
    "1959": null,
    "1960": null,
    "1961": null,
    "1962": null,
    "1963": null,
    "1964": null,
    "1965": null,
    "1966": null,
    "1967": null,
    "1968": null,
    "1969": null,
    "1970": 61.9,
    "1971": 62.2,
    "country": "Congo, Republic",
    "": null,
    "Notes": null
  },
  {
    "1949": null,
    "1950": null,
    "1951": null,
    "1952": null,
    "1953": null,
    "1954": null,
    "1955": null,
    "1956": null,
    "1957": null,
    "1958": null,
    "1959": null,
    "1960": null,
    "1961": null,
    "1962": 75.6,
    "1963": 68.9,
    "1964": 95.1,
    "1965": 106.9,
    "1966": 105.7,
    "1967": 114.7,
    "1968": 114,
    "1969": 121,
    "1970": 130.5,
    "1971": 176.5,
    "country": "Cote d'Ivoire",
    "": null,
    "Notes": 18
  },
  {
    "1949": null,
    "1950": null,
    "1951": null,
    "1952": null,
    "1953": null,
    "1954": null,
    "1955": null,
    "1956": null,
    "1957": null,
    "1958": null,
    "1959": null,
    "1960": null,
    "1961": null,
    "1962": null,
    "1963": null,
    "1964": null,
    "1965": null,
    "1966": null,
    "1967": null,
    "1968": null,
    "1969": null,
    "1970": null,
    "1971": null,
    "country": "Djibouti",
    "": null,
    "Notes": null
  },
  {
    "1949": null,
    "1950": null,
    "1951": null,
    "1952": null,
    "1953": null,
    "1954": null,
    "1955": null,
    "1956": null,
    "1957": null,
    "1958": null,
    "1959": null,
    "1960": null,
    "1961": null,
    "1962": null,
    "1963": null,
    "1964": null,
    "1965": null,
    "1966": null,
    "1967": null,
    "1968": null,
    "1969": null,
    "1970": null,
    "1971": null,
    "country": "Equatorial Guinea",
    "": null,
    "Notes": null
  },
  {
    "1949": null,
    "1950": null,
    "1951": null,
    "1952": null,
    "1953": null,
    "1954": null,
    "1955": null,
    "1956": null,
    "1957": null,
    "1958": null,
    "1959": null,
    "1960": null,
    "1961": null,
    "1962": null,
    "1963": null,
    "1964": null,
    "1965": null,
    "1966": null,
    "1967": null,
    "1968": null,
    "1969": null,
    "1970": null,
    "1971": null,
    "country": "Eritrea",
    "": null,
    "Notes": null
  },
  {
    "1949": null,
    "1950": null,
    "1951": null,
    "1952": null,
    "1953": null,
    "1954": null,
    "1955": null,
    "1956": null,
    "1957": null,
    "1958": null,
    "1959": null,
    "1960": null,
    "1961": null,
    "1962": null,
    "1963": null,
    "1964": null,
    "1965": 358.7,
    "1966": 368.1,
    "1967": 311.2,
    "1968": 290.9,
    "1969": 284.9,
    "1970": 259.6,
    "1971": 269.4,
    "country": "Ethiopia",
    "": null,
    "Notes": null
  },
  {
    "1949": null,
    "1950": null,
    "1951": null,
    "1952": null,
    "1953": null,
    "1954": null,
    "1955": null,
    "1956": null,
    "1957": null,
    "1958": null,
    "1959": null,
    "1960": null,
    "1961": null,
    "1962": null,
    "1963": null,
    "1964": null,
    "1965": null,
    "1966": null,
    "1967": 14.8,
    "1968": 14.5,
    "1969": 21.5,
    "1970": 23.5,
    "1971": 26.7,
    "country": "Gabon",
    "": null,
    "Notes": null
  },
  {
    "1949": null,
    "1950": null,
    "1951": null,
    "1952": null,
    "1953": null,
    "1954": null,
    "1955": null,
    "1956": null,
    "1957": null,
    "1958": null,
    "1959": null,
    "1960": null,
    "1961": null,
    "1962": null,
    "1963": null,
    "1964": null,
    "1965": null,
    "1966": null,
    "1967": null,
    "1968": null,
    "1969": null,
    "1970": null,
    "1971": null,
    "country": "Gambia, The",
    "": null,
    "Notes": null
  },
  {
    "1949": null,
    "1950": null,
    "1951": null,
    "1952": null,
    "1953": null,
    "1954": null,
    "1955": null,
    "1956": null,
    "1957": null,
    "1958": 46.2,
    "1959": 52.6,
    "1960": 92.6,
    "1961": 115.2,
    "1962": 107.3,
    "1963": 114.4,
    "1964": 109.1,
    "1965": 92.1,
    "1966": 108.3,
    "1967": null,
    "1968": 146.4,
    "1969": 151.1,
    "1970": 140.3,
    "1971": 113.9,
    "country": "Ghana",
    "": null,
    "Notes": null
  },
  {
    "1949": null,
    "1950": null,
    "1951": null,
    "1952": null,
    "1953": null,
    "1954": null,
    "1955": null,
    "1956": null,
    "1957": null,
    "1958": null,
    "1959": null,
    "1960": null,
    "1961": null,
    "1962": null,
    "1963": null,
    "1964": null,
    "1965": null,
    "1966": null,
    "1967": null,
    "1968": null,
    "1969": null,
    "1970": null,
    "1971": null,
    "country": "Guinea",
    "": null,
    "Notes": 23
  },
  {
    "1949": null,
    "1950": null,
    "1951": null,
    "1952": null,
    "1953": null,
    "1954": null,
    "1955": null,
    "1956": null,
    "1957": null,
    "1958": null,
    "1959": null,
    "1960": null,
    "1961": null,
    "1962": null,
    "1963": null,
    "1964": null,
    "1965": null,
    "1966": null,
    "1967": null,
    "1968": null,
    "1969": null,
    "1970": null,
    "1971": null,
    "country": "Guinea-Bissau",
    "": null,
    "Notes": null
  },
  {
    "1949": null,
    "1950": null,
    "1951": null,
    "1952": null,
    "1953": null,
    "1954": null,
    "1955": null,
    "1956": null,
    "1957": null,
    "1958": null,
    "1959": null,
    "1960": 44,
    "1961": 14.8,
    "1962": 10.8,
    "1963": 29.7,
    "1964": 93.9,
    "1965": 152.6,
    "1966": 191.5,
    "1967": 230.7,
    "1968": 235.2,
    "1969": 226.8,
    "1970": 239.9,
    "1971": 299.8,
    "country": "Kenya",
    "": null,
    "Notes": null
  },
  {
    "1949": null,
    "1950": null,
    "1951": null,
    "1952": null,
    "1953": null,
    "1954": null,
    "1955": null,
    "1956": null,
    "1957": null,
    "1958": null,
    "1959": null,
    "1960": null,
    "1961": null,
    "1962": null,
    "1963": null,
    "1964": null,
    "1965": null,
    "1966": null,
    "1967": null,
    "1968": null,
    "1969": null,
    "1970": null,
    "1971": null,
    "country": "Lesotho",
    "": null,
    "Notes": null
  },
  {
    "1949": null,
    "1950": null,
    "1951": null,
    "1952": null,
    "1953": null,
    "1954": null,
    "1955": null,
    "1956": null,
    "1957": null,
    "1958": null,
    "1959": null,
    "1960": null,
    "1961": null,
    "1962": null,
    "1963": null,
    "1964": null,
    "1965": null,
    "1966": null,
    "1967": null,
    "1968": null,
    "1969": null,
    "1970": null,
    "1971": null,
    "country": "Liberia",
    "": null,
    "Notes": 25
  },
  {
    "1949": null,
    "1950": null,
    "1951": null,
    "1952": null,
    "1953": null,
    "1954": null,
    "1955": null,
    "1956": null,
    "1957": null,
    "1958": null,
    "1959": null,
    "1960": null,
    "1961": null,
    "1962": null,
    "1963": null,
    "1964": 44.7,
    "1965": 48.6,
    "1966": 49.9,
    "1967": 52.8,
    "1968": 56.4,
    "1969": 57,
    "1970": 55.2,
    "1971": 55,
    "country": "Madagascar",
    "": null,
    "Notes": null
  },
  {
    "1949": null,
    "1950": null,
    "1951": null,
    "1952": null,
    "1953": null,
    "1954": null,
    "1955": null,
    "1956": null,
    "1957": null,
    "1958": null,
    "1959": null,
    "1960": null,
    "1961": null,
    "1962": null,
    "1963": null,
    "1964": null,
    "1965": null,
    "1966": null,
    "1967": null,
    "1968": 8.8,
    "1969": 8.8,
    "1970": 8.7,
    "1971": 9.2,
    "country": "Malawi",
    "": null,
    "Notes": null
  },
  {
    "1949": null,
    "1950": null,
    "1951": null,
    "1952": null,
    "1953": null,
    "1954": null,
    "1955": null,
    "1956": null,
    "1957": null,
    "1958": null,
    "1959": null,
    "1960": null,
    "1961": null,
    "1962": null,
    "1963": null,
    "1964": null,
    "1965": 29.5,
    "1966": 26.9,
    "1967": 27.5,
    "1968": 28.6,
    "1969": 32.4,
    "1970": 37,
    "1971": 28.8,
    "country": "Mali",
    "": null,
    "Notes": null
  },
  {
    "1949": null,
    "1950": null,
    "1951": null,
    "1952": null,
    "1953": null,
    "1954": null,
    "1955": null,
    "1956": null,
    "1957": null,
    "1958": null,
    "1959": null,
    "1960": null,
    "1961": null,
    "1962": null,
    "1963": null,
    "1964": null,
    "1965": null,
    "1966": null,
    "1967": null,
    "1968": null,
    "1969": null,
    "1970": null,
    "1971": null,
    "country": "Mauritania",
    "": null,
    "Notes": null
  },
  {
    "1949": null,
    "1950": null,
    "1951": null,
    "1952": null,
    "1953": null,
    "1954": null,
    "1955": null,
    "1956": null,
    "1957": null,
    "1958": null,
    "1959": null,
    "1960": null,
    "1961": null,
    "1962": null,
    "1963": 1.8,
    "1964": 1.8,
    "1965": 1.8,
    "1966": 1.8,
    "1967": 1.7,
    "1968": 1.6,
    "1969": 2,
    "1970": 2.4,
    "1971": 2.7,
    "country": "Mauritius",
    "": null,
    "Notes": null
  },
  {
    "1949": null,
    "1950": null,
    "1951": null,
    "1952": null,
    "1953": null,
    "1954": null,
    "1955": null,
    "1956": null,
    "1957": null,
    "1958": null,
    "1959": null,
    "1960": null,
    "1961": null,
    "1962": null,
    "1963": null,
    "1964": null,
    "1965": null,
    "1966": null,
    "1967": null,
    "1968": null,
    "1969": null,
    "1970": null,
    "1971": null,
    "country": "Mozambique",
    "": null,
    "Notes": null
  },
  {
    "1949": null,
    "1950": null,
    "1951": null,
    "1952": null,
    "1953": null,
    "1954": null,
    "1955": null,
    "1956": null,
    "1957": null,
    "1958": null,
    "1959": null,
    "1960": null,
    "1961": null,
    "1962": null,
    "1963": null,
    "1964": null,
    "1965": null,
    "1966": null,
    "1967": null,
    "1968": null,
    "1969": null,
    "1970": null,
    "1971": null,
    "country": "Namibia",
    "": null,
    "Notes": null
  },
  {
    "1949": null,
    "1950": null,
    "1951": null,
    "1952": null,
    "1953": null,
    "1954": null,
    "1955": null,
    "1956": null,
    "1957": null,
    "1958": null,
    "1959": null,
    "1960": null,
    "1961": null,
    "1962": null,
    "1963": null,
    "1964": null,
    "1965": null,
    "1966": null,
    "1967": null,
    "1968": null,
    "1969": null,
    "1970": null,
    "1971": null,
    "country": "Niger",
    "": null,
    "Notes": null
  },
  {
    "1949": null,
    "1950": null,
    "1951": null,
    "1952": null,
    "1953": null,
    "1954": null,
    "1955": null,
    "1956": null,
    "1957": null,
    "1958": null,
    "1959": null,
    "1960": 208.9,
    "1961": 237.7,
    "1962": 308.6,
    "1963": 373.4,
    "1964": 442,
    "1965": 515.4,
    "1966": 397,
    "1967": 1776.1,
    "1968": 2744.6,
    "1969": 4621,
    "1970": 3930.9,
    "1971": 3264.1,
    "country": "Nigeria",
    "": null,
    "Notes": null
  },
  {
    "1949": null,
    "1950": null,
    "1951": null,
    "1952": null,
    "1953": null,
    "1954": null,
    "1955": null,
    "1956": null,
    "1957": null,
    "1958": null,
    "1959": null,
    "1960": null,
    "1961": null,
    "1962": null,
    "1963": null,
    "1964": null,
    "1965": null,
    "1966": null,
    "1967": null,
    "1968": null,
    "1969": null,
    "1970": null,
    "1971": null,
    "country": "Rwanda",
    "": null,
    "Notes": 29
  },
  {
    "1949": null,
    "1950": null,
    "1951": null,
    "1952": null,
    "1953": null,
    "1954": null,
    "1955": null,
    "1956": null,
    "1957": null,
    "1958": null,
    "1959": null,
    "1960": null,
    "1961": null,
    "1962": null,
    "1963": null,
    "1964": null,
    "1965": null,
    "1966": null,
    "1967": null,
    "1968": null,
    "1969": null,
    "1970": null,
    "1971": null,
    "country": "Senegal",
    "": null,
    "Notes": null
  },
  {
    "1949": null,
    "1950": null,
    "1951": null,
    "1952": null,
    "1953": null,
    "1954": null,
    "1955": null,
    "1956": null,
    "1957": null,
    "1958": null,
    "1959": null,
    "1960": null,
    "1961": null,
    "1962": null,
    "1963": null,
    "1964": null,
    "1965": null,
    "1966": null,
    "1967": null,
    "1968": null,
    "1969": null,
    "1970": null,
    "1971": null,
    "country": "Seychelles",
    "": null,
    "Notes": null
  },
  {
    "1949": null,
    "1950": null,
    "1951": null,
    "1952": null,
    "1953": null,
    "1954": null,
    "1955": null,
    "1956": null,
    "1957": null,
    "1958": null,
    "1959": 11.5,
    "1960": 9.9,
    "1961": 9.3,
    "1962": 9.7,
    "1963": 10.4,
    "1964": 10.2,
    "1965": 10.4,
    "1966": 10.1,
    "1967": 11,
    "1968": 11.6,
    "1969": 13.9,
    "1970": 15.6,
    "1971": 15,
    "country": "Sierra Leone",
    "": null,
    "Notes": 31
  },
  {
    "1949": null,
    "1950": null,
    "1951": null,
    "1952": null,
    "1953": null,
    "1954": null,
    "1955": null,
    "1956": null,
    "1957": null,
    "1958": null,
    "1959": null,
    "1960": null,
    "1961": null,
    "1962": null,
    "1963": null,
    "1964": null,
    "1965": null,
    "1966": null,
    "1967": null,
    "1968": null,
    "1969": null,
    "1970": null,
    "1971": null,
    "country": "Somalia",
    "": null,
    "Notes": 32
  },
  {
    "1949": null,
    "1950": null,
    "1951": 256,
    "1952": 270.5,
    "1953": 230.7,
    "1954": 216.7,
    "1955": 224.3,
    "1956": 252.2,
    "1957": 363.7,
    "1958": 273.3,
    "1959": 256.7,
    "1960": 292.9,
    "1961": 466.2,
    "1962": 753.7,
    "1963": 754.9,
    "1964": 1058,
    "1965": 1083.5,
    "1966": 1173.5,
    "1967": 1303.4,
    "1968": 1369.1,
    "1969": 1412.1,
    "1970": 1332.5,
    "1971": 1467.4,
    "country": "South Africa",
    "": null,
    "Notes": null
  },
  {
    "1949": null,
    "1950": null,
    "1951": null,
    "1952": null,
    "1953": null,
    "1954": null,
    "1955": null,
    "1956": null,
    "1957": null,
    "1958": null,
    "1959": null,
    "1960": null,
    "1961": null,
    "1962": null,
    "1963": null,
    "1964": null,
    "1965": null,
    "1966": null,
    "1967": null,
    "1968": null,
    "1969": null,
    "1970": null,
    "1971": null,
    "country": "South Sudan",
    "": null,
    "Notes": 33
  },
  {
    "1949": null,
    "1950": null,
    "1951": 194.6,
    "1952": 218.9,
    "1953": 250.2,
    "1954": 352.2,
    "1955": 320.2,
    "1956": 412.8,
    "1957": 596.1,
    "1958": 563.5,
    "1959": 653.4,
    "1960": 734.1,
    "1961": 741.5,
    "1962": 883.6,
    "1963": 956.2,
    "1964": 1368.6,
    "1965": 1888.8,
    "1966": 1657.4,
    "1967": 1550.9,
    "1968": 1903.8,
    "1969": 2548.6,
    "1970": 3048.3,
    "1971": 3057,
    "country": "Sudan",
    "": null,
    "Notes": null
  },
  {
    "1949": null,
    "1950": null,
    "1951": null,
    "1952": null,
    "1953": null,
    "1954": null,
    "1955": null,
    "1956": null,
    "1957": null,
    "1958": null,
    "1959": null,
    "1960": null,
    "1961": null,
    "1962": null,
    "1963": null,
    "1964": null,
    "1965": null,
    "1966": null,
    "1967": null,
    "1968": null,
    "1969": null,
    "1970": null,
    "1971": null,
    "country": "Eswatini",
    "": null,
    "Notes": null
  },
  {
    "1949": null,
    "1950": null,
    "1951": null,
    "1952": null,
    "1953": null,
    "1954": null,
    "1955": null,
    "1956": null,
    "1957": null,
    "1958": null,
    "1959": null,
    "1960": null,
    "1961": null,
    "1962": null,
    "1963": null,
    "1964": null,
    "1965": null,
    "1966": null,
    "1967": 77.9,
    "1968": 74.8,
    "1969": 79.5,
    "1970": 112.9,
    "1971": 155.3,
    "country": "Tanzania",
    "": null,
    "Notes": null
  },
  {
    "1949": null,
    "1950": null,
    "1951": null,
    "1952": null,
    "1953": null,
    "1954": null,
    "1955": null,
    "1956": null,
    "1957": null,
    "1958": null,
    "1959": null,
    "1960": null,
    "1961": null,
    "1962": null,
    "1963": 6.8,
    "1964": 19.9,
    "1965": 19.6,
    "1966": 16.7,
    "1967": 18.4,
    "1968": 19.5,
    "1969": 20.2,
    "1970": 21.8,
    "1971": 23.4,
    "country": "Togo",
    "": null,
    "Notes": null
  },
  {
    "1949": null,
    "1950": null,
    "1951": null,
    "1952": null,
    "1953": null,
    "1954": null,
    "1955": null,
    "1956": null,
    "1957": null,
    "1958": null,
    "1959": null,
    "1960": null,
    "1961": 2.2,
    "1962": 13.5,
    "1963": 48.7,
    "1964": 89,
    "1965": 155.1,
    "1966": 208.2,
    "1967": 237.6,
    "1968": 291,
    "1969": 298.6,
    "1970": 316.5,
    "1971": 541.2,
    "country": "Uganda",
    "": null,
    "Notes": null
  },
  {
    "1949": null,
    "1950": null,
    "1951": null,
    "1952": null,
    "1953": null,
    "1954": null,
    "1955": null,
    "1956": null,
    "1957": null,
    "1958": null,
    "1959": null,
    "1960": null,
    "1961": null,
    "1962": null,
    "1963": null,
    "1964": null,
    "1965": null,
    "1966": null,
    "1967": null,
    "1968": null,
    "1969": null,
    "1970": null,
    "1971": null,
    "country": "Zambia",
    "": null,
    "Notes": null
  },
  {
    "1949": null,
    "1950": null,
    "1951": null,
    "1952": null,
    "1953": null,
    "1954": null,
    "1955": null,
    "1956": null,
    "1957": null,
    "1958": null,
    "1959": null,
    "1960": null,
    "1961": null,
    "1962": null,
    "1963": null,
    "1964": null,
    "1965": null,
    "1966": null,
    "1967": null,
    "1968": null,
    "1969": null,
    "1970": null,
    "1971": null,
    "country": "Zimbabwe",
    "": null,
    "Notes": null
  },
  {
    "1949": null,
    "1950": null,
    "1951": null,
    "1952": null,
    "1953": null,
    "1954": null,
    "1955": null,
    "1956": null,
    "1957": null,
    "1958": null,
    "1959": null,
    "1960": null,
    "1961": null,
    "1962": null,
    "1963": null,
    "1964": null,
    "1965": null,
    "1966": null,
    "1967": null,
    "1968": null,
    "1969": null,
    "1970": null,
    "1971": null,
    "country": "Belize",
    "": null,
    "Notes": null
  },
  {
    "1949": null,
    "1950": null,
    "1951": null,
    "1952": null,
    "1953": null,
    "1954": null,
    "1955": null,
    "1956": null,
    "1957": null,
    "1958": null,
    "1959": null,
    "1960": null,
    "1961": null,
    "1962": null,
    "1963": null,
    "1964": null,
    "1965": null,
    "1966": null,
    "1967": null,
    "1968": null,
    "1969": null,
    "1970": null,
    "1971": null,
    "country": "Costa Rica",
    "": null,
    "Notes": 37
  },
  {
    "1949": null,
    "1950": null,
    "1951": null,
    "1952": null,
    "1953": null,
    "1954": null,
    "1955": null,
    "1956": null,
    "1957": null,
    "1958": null,
    "1959": null,
    "1960": null,
    "1961": null,
    "1962": null,
    "1963": null,
    "1964": null,
    "1965": null,
    "1966": null,
    "1967": null,
    "1968": null,
    "1969": null,
    "1970": null,
    "1971": null,
    "country": "Cuba",
    "": null,
    "Notes": null
  },
  {
    "1949": null,
    "1950": null,
    "1951": null,
    "1952": null,
    "1953": null,
    "1954": null,
    "1955": null,
    "1956": null,
    "1957": null,
    "1958": 253.5,
    "1959": null,
    "1960": 254,
    "1961": 250.5,
    "1962": 240.2,
    "1963": 227.1,
    "1964": 242.3,
    "1965": 233.6,
    "1966": 215.6,
    "1967": 205,
    "1968": 213.5,
    "1969": 201.8,
    "1970": 196.1,
    "1971": 193,
    "country": "Dominican Republic",
    "": null,
    "Notes": null
  },
  {
    "1949": null,
    "1950": null,
    "1951": null,
    "1952": null,
    "1953": 93,
    "1954": null,
    "1955": null,
    "1956": 94.6,
    "1957": 109.3,
    "1958": 102.4,
    "1959": 84.7,
    "1960": 83.1,
    "1961": 86.5,
    "1962": 120.9,
    "1963": 116.9,
    "1964": 107.7,
    "1965": 121.4,
    "1966": 124.9,
    "1967": 126.6,
    "1968": 120.6,
    "1969": 137,
    "1970": 126.7,
    "1971": 150.5,
    "country": "El Salvador",
    "": null,
    "Notes": 39
  },
  {
    "1949": null,
    "1950": null,
    "1951": null,
    "1952": null,
    "1953": null,
    "1954": null,
    "1955": 134.4,
    "1956": 142.8,
    "1957": 154.2,
    "1958": 151,
    "1959": 164.7,
    "1960": 153.5,
    "1961": 154.3,
    "1962": 149.6,
    "1963": 185.1,
    "1964": 162.7,
    "1965": 234.5,
    "1966": 239.4,
    "1967": 264.2,
    "1968": 249.7,
    "1969": 211,
    "1970": 378.3,
    "1971": 261.2,
    "country": "Guatemala",
    "": null,
    "Notes": null
  },
  {
    "1949": null,
    "1950": null,
    "1951": null,
    "1952": null,
    "1953": null,
    "1954": null,
    "1955": null,
    "1956": null,
    "1957": null,
    "1958": null,
    "1959": null,
    "1960": null,
    "1961": null,
    "1962": null,
    "1963": null,
    "1964": null,
    "1965": null,
    "1966": null,
    "1967": null,
    "1968": null,
    "1969": null,
    "1970": null,
    "1971": null,
    "country": "Haiti",
    "": null,
    "Notes": null
  },
  {
    "1949": null,
    "1950": null,
    "1951": 25,
    "1952": 25.3,
    "1953": 28.2,
    "1954": 26,
    "1955": 28.7,
    "1956": 31.6,
    "1957": 49.1,
    "1958": 53.1,
    "1959": 48,
    "1960": 38.5,
    "1961": 37,
    "1962": 36.6,
    "1963": 35.4,
    "1964": 52,
    "1965": 53.8,
    "1966": 55,
    "1967": 56.3,
    "1968": 57.3,
    "1969": 57.8,
    "1970": 77.3,
    "1971": 87,
    "country": "Honduras",
    "": null,
    "Notes": 41
  },
  {
    "1949": null,
    "1950": null,
    "1951": null,
    "1952": null,
    "1953": null,
    "1954": null,
    "1955": null,
    "1956": null,
    "1957": null,
    "1958": null,
    "1959": null,
    "1960": null,
    "1961": null,
    "1962": null,
    "1963": null,
    "1964": null,
    "1965": null,
    "1966": null,
    "1967": null,
    "1968": null,
    "1969": null,
    "1970": null,
    "1971": null,
    "country": "Jamaica",
    "": null,
    "Notes": null
  },
  {
    "1949": 502.1,
    "1950": 558.6,
    "1951": 566.1,
    "1952": 523.6,
    "1953": 593.8,
    "1954": 748.8,
    "1955": 708.9,
    "1956": 723.9,
    "1957": 786.1,
    "1958": 730.8,
    "1959": 715.5,
    "1960": 806.4,
    "1961": 816.3,
    "1962": 926.1,
    "1963": 1039.4,
    "1964": 1088.2,
    "1965": 1043.7,
    "1966": 1095.6,
    "1967": 1089.6,
    "1968": 1185.9,
    "1969": 1387.8,
    "1970": 1295.6,
    "1971": 1331.1,
    "country": "Mexico",
    "": null,
    "Notes": null
  },
  {
    "1949": null,
    "1950": null,
    "1951": null,
    "1952": null,
    "1953": null,
    "1954": null,
    "1955": null,
    "1956": null,
    "1957": null,
    "1958": null,
    "1959": null,
    "1960": null,
    "1961": null,
    "1962": null,
    "1963": null,
    "1964": null,
    "1965": null,
    "1966": null,
    "1967": null,
    "1968": null,
    "1969": null,
    "1970": null,
    "1971": null,
    "country": "Nicaragua",
    "": null,
    "Notes": 42
  },
  {
    "1949": null,
    "1950": null,
    "1951": null,
    "1952": null,
    "1953": null,
    "1954": null,
    "1955": null,
    "1956": null,
    "1957": null,
    "1958": null,
    "1959": null,
    "1960": null,
    "1961": null,
    "1962": null,
    "1963": null,
    "1964": null,
    "1965": null,
    "1966": null,
    "1967": null,
    "1968": null,
    "1969": null,
    "1970": null,
    "1971": null,
    "country": "Panama",
    "": null,
    "Notes": 43
  },
  {
    "1949": null,
    "1950": null,
    "1951": null,
    "1952": null,
    "1953": null,
    "1954": null,
    "1955": null,
    "1956": null,
    "1957": null,
    "1958": null,
    "1959": null,
    "1960": null,
    "1961": null,
    "1962": null,
    "1963": null,
    "1964": null,
    "1965": null,
    "1966": null,
    "1967": null,
    "1968": 82.9,
    "1969": 83.7,
    "1970": 96.2,
    "1971": 127.6,
    "country": "Trinidad and Tobago",
    "": null,
    "Notes": null
  },
  {
    "1949": null,
    "1950": 4324.4,
    "1951": 8763.2,
    "1952": 14084.4,
    "1953": 16161.9,
    "1954": 15035.7,
    "1955": 14889,
    "1956": 15195.1,
    "1957": 14511.4,
    "1958": 13516.4,
    "1959": 12645.9,
    "1960": 12366.1,
    "1961": 12622,
    "1962": 13109.7,
    "1963": 12523.1,
    "1964": 12665.7,
    "1965": 11737.4,
    "1966": 11592.8,
    "1967": 12325.5,
    "1968": 11973.1,
    "1969": 11276.2,
    "1970": 11298.1,
    "1971": 11676.7,
    "country": "Canada",
    "": null,
    "Notes": null
  },
  {
    "1949": 175907.1,
    "1950": 189049,
    "1951": 404493.1,
    "1952": 569793.1,
    "1953": 586649.4,
    "1954": 506170.9,
    "1955": 479135.9,
    "1956": 485404.9,
    "1957": 499255.4,
    "1958": 496293.6,
    "1959": 499769.7,
    "1960": 487469.3,
    "1961": 508088.3,
    "1962": 550543.8,
    "1963": 543046.5,
    "1964": 524941.3,
    "1965": 527240.4,
    "1966": 623402.9,
    "1967": 715710,
    "1968": 738695.6,
    "1969": 706246.2,
    "1970": 654512.9,
    "1971": 588882.6,
    "country": "United States of America",
    "": null,
    "Notes": 44
  },
  {
    "1949": 5415.6,
    "1950": 4292.8,
    "1951": 2909.9,
    "1952": 2963.5,
    "1953": 3864.1,
    "1954": 3681.8,
    "1955": 3717.7,
    "1956": 3479.9,
    "1957": 6176.2,
    "1958": 3325.8,
    "1959": 1871.8,
    "1960": 2803.4,
    "1961": 3413.3,
    "1962": 3306.4,
    "1963": 3370.9,
    "1964": 2832.4,
    "1965": 2731.9,
    "1966": 2825.8,
    "1967": 3145.8,
    "1968": 3802.7,
    "1969": 4643.4,
    "1970": 4457.2,
    "1971": 4600.1,
    "country": "Argentina",
    "": null,
    "Notes": 5
  },
  {
    "1949": null,
    "1950": null,
    "1951": null,
    "1952": null,
    "1953": 58.7,
    "1954": null,
    "1955": 40.1,
    "1956": 29.7,
    "1957": 34,
    "1958": null,
    "1959": null,
    "1960": null,
    "1961": 55.4,
    "1962": 55,
    "1963": 68.3,
    "1964": null,
    "1965": null,
    "1966": null,
    "1967": null,
    "1968": 86.9,
    "1969": 90,
    "1970": 118.6,
    "1971": 108.1,
    "country": "Bolivia",
    "": null,
    "Notes": 10
  },
  {
    "1949": null,
    "1950": null,
    "1951": null,
    "1952": null,
    "1953": 1702.3,
    "1954": null,
    "1955": null,
    "1956": null,
    "1957": 2567.8,
    "1958": 2569.9,
    "1959": 2039,
    "1960": 1871.4,
    "1961": 1745.7,
    "1962": 1858.3,
    "1963": 1823.8,
    "1964": 1702.6,
    "1965": 2854.6,
    "1966": 2582.2,
    "1967": 2484.2,
    "1968": 2577.6,
    "1969": 2716.3,
    "1970": 3230.7,
    "1971": 3219.6,
    "country": "Brazil",
    "": null,
    "Notes": null
  },
  {
    "1949": null,
    "1950": null,
    "1951": null,
    "1952": null,
    "1953": 220.6,
    "1954": 120.9,
    "1955": 170,
    "1956": 215.9,
    "1957": 217.3,
    "1958": 239.6,
    "1959": 182.9,
    "1960": 253.7,
    "1961": 299.3,
    "1962": 269.2,
    "1963": 267.9,
    "1964": 256,
    "1965": 305.1,
    "1966": 336.2,
    "1967": 366.4,
    "1968": 373.1,
    "1969": 370.6,
    "1970": 791.1,
    "1971": 1197.5,
    "country": "Chile",
    "": null,
    "Notes": 45
  },
  {
    "1949": null,
    "1950": null,
    "1951": null,
    "1952": null,
    "1953": null,
    "1954": null,
    "1955": null,
    "1956": null,
    "1957": null,
    "1958": 414.6,
    "1959": 340.5,
    "1960": 374.6,
    "1961": 447.5,
    "1962": 694.9,
    "1963": 793.8,
    "1964": 757.8,
    "1965": 799.1,
    "1966": 822.2,
    "1967": 843.7,
    "1968": 697.3,
    "1969": 646.1,
    "1970": 795.2,
    "1971": 1250.4,
    "country": "Colombia",
    "": null,
    "Notes": 46
  },
  {
    "1949": null,
    "1950": null,
    "1951": null,
    "1952": null,
    "1953": 806.4,
    "1954": null,
    "1955": null,
    "1956": null,
    "1957": 1274.7,
    "1958": 1223.5,
    "1959": 1070.8,
    "1960": 1436.8,
    "1961": 1379.8,
    "1962": 1314.2,
    "1963": 1159.6,
    "1964": 1349.1,
    "1965": 1510.8,
    "1966": 1397.3,
    "1967": 1486.1,
    "1968": 1649,
    "1969": 2101.9,
    "1970": 2146.8,
    "1971": 1915,
    "country": "Ecuador",
    "": null,
    "Notes": 47
  },
  {
    "1949": null,
    "1950": null,
    "1951": null,
    "1952": null,
    "1953": null,
    "1954": null,
    "1955": null,
    "1956": null,
    "1957": null,
    "1958": null,
    "1959": null,
    "1960": null,
    "1961": null,
    "1962": null,
    "1963": null,
    "1964": null,
    "1965": null,
    "1966": null,
    "1967": null,
    "1968": null,
    "1969": null,
    "1970": null,
    "1971": null,
    "country": "Guyana",
    "": null,
    "Notes": 48
  },
  {
    "1949": null,
    "1950": null,
    "1951": null,
    "1952": null,
    "1953": null,
    "1954": null,
    "1955": null,
    "1956": null,
    "1957": null,
    "1958": null,
    "1959": null,
    "1960": 51.3,
    "1961": 44.9,
    "1962": 51,
    "1963": 55.6,
    "1964": 58.5,
    "1965": 67,
    "1966": 75.8,
    "1967": 82.2,
    "1968": 90.8,
    "1969": 95.4,
    "1970": 104.1,
    "1971": 106.5,
    "country": "Paraguay",
    "": null,
    "Notes": 49
  },
  {
    "1949": 881.7,
    "1950": 957.5,
    "1951": 1104,
    "1952": 1052,
    "1953": 1086.5,
    "1954": 1110.1,
    "1955": 1239.9,
    "1956": 1403.2,
    "1957": 1364.3,
    "1958": 1373.2,
    "1959": 1343.1,
    "1960": 1403.6,
    "1961": 1671.3,
    "1962": 1650.7,
    "1963": 2281.8,
    "1964": 2572,
    "1965": 2435.6,
    "1966": 2445.2,
    "1967": 4225.5,
    "1968": 2105.9,
    "1969": 2258.4,
    "1970": 3637,
    "1971": 3861.7,
    "country": "Peru",
    "": null,
    "Notes": 50
  },
  {
    "1949": null,
    "1950": null,
    "1951": null,
    "1952": null,
    "1953": null,
    "1954": null,
    "1955": null,
    "1956": null,
    "1957": null,
    "1958": null,
    "1959": null,
    "1960": null,
    "1961": null,
    "1962": null,
    "1963": null,
    "1964": null,
    "1965": null,
    "1966": null,
    "1967": null,
    "1968": null,
    "1969": null,
    "1970": null,
    "1971": null,
    "country": "Uruguay",
    "": null,
    "Notes": null
  },
  {
    "1949": null,
    "1950": null,
    "1951": null,
    "1952": null,
    "1953": null,
    "1954": null,
    "1955": 0.2,
    "1956": 0.2,
    "1957": 0.3,
    "1958": 0.3,
    "1959": 0.3,
    "1960": 0.3,
    "1961": 0.1,
    "1962": 0.2,
    "1963": 0.3,
    "1964": 0.3,
    "1965": 0.3,
    "1966": 0.3,
    "1967": 0.4,
    "1968": 0.4,
    "1969": 0.4,
    "1970": 0.4,
    "1971": 0.5,
    "country": "Venezuela",
    "": null,
    "Notes": null
  },
  {
    "1949": null,
    "1950": 3111.1,
    "1951": 4468.6,
    "1952": 5707.2,
    "1953": 5744.5,
    "1954": 5152.2,
    "1955": 5232.3,
    "1956": 5070.8,
    "1957": 4867.5,
    "1958": 4822.7,
    "1959": 4850.2,
    "1960": 4771.8,
    "1961": 4768.2,
    "1962": 4969.2,
    "1963": 5587.7,
    "1964": 6469.9,
    "1965": 7472.2,
    "1966": 9093.6,
    "1967": 10697.6,
    "1968": 11497.8,
    "1969": 11114.9,
    "1970": 10391.8,
    "1971": 10098.3,
    "country": "Australia",
    "": null,
    "Notes": null
  },
  {
    "1949": null,
    "1950": null,
    "1951": null,
    "1952": null,
    "1953": null,
    "1954": null,
    "1955": null,
    "1956": null,
    "1957": null,
    "1958": null,
    "1959": null,
    "1960": null,
    "1961": null,
    "1962": null,
    "1963": null,
    "1964": null,
    "1965": null,
    "1966": null,
    "1967": null,
    "1968": null,
    "1969": 2.2,
    "1970": 2.6,
    "1971": 3,
    "country": "Fiji",
    "": null,
    "Notes": null
  },
  {
    "1949": null,
    "1950": null,
    "1951": null,
    "1952": null,
    "1953": null,
    "1954": null,
    "1955": null,
    "1956": 1208.6,
    "1957": 1165.6,
    "1958": 1151.5,
    "1959": 1183.6,
    "1960": 1213.7,
    "1961": 1140.3,
    "1962": 1112,
    "1963": 1133.3,
    "1964": 1351.5,
    "1965": 1345,
    "1966": 1527.6,
    "1967": 1482.2,
    "1968": 1567,
    "1969": 1626.9,
    "1970": 1776.3,
    "1971": 1670.7,
    "country": "New Zealand",
    "": null,
    "Notes": null
  },
  {
    "1949": null,
    "1950": null,
    "1951": null,
    "1952": null,
    "1953": null,
    "1954": null,
    "1955": null,
    "1956": null,
    "1957": null,
    "1958": null,
    "1959": null,
    "1960": null,
    "1961": null,
    "1962": null,
    "1963": null,
    "1964": null,
    "1965": null,
    "1966": null,
    "1967": null,
    "1968": null,
    "1969": null,
    "1970": null,
    "1971": null,
    "country": "Papua New Guinea",
    "": null,
    "Notes": null
  },
  {
    "1949": null,
    "1950": null,
    "1951": null,
    "1952": null,
    "1953": null,
    "1954": null,
    "1955": null,
    "1956": null,
    "1957": null,
    "1958": null,
    "1959": null,
    "1960": null,
    "1961": null,
    "1962": null,
    "1963": null,
    "1964": null,
    "1965": null,
    "1966": null,
    "1967": null,
    "1968": null,
    "1969": null,
    "1970": 68.8,
    "1971": null,
    "country": "Afghanistan",
    "": null,
    "Notes": 2
  },
  {
    "1949": null,
    "1950": null,
    "1951": null,
    "1952": null,
    "1953": null,
    "1954": null,
    "1955": null,
    "1956": null,
    "1957": null,
    "1958": null,
    "1959": null,
    "1960": null,
    "1961": null,
    "1962": null,
    "1963": null,
    "1964": null,
    "1965": null,
    "1966": null,
    "1967": null,
    "1968": null,
    "1969": null,
    "1970": null,
    "1971": null,
    "country": "Bangladesh",
    "": null,
    "Notes": 9
  },
  {
    "1949": null,
    "1950": null,
    "1951": null,
    "1952": null,
    "1953": null,
    "1954": null,
    "1955": null,
    "1956": 2941,
    "1957": 3517.2,
    "1958": 3523.2,
    "1959": 3252.8,
    "1960": 3284.1,
    "1961": 3542.9,
    "1962": 4869.7,
    "1963": 7971.9,
    "1964": 7781.7,
    "1965": 7606.4,
    "1966": 7162.5,
    "1967": 6692.1,
    "1968": 6930.3,
    "1969": 7344.7,
    "1970": 7573.5,
    "1971": 9030,
    "country": "India",
    "": null,
    "Notes": 59
  },
  {
    "1949": null,
    "1950": null,
    "1951": null,
    "1952": null,
    "1953": null,
    "1954": null,
    "1955": null,
    "1956": null,
    "1957": null,
    "1958": null,
    "1959": null,
    "1960": null,
    "1961": null,
    "1962": null,
    "1963": null,
    "1964": null,
    "1965": null,
    "1966": null,
    "1967": null,
    "1968": null,
    "1969": null,
    "1970": 21.8,
    "1971": 25.2,
    "country": "Nepal",
    "": null,
    "Notes": null
  },
  {
    "1949": null,
    "1950": null,
    "1951": null,
    "1952": null,
    "1953": null,
    "1954": null,
    "1955": null,
    "1956": 555.5,
    "1957": 461,
    "1958": 478.6,
    "1959": 564.2,
    "1960": 587.9,
    "1961": 581.9,
    "1962": 557.8,
    "1963": 602.8,
    "1964": 679.3,
    "1965": 1096.9,
    "1966": 1279,
    "1967": 1041.9,
    "1968": 1071.2,
    "1969": 1164.9,
    "1970": 1270.9,
    "1971": 1412.4,
    "country": "Pakistan",
    "": null,
    "Notes": 60
  },
  {
    "1949": null,
    "1950": null,
    "1951": 6.8,
    "1952": 8.9,
    "1953": 12.1,
    "1954": 19.3,
    "1955": 17.7,
    "1956": 21.1,
    "1957": 28.9,
    "1958": 40.7,
    "1959": 44.1,
    "1960": 44.5,
    "1961": 45.1,
    "1962": 41.2,
    "1963": 35.4,
    "1964": 34.4,
    "1965": 35.6,
    "1966": 37.6,
    "1967": 38.7,
    "1968": 40.7,
    "1969": 42,
    "1970": 52.7,
    "1971": 78.4,
    "country": "Sri Lanka",
    "": null,
    "Notes": 61
  },
  {
    "1949": null,
    "1950": null,
    "1951": null,
    "1952": null,
    "1953": null,
    "1954": null,
    "1955": null,
    "1956": null,
    "1957": null,
    "1958": null,
    "1959": null,
    "1960": null,
    "1961": null,
    "1962": null,
    "1963": null,
    "1964": null,
    "1965": null,
    "1966": null,
    "1967": null,
    "1968": null,
    "1969": null,
    "1970": null,
    "1971": null,
    "country": "China",
    "": null,
    "Notes": 55
  },
  {
    "1949": null,
    "1950": null,
    "1951": null,
    "1952": 6621.5,
    "1953": 6878.2,
    "1954": 7749,
    "1955": 8049.9,
    "1956": 7523.9,
    "1957": 7200.5,
    "1958": 7355.1,
    "1959": 7344.5,
    "1960": 7355.5,
    "1961": 7149.8,
    "1962": 7319.5,
    "1963": 7956.6,
    "1964": 8735.5,
    "1965": 9374.5,
    "1966": 10127.3,
    "1967": 10853.4,
    "1968": 11580.7,
    "1969": 12579,
    "1970": 13781.6,
    "1971": 15196.8,
    "country": "Japan",
    "": null,
    "Notes": 56
  },
  {
    "1949": null,
    "1950": null,
    "1951": null,
    "1952": null,
    "1953": null,
    "1954": null,
    "1955": null,
    "1956": null,
    "1957": null,
    "1958": null,
    "1959": null,
    "1960": null,
    "1961": null,
    "1962": null,
    "1963": null,
    "1964": null,
    "1965": null,
    "1966": null,
    "1967": null,
    "1968": null,
    "1969": null,
    "1970": null,
    "1971": null,
    "country": "Korea, North",
    "": null,
    "Notes": 57
  },
  {
    "1949": null,
    "1950": null,
    "1951": null,
    "1952": null,
    "1953": 189.2,
    "1954": 474.6,
    "1955": 526.1,
    "1956": 754,
    "1957": 648.1,
    "1958": 765.1,
    "1959": 811.8,
    "1960": 787.3,
    "1961": 820.8,
    "1962": 952.3,
    "1963": 787.2,
    "1964": 744.5,
    "1965": 782.2,
    "1966": 1412.6,
    "1967": 1570.5,
    "1968": 1850.3,
    "1969": 2133.2,
    "1970": 2205.4,
    "1971": 2592.1,
    "country": "Korea, South",
    "": null,
    "Notes": 58
  },
  {
    "1949": null,
    "1950": null,
    "1951": null,
    "1952": null,
    "1953": null,
    "1954": null,
    "1955": null,
    "1956": null,
    "1957": null,
    "1958": null,
    "1959": null,
    "1960": null,
    "1961": null,
    "1962": null,
    "1963": null,
    "1964": null,
    "1965": null,
    "1966": null,
    "1967": null,
    "1968": null,
    "1969": null,
    "1970": null,
    "1971": null,
    "country": "Mongolia",
    "": null,
    "Notes": null
  },
  {
    "1949": null,
    "1950": null,
    "1951": null,
    "1952": null,
    "1953": null,
    "1954": null,
    "1955": null,
    "1956": null,
    "1957": null,
    "1958": null,
    "1959": null,
    "1960": null,
    "1961": null,
    "1962": null,
    "1963": null,
    "1964": null,
    "1965": null,
    "1966": null,
    "1967": null,
    "1968": null,
    "1969": null,
    "1970": null,
    "1971": null,
    "country": "Taiwan",
    "": null,
    "Notes": null
  },
  {
    "1949": null,
    "1950": null,
    "1951": null,
    "1952": null,
    "1953": null,
    "1954": null,
    "1955": null,
    "1956": null,
    "1957": null,
    "1958": null,
    "1959": null,
    "1960": null,
    "1961": null,
    "1962": null,
    "1963": null,
    "1964": null,
    "1965": null,
    "1966": null,
    "1967": null,
    "1968": null,
    "1969": null,
    "1970": null,
    "1971": null,
    "country": "Brunei",
    "": null,
    "Notes": null
  },
  {
    "1949": null,
    "1950": null,
    "1951": null,
    "1952": null,
    "1953": null,
    "1954": null,
    "1955": null,
    "1956": null,
    "1957": null,
    "1958": null,
    "1959": null,
    "1960": null,
    "1961": null,
    "1962": null,
    "1963": null,
    "1964": null,
    "1965": null,
    "1966": null,
    "1967": null,
    "1968": null,
    "1969": null,
    "1970": null,
    "1971": null,
    "country": "Cambodia",
    "": null,
    "Notes": null
  },
  {
    "1949": null,
    "1950": null,
    "1951": null,
    "1952": null,
    "1953": null,
    "1954": null,
    "1955": null,
    "1956": null,
    "1957": null,
    "1958": null,
    "1959": null,
    "1960": null,
    "1961": null,
    "1962": null,
    "1963": null,
    "1964": null,
    "1965": null,
    "1966": null,
    "1967": null,
    "1968": null,
    "1969": null,
    "1970": null,
    "1971": null,
    "country": "Indonesia",
    "": null,
    "Notes": 62
  },
  {
    "1949": null,
    "1950": null,
    "1951": null,
    "1952": null,
    "1953": null,
    "1954": null,
    "1955": null,
    "1956": null,
    "1957": null,
    "1958": null,
    "1959": null,
    "1960": null,
    "1961": null,
    "1962": null,
    "1963": null,
    "1964": null,
    "1965": null,
    "1966": null,
    "1967": null,
    "1968": null,
    "1969": null,
    "1970": null,
    "1971": null,
    "country": "Laos",
    "": null,
    "Notes": null
  },
  {
    "1949": null,
    "1950": null,
    "1951": 143.7,
    "1952": 233.6,
    "1953": 314.1,
    "1954": 293,
    "1955": 262.9,
    "1956": 240.4,
    "1957": 249.6,
    "1958": 262.4,
    "1959": 228.7,
    "1960": 211.1,
    "1961": 175.1,
    "1962": 180.3,
    "1963": 242.7,
    "1964": 339.3,
    "1965": 476,
    "1966": 591,
    "1967": 545.2,
    "1968": 564.8,
    "1969": 549.6,
    "1970": 749.4,
    "1971": 840.1,
    "country": "Malaysia",
    "": null,
    "Notes": 63
  },
  {
    "1949": null,
    "1950": null,
    "1951": 158.5,
    "1952": 245.4,
    "1953": 349.5,
    "1954": 438.1,
    "1955": 385.4,
    "1956": 386.3,
    "1957": 396.1,
    "1958": 435.7,
    "1959": 472,
    "1960": 456.1,
    "1961": 436.9,
    "1962": 470.5,
    "1963": 534.7,
    "1964": 524.3,
    "1965": 487.9,
    "1966": 382.3,
    "1967": 366.9,
    "1968": 367.3,
    "1969": 420.1,
    "1970": 469.6,
    "1971": 478.9,
    "country": "Myanmar",
    "": null,
    "Notes": null
  },
  {
    "1949": null,
    "1950": null,
    "1951": null,
    "1952": null,
    "1953": null,
    "1954": null,
    "1955": null,
    "1956": null,
    "1957": null,
    "1958": 598.6,
    "1959": 618.3,
    "1960": 614.6,
    "1961": 630.4,
    "1962": 708.2,
    "1963": 799.5,
    "1964": 734,
    "1965": 711.8,
    "1966": 793.1,
    "1967": 881.8,
    "1968": 1023.5,
    "1969": 1234.8,
    "1970": 1339.1,
    "1971": 1250,
    "country": "Philippines",
    "": null,
    "Notes": 65
  },
  {
    "1949": null,
    "1950": null,
    "1951": null,
    "1952": null,
    "1953": null,
    "1954": null,
    "1955": null,
    "1956": null,
    "1957": null,
    "1958": null,
    "1959": null,
    "1960": null,
    "1961": null,
    "1962": null,
    "1963": null,
    "1964": null,
    "1965": null,
    "1966": null,
    "1967": null,
    "1968": null,
    "1969": null,
    "1970": 998.8,
    "1971": 1208.9,
    "country": "Singapore",
    "": null,
    "Notes": null
  },
  {
    "1949": null,
    "1950": null,
    "1951": null,
    "1952": null,
    "1953": null,
    "1954": null,
    "1955": null,
    "1956": null,
    "1957": 539.4,
    "1958": 478.4,
    "1959": 490.8,
    "1960": 457.3,
    "1961": 395.9,
    "1962": 517.5,
    "1963": 549.7,
    "1964": 564.5,
    "1965": 609,
    "1966": 655.3,
    "1967": 752.1,
    "1968": 904.4,
    "1969": 1055.5,
    "1970": 1241.1,
    "1971": 1493.4,
    "country": "Thailand",
    "": null,
    "Notes": null
  },
  {
    "1949": null,
    "1950": null,
    "1951": null,
    "1952": null,
    "1953": null,
    "1954": null,
    "1955": null,
    "1956": null,
    "1957": null,
    "1958": null,
    "1959": null,
    "1960": null,
    "1961": null,
    "1962": null,
    "1963": null,
    "1964": null,
    "1965": null,
    "1966": null,
    "1967": null,
    "1968": null,
    "1969": null,
    "1970": null,
    "1971": null,
    "country": "Timor Leste",
    "": null,
    "Notes": null
  },
  {
    "1949": null,
    "1950": null,
    "1951": null,
    "1952": null,
    "1953": null,
    "1954": null,
    "1955": null,
    "1956": null,
    "1957": null,
    "1958": null,
    "1959": null,
    "1960": null,
    "1961": null,
    "1962": null,
    "1963": null,
    "1964": null,
    "1965": null,
    "1966": null,
    "1967": null,
    "1968": null,
    "1969": null,
    "1970": null,
    "1971": null,
    "country": "Viet Nam",
    "": null,
    "Notes": null
  },
  {
    "1949": null,
    "1950": null,
    "1951": null,
    "1952": null,
    "1953": null,
    "1954": null,
    "1955": null,
    "1956": null,
    "1957": null,
    "1958": null,
    "1959": null,
    "1960": null,
    "1961": null,
    "1962": null,
    "1963": null,
    "1964": null,
    "1965": null,
    "1966": null,
    "1967": null,
    "1968": null,
    "1969": null,
    "1970": null,
    "1971": null,
    "country": "Kazakhstan",
    "": null,
    "Notes": null
  },
  {
    "1949": null,
    "1950": null,
    "1951": null,
    "1952": null,
    "1953": null,
    "1954": null,
    "1955": null,
    "1956": null,
    "1957": null,
    "1958": null,
    "1959": null,
    "1960": null,
    "1961": null,
    "1962": null,
    "1963": null,
    "1964": null,
    "1965": null,
    "1966": null,
    "1967": null,
    "1968": null,
    "1969": null,
    "1970": null,
    "1971": null,
    "country": "Kyrgyz Republic",
    "": null,
    "Notes": 52
  },
  {
    "1949": null,
    "1950": null,
    "1951": null,
    "1952": null,
    "1953": null,
    "1954": null,
    "1955": null,
    "1956": null,
    "1957": null,
    "1958": null,
    "1959": null,
    "1960": null,
    "1961": null,
    "1962": null,
    "1963": null,
    "1964": null,
    "1965": null,
    "1966": null,
    "1967": null,
    "1968": null,
    "1969": null,
    "1970": null,
    "1971": null,
    "country": "Tajikistan",
    "": null,
    "Notes": null
  },
  {
    "1949": null,
    "1950": null,
    "1951": null,
    "1952": null,
    "1953": null,
    "1954": null,
    "1955": null,
    "1956": null,
    "1957": null,
    "1958": null,
    "1959": null,
    "1960": null,
    "1961": null,
    "1962": null,
    "1963": null,
    "1964": null,
    "1965": null,
    "1966": null,
    "1967": null,
    "1968": null,
    "1969": null,
    "1970": null,
    "1971": null,
    "country": "Turkmenistan",
    "": null,
    "Notes": null
  },
  {
    "1949": null,
    "1950": null,
    "1951": null,
    "1952": null,
    "1953": null,
    "1954": null,
    "1955": null,
    "1956": null,
    "1957": null,
    "1958": null,
    "1959": null,
    "1960": null,
    "1961": null,
    "1962": null,
    "1963": null,
    "1964": null,
    "1965": null,
    "1966": null,
    "1967": null,
    "1968": null,
    "1969": null,
    "1970": null,
    "1971": null,
    "country": "Uzbekistan",
    "": null,
    "Notes": null
  },
  {
    "1949": null,
    "1950": null,
    "1951": null,
    "1952": null,
    "1953": null,
    "1954": null,
    "1955": null,
    "1956": null,
    "1957": null,
    "1958": null,
    "1959": null,
    "1960": null,
    "1961": null,
    "1962": null,
    "1963": null,
    "1964": null,
    "1965": null,
    "1966": null,
    "1967": null,
    "1968": null,
    "1969": null,
    "1970": null,
    "1971": null,
    "country": "Albania",
    "": null,
    "Notes": null
  },
  {
    "1949": null,
    "1950": null,
    "1951": null,
    "1952": null,
    "1953": null,
    "1954": null,
    "1955": null,
    "1956": null,
    "1957": null,
    "1958": null,
    "1959": null,
    "1960": null,
    "1961": null,
    "1962": null,
    "1963": null,
    "1964": null,
    "1965": null,
    "1966": null,
    "1967": null,
    "1968": null,
    "1969": null,
    "1970": null,
    "1971": null,
    "country": "Bosnia and Herzegovina",
    "": null,
    "Notes": null
  },
  {
    "1949": null,
    "1950": null,
    "1951": null,
    "1952": null,
    "1953": null,
    "1954": null,
    "1955": null,
    "1956": null,
    "1957": null,
    "1958": null,
    "1959": null,
    "1960": null,
    "1961": null,
    "1962": null,
    "1963": null,
    "1964": null,
    "1965": null,
    "1966": null,
    "1967": null,
    "1968": null,
    "1969": null,
    "1970": null,
    "1971": null,
    "country": "Bulgaria",
    "": null,
    "Notes": null
  },
  {
    "1949": null,
    "1950": null,
    "1951": null,
    "1952": null,
    "1953": null,
    "1954": null,
    "1955": null,
    "1956": null,
    "1957": null,
    "1958": null,
    "1959": null,
    "1960": null,
    "1961": null,
    "1962": null,
    "1963": null,
    "1964": null,
    "1965": null,
    "1966": null,
    "1967": null,
    "1968": null,
    "1969": null,
    "1970": null,
    "1971": null,
    "country": "Croatia",
    "": null,
    "Notes": 70
  },
  {
    "1949": null,
    "1950": null,
    "1951": null,
    "1952": null,
    "1953": null,
    "1954": null,
    "1955": null,
    "1956": null,
    "1957": null,
    "1958": null,
    "1959": null,
    "1960": null,
    "1961": null,
    "1962": null,
    "1963": null,
    "1964": null,
    "1965": null,
    "1966": null,
    "1967": null,
    "1968": null,
    "1969": null,
    "1970": null,
    "1971": null,
    "country": "Czechia",
    "": null,
    "Notes": 71
  },
  {
    "1949": null,
    "1950": null,
    "1951": null,
    "1952": null,
    "1953": null,
    "1954": null,
    "1955": null,
    "1956": 3689.4,
    "1957": 3851.3,
    "1958": 3681.8,
    "1959": 3733.8,
    "1960": 4104.4,
    "1961": 4738.4,
    "1962": 4863.2,
    "1963": 4620.6,
    "1964": 4368.6,
    "1965": 4347,
    "1966": 4668.2,
    "1967": 5206.1,
    "1968": 5471.2,
    "1969": 5698.6,
    "1970": 5810.1,
    "1971": 6225,
    "country": "Czechoslovakia",
    "": null,
    "Notes": 72
  },
  {
    "1949": null,
    "1950": null,
    "1951": null,
    "1952": null,
    "1953": null,
    "1954": null,
    "1955": null,
    "1956": null,
    "1957": null,
    "1958": null,
    "1959": null,
    "1960": null,
    "1961": null,
    "1962": null,
    "1963": null,
    "1964": null,
    "1965": null,
    "1966": null,
    "1967": null,
    "1968": null,
    "1969": null,
    "1970": null,
    "1971": null,
    "country": "Estonia",
    "": null,
    "Notes": null
  },
  {
    "1949": null,
    "1950": null,
    "1951": null,
    "1952": null,
    "1953": null,
    "1954": null,
    "1955": null,
    "1956": null,
    "1957": null,
    "1958": null,
    "1959": null,
    "1960": 666.9,
    "1961": 666.3,
    "1962": 1767.8,
    "1963": 1821.4,
    "1964": 1880.3,
    "1965": 1998.9,
    "1966": 2054.4,
    "1967": 2339,
    "1968": 3112.1,
    "1969": 3397.1,
    "1970": 3742.4,
    "1971": 4005.5,
    "country": "German Democratic Republic",
    "": null,
    "Notes": 74
  },
  {
    "1949": null,
    "1950": null,
    "1951": null,
    "1952": null,
    "1953": null,
    "1954": null,
    "1955": null,
    "1956": null,
    "1957": null,
    "1958": null,
    "1959": null,
    "1960": null,
    "1961": null,
    "1962": null,
    "1963": null,
    "1964": null,
    "1965": null,
    "1966": null,
    "1967": null,
    "1968": null,
    "1969": null,
    "1970": null,
    "1971": null,
    "country": "Hungary",
    "": null,
    "Notes": null
  },
  {
    "1949": null,
    "1950": null,
    "1951": null,
    "1952": null,
    "1953": null,
    "1954": null,
    "1955": null,
    "1956": null,
    "1957": null,
    "1958": null,
    "1959": null,
    "1960": null,
    "1961": null,
    "1962": null,
    "1963": null,
    "1964": null,
    "1965": null,
    "1966": null,
    "1967": null,
    "1968": null,
    "1969": null,
    "1970": null,
    "1971": null,
    "country": "Kosovo",
    "": null,
    "Notes": null
  },
  {
    "1949": null,
    "1950": null,
    "1951": null,
    "1952": null,
    "1953": null,
    "1954": null,
    "1955": null,
    "1956": null,
    "1957": null,
    "1958": null,
    "1959": null,
    "1960": null,
    "1961": null,
    "1962": null,
    "1963": null,
    "1964": null,
    "1965": null,
    "1966": null,
    "1967": null,
    "1968": null,
    "1969": null,
    "1970": null,
    "1971": null,
    "country": "Latvia",
    "": null,
    "Notes": null
  },
  {
    "1949": null,
    "1950": null,
    "1951": null,
    "1952": null,
    "1953": null,
    "1954": null,
    "1955": null,
    "1956": null,
    "1957": null,
    "1958": null,
    "1959": null,
    "1960": null,
    "1961": null,
    "1962": null,
    "1963": null,
    "1964": null,
    "1965": null,
    "1966": null,
    "1967": null,
    "1968": null,
    "1969": null,
    "1970": null,
    "1971": null,
    "country": "Lithuania",
    "": null,
    "Notes": null
  },
  {
    "1949": null,
    "1950": null,
    "1951": null,
    "1952": null,
    "1953": null,
    "1954": null,
    "1955": null,
    "1956": null,
    "1957": null,
    "1958": null,
    "1959": null,
    "1960": null,
    "1961": null,
    "1962": null,
    "1963": null,
    "1964": null,
    "1965": null,
    "1966": null,
    "1967": null,
    "1968": null,
    "1969": null,
    "1970": null,
    "1971": null,
    "country": "North Macedonia",
    "": null,
    "Notes": null
  },
  {
    "1949": null,
    "1950": null,
    "1951": null,
    "1952": null,
    "1953": null,
    "1954": null,
    "1955": null,
    "1956": null,
    "1957": null,
    "1958": null,
    "1959": null,
    "1960": null,
    "1961": null,
    "1962": null,
    "1963": null,
    "1964": null,
    "1965": null,
    "1966": null,
    "1967": null,
    "1968": null,
    "1969": null,
    "1970": null,
    "1971": null,
    "country": "Montenegro",
    "": null,
    "Notes": 76
  },
  {
    "1949": null,
    "1950": null,
    "1951": null,
    "1952": null,
    "1953": null,
    "1954": null,
    "1955": null,
    "1956": null,
    "1957": null,
    "1958": null,
    "1959": null,
    "1960": null,
    "1961": null,
    "1962": null,
    "1963": null,
    "1964": null,
    "1965": null,
    "1966": null,
    "1967": null,
    "1968": null,
    "1969": null,
    "1970": 5936.6,
    "1971": 6336.9,
    "country": "Poland",
    "": null,
    "Notes": 78
  },
  {
    "1949": null,
    "1950": null,
    "1951": null,
    "1952": null,
    "1953": null,
    "1954": null,
    "1955": null,
    "1956": null,
    "1957": null,
    "1958": null,
    "1959": null,
    "1960": null,
    "1961": null,
    "1962": null,
    "1963": null,
    "1964": null,
    "1965": null,
    "1966": null,
    "1967": null,
    "1968": null,
    "1969": null,
    "1970": null,
    "1971": null,
    "country": "Romania",
    "": null,
    "Notes": null
  },
  {
    "1949": null,
    "1950": null,
    "1951": null,
    "1952": null,
    "1953": null,
    "1954": null,
    "1955": null,
    "1956": null,
    "1957": null,
    "1958": null,
    "1959": null,
    "1960": null,
    "1961": null,
    "1962": null,
    "1963": null,
    "1964": null,
    "1965": null,
    "1966": null,
    "1967": null,
    "1968": null,
    "1969": null,
    "1970": null,
    "1971": null,
    "country": "Serbia",
    "": null,
    "Notes": 79
  },
  {
    "1949": null,
    "1950": null,
    "1951": null,
    "1952": null,
    "1953": null,
    "1954": null,
    "1955": null,
    "1956": null,
    "1957": null,
    "1958": null,
    "1959": null,
    "1960": null,
    "1961": null,
    "1962": null,
    "1963": null,
    "1964": null,
    "1965": null,
    "1966": null,
    "1967": null,
    "1968": null,
    "1969": null,
    "1970": null,
    "1971": null,
    "country": "Slovakia",
    "": null,
    "Notes": null
  },
  {
    "1949": null,
    "1950": null,
    "1951": null,
    "1952": null,
    "1953": null,
    "1954": null,
    "1955": null,
    "1956": null,
    "1957": null,
    "1958": null,
    "1959": null,
    "1960": null,
    "1961": null,
    "1962": null,
    "1963": null,
    "1964": null,
    "1965": null,
    "1966": null,
    "1967": null,
    "1968": null,
    "1969": null,
    "1970": null,
    "1971": null,
    "country": "Slovenia",
    "": null,
    "Notes": null
  },
  {
    "1949": null,
    "1950": null,
    "1951": null,
    "1952": null,
    "1953": null,
    "1954": null,
    "1955": null,
    "1956": null,
    "1957": null,
    "1958": null,
    "1959": null,
    "1960": null,
    "1961": null,
    "1962": null,
    "1963": null,
    "1964": null,
    "1965": null,
    "1966": null,
    "1967": null,
    "1968": null,
    "1969": null,
    "1970": null,
    "1971": null,
    "country": "Yugoslavia",
    "": null,
    "Notes": 80
  },
  {
    "1949": null,
    "1950": null,
    "1951": null,
    "1952": null,
    "1953": null,
    "1954": null,
    "1955": null,
    "1956": null,
    "1957": null,
    "1958": null,
    "1959": null,
    "1960": null,
    "1961": null,
    "1962": null,
    "1963": null,
    "1964": null,
    "1965": null,
    "1966": null,
    "1967": null,
    "1968": null,
    "1969": null,
    "1970": null,
    "1971": null,
    "country": "Armenia",
    "": null,
    "Notes": null
  },
  {
    "1949": null,
    "1950": null,
    "1951": null,
    "1952": null,
    "1953": null,
    "1954": null,
    "1955": null,
    "1956": null,
    "1957": null,
    "1958": null,
    "1959": null,
    "1960": null,
    "1961": null,
    "1962": null,
    "1963": null,
    "1964": null,
    "1965": null,
    "1966": null,
    "1967": null,
    "1968": null,
    "1969": null,
    "1970": null,
    "1971": null,
    "country": "Azerbaijan",
    "": null,
    "Notes": null
  },
  {
    "1949": null,
    "1950": null,
    "1951": null,
    "1952": null,
    "1953": null,
    "1954": null,
    "1955": null,
    "1956": null,
    "1957": null,
    "1958": null,
    "1959": null,
    "1960": null,
    "1961": null,
    "1962": null,
    "1963": null,
    "1964": null,
    "1965": null,
    "1966": null,
    "1967": null,
    "1968": null,
    "1969": null,
    "1970": null,
    "1971": null,
    "country": "Belarus",
    "": null,
    "Notes": null
  },
  {
    "1949": null,
    "1950": null,
    "1951": null,
    "1952": null,
    "1953": null,
    "1954": null,
    "1955": null,
    "1956": null,
    "1957": null,
    "1958": null,
    "1959": null,
    "1960": null,
    "1961": null,
    "1962": null,
    "1963": null,
    "1964": null,
    "1965": null,
    "1966": null,
    "1967": null,
    "1968": null,
    "1969": null,
    "1970": null,
    "1971": null,
    "country": "Georgia",
    "": null,
    "Notes": null
  },
  {
    "1949": null,
    "1950": null,
    "1951": null,
    "1952": null,
    "1953": null,
    "1954": null,
    "1955": null,
    "1956": null,
    "1957": null,
    "1958": null,
    "1959": null,
    "1960": null,
    "1961": null,
    "1962": null,
    "1963": null,
    "1964": null,
    "1965": null,
    "1966": null,
    "1967": null,
    "1968": null,
    "1969": null,
    "1970": null,
    "1971": null,
    "country": "Moldova",
    "": null,
    "Notes": null
  },
  {
    "1949": null,
    "1950": null,
    "1951": null,
    "1952": null,
    "1953": null,
    "1954": null,
    "1955": null,
    "1956": null,
    "1957": null,
    "1958": null,
    "1959": null,
    "1960": null,
    "1961": null,
    "1962": null,
    "1963": null,
    "1964": null,
    "1965": null,
    "1966": null,
    "1967": null,
    "1968": null,
    "1969": null,
    "1970": null,
    "1971": null,
    "country": "Russia",
    "": null,
    "Notes": 83
  },
  {
    "1949": null,
    "1950": null,
    "1951": null,
    "1952": null,
    "1953": null,
    "1954": null,
    "1955": null,
    "1956": null,
    "1957": null,
    "1958": null,
    "1959": null,
    "1960": null,
    "1961": null,
    "1962": null,
    "1963": null,
    "1964": null,
    "1965": null,
    "1966": null,
    "1967": null,
    "1968": null,
    "1969": null,
    "1970": null,
    "1971": null,
    "country": "Ukraine",
    "": null,
    "Notes": 84
  },
  {
    "1949": null,
    "1950": null,
    "1951": null,
    "1952": null,
    "1953": null,
    "1954": null,
    "1955": null,
    "1956": null,
    "1957": null,
    "1958": null,
    "1959": null,
    "1960": null,
    "1961": null,
    "1962": null,
    "1963": null,
    "1964": null,
    "1965": null,
    "1966": null,
    "1967": null,
    "1968": null,
    "1969": null,
    "1970": null,
    "1971": null,
    "country": "USSR",
    "": null,
    "Notes": null
  },
  {
    "1949": null,
    "1950": null,
    "1951": null,
    "1952": null,
    "1953": null,
    "1954": null,
    "1955": null,
    "1956": null,
    "1957": 1432.2,
    "1958": 1629.9,
    "1959": 1612.6,
    "1960": 1511.9,
    "1961": 1451.7,
    "1962": 1528.2,
    "1963": 1873.7,
    "1964": 2357.2,
    "1965": 1950.3,
    "1966": 2240.3,
    "1967": 2270.3,
    "1968": 2275.1,
    "1969": 2341.9,
    "1970": 2317.5,
    "1971": 2231,
    "country": "Austria",
    "": null,
    "Notes": null
  },
  {
    "1949": 2354.7,
    "1950": 2375.3,
    "1951": 3515.2,
    "1952": 5194.8,
    "1953": 5171.7,
    "1954": 5335.2,
    "1955": 4418.9,
    "1956": 4296.6,
    "1957": 4480.1,
    "1958": 4412.6,
    "1959": 4448.2,
    "1960": 4547.2,
    "1961": 4597,
    "1962": 4892.5,
    "1963": 5043.2,
    "1964": 5412.3,
    "1965": 5239.5,
    "1966": 5658.9,
    "1967": 5933.4,
    "1968": 6142.8,
    "1969": 6183.9,
    "1970": 6591.6,
    "1971": 6869.4,
    "country": "Belgium",
    "": null,
    "Notes": null
  },
  {
    "1949": null,
    "1950": null,
    "1951": null,
    "1952": null,
    "1953": null,
    "1954": null,
    "1955": null,
    "1956": null,
    "1957": null,
    "1958": null,
    "1959": null,
    "1960": null,
    "1961": null,
    "1962": null,
    "1963": null,
    "1964": null,
    "1965": null,
    "1966": null,
    "1967": null,
    "1968": null,
    "1969": null,
    "1970": null,
    "1971": null,
    "country": "Cyprus",
    "": null,
    "Notes": null
  },
  {
    "1949": 1164.5,
    "1950": 1094,
    "1951": 1309.7,
    "1952": 1795.4,
    "1953": 2339.7,
    "1954": 2329.2,
    "1955": 2296.1,
    "1956": 2203.1,
    "1957": 2318.3,
    "1958": 2246.9,
    "1959": 2204.3,
    "1960": 2457.3,
    "1961": 2518.3,
    "1962": 3082.7,
    "1963": 3092.6,
    "1964": 3205.2,
    "1965": 3401.4,
    "1966": 3347.5,
    "1967": 3344.9,
    "1968": 3569.7,
    "1969": 3514.6,
    "1970": 3708.4,
    "1971": 3771.9,
    "country": "Denmark",
    "": null,
    "Notes": null
  },
  {
    "1949": null,
    "1950": null,
    "1951": null,
    "1952": null,
    "1953": null,
    "1954": null,
    "1955": null,
    "1956": null,
    "1957": null,
    "1958": 694.3,
    "1959": 816.2,
    "1960": 858.2,
    "1961": 991.7,
    "1962": 1391.4,
    "1963": 1104.9,
    "1964": 1089.4,
    "1965": 1111.2,
    "1966": 1093,
    "1967": 1069.9,
    "1968": 1220.5,
    "1969": 1116.4,
    "1970": 1184.3,
    "1971": 1287.3,
    "country": "Finland",
    "": null,
    "Notes": 85
  },
  {
    "1949": 14723.2,
    "1950": 15919.2,
    "1951": 21321.8,
    "1952": 27085.2,
    "1953": 30166.8,
    "1954": 25714.6,
    "1955": 23963.1,
    "1956": 30627.8,
    "1957": 32785.5,
    "1958": 30199.6,
    "1959": 30882.5,
    "1960": 31699.4,
    "1961": 32944.1,
    "1962": 34047,
    "1963": 33417.3,
    "1964": 34399.6,
    "1965": 34897,
    "1966": 35948.4,
    "1967": 37814,
    "1968": 37858.8,
    "1969": 36212.5,
    "1970": 36414.6,
    "1971": 36913.2,
    "country": "France",
    "": null,
    "Notes": 101
  },
  {
    "1949": null,
    "1950": null,
    "1951": null,
    "1952": null,
    "1953": 19110.2,
    "1954": 19348.1,
    "1955": 22356.2,
    "1956": 21291.5,
    "1957": 25912.4,
    "1958": 19411,
    "1959": 31099.5,
    "1960": 33484.7,
    "1961": 35603.1,
    "1962": 45265.9,
    "1963": 50817.2,
    "1964": 48728,
    "1965": 48075.8,
    "1966": 47187.5,
    "1967": 49087.1,
    "1968": 43567.3,
    "1969": 47786.6,
    "1970": 48330.5,
    "1971": 51779.2,
    "country": "Germany",
    "": null,
    "Notes": null
  },
  {
    "1949": 858.5,
    "1950": 962.4,
    "1951": 1134.2,
    "1952": 1095.4,
    "1953": 1047.3,
    "1954": 1127.7,
    "1955": 1147.1,
    "1956": 1481.4,
    "1957": 1543.4,
    "1958": 1519.9,
    "1959": 1573.6,
    "1960": 1671.6,
    "1961": 1617,
    "1962": 1644.3,
    "1963": 1685.9,
    "1964": 1752.3,
    "1965": 1895.4,
    "1966": 2057.3,
    "1967": 2649,
    "1968": 3093.6,
    "1969": 3501.8,
    "1970": 3777.9,
    "1971": 3993.3,
    "country": "Greece",
    "": null,
    "Notes": null
  },
  {
    "1949": null,
    "1950": null,
    "1951": null,
    "1952": null,
    "1953": null,
    "1954": null,
    "1955": null,
    "1956": null,
    "1957": null,
    "1958": null,
    "1959": null,
    "1960": null,
    "1961": null,
    "1962": null,
    "1963": null,
    "1964": null,
    "1965": null,
    "1966": null,
    "1967": null,
    "1968": null,
    "1969": null,
    "1970": null,
    "1971": null,
    "country": "Iceland",
    "": null,
    "Notes": 86
  },
  {
    "1949": null,
    "1950": null,
    "1951": null,
    "1952": null,
    "1953": null,
    "1954": null,
    "1955": null,
    "1956": null,
    "1957": null,
    "1958": 278.6,
    "1959": 291.9,
    "1960": 310.5,
    "1961": 322.8,
    "1962": 327.6,
    "1963": 331.2,
    "1964": 370.4,
    "1965": 382.5,
    "1966": 363.8,
    "1967": 370.4,
    "1968": 380.9,
    "1969": 397.5,
    "1970": 449.9,
    "1971": 507,
    "country": "Ireland",
    "": null,
    "Notes": null
  },
  {
    "1949": 6269.6,
    "1950": 7401.4,
    "1951": 8384.6,
    "1952": 9384.2,
    "1953": 8524.8,
    "1954": 9350.2,
    "1955": 9211.1,
    "1956": 9482.4,
    "1957": 9782.9,
    "1958": 10072.6,
    "1959": 10385.5,
    "1960": 10906,
    "1961": 11201.1,
    "1962": 12388.7,
    "1963": 13787.6,
    "1964": 14119.6,
    "1965": 14654.3,
    "1966": 15725.8,
    "1967": 15447.7,
    "1968": 15634.6,
    "1969": 15431.2,
    "1970": 16288.2,
    "1971": 18305.2,
    "country": "Italy",
    "": null,
    "Notes": 87
  },
  {
    "1949": 25.6,
    "1950": 37.3,
    "1951": 53.6,
    "1952": 87,
    "1953": 97.6,
    "1954": 111.9,
    "1955": 121.7,
    "1956": 77.9,
    "1957": 82.7,
    "1958": 80.3,
    "1959": 75,
    "1960": 48.8,
    "1961": 53.6,
    "1962": 65,
    "1963": 62,
    "1964": 79.9,
    "1965": 79.4,
    "1966": 80.1,
    "1967": 65,
    "1968": 57.6,
    "1969": 58.8,
    "1970": 59.8,
    "1971": 60.7,
    "country": "Luxembourg",
    "": null,
    "Notes": 88
  },
  {
    "1949": null,
    "1950": null,
    "1951": null,
    "1952": null,
    "1953": null,
    "1954": null,
    "1955": null,
    "1956": null,
    "1957": null,
    "1958": null,
    "1959": null,
    "1960": null,
    "1961": null,
    "1962": null,
    "1963": null,
    "1964": null,
    "1965": null,
    "1966": null,
    "1967": null,
    "1968": null,
    "1969": null,
    "1970": null,
    "1971": null,
    "country": "Malta",
    "": null,
    "Notes": null
  },
  {
    "1949": 4110.5,
    "1950": 4996.7,
    "1951": 5251.5,
    "1952": 6207.8,
    "1953": 6588.9,
    "1954": 7540.6,
    "1955": 7940.8,
    "1956": 8504.9,
    "1957": 7977,
    "1958": 7007.6,
    "1959": 6300.6,
    "1960": 7070,
    "1961": 8130.5,
    "1962": 8631.5,
    "1963": 8815.7,
    "1964": 9614.5,
    "1965": 9268.5,
    "1966": 9002.4,
    "1967": 9977.1,
    "1968": 9862,
    "1969": 10309.1,
    "1970": 10556.1,
    "1971": 11039.7,
    "country": "Netherlands",
    "": null,
    "Notes": null
  },
  {
    "1949": 938.2,
    "1950": 823.7,
    "1951": 1139.3,
    "1952": 1519.9,
    "1953": 1912.7,
    "1954": 1958.3,
    "1955": 1620.9,
    "1956": 1583.6,
    "1957": 1672.1,
    "1958": 1556.3,
    "1959": 1646.8,
    "1960": 1567.7,
    "1961": 1705.2,
    "1962": 1883.7,
    "1963": 1962.1,
    "1964": 1989.7,
    "1965": 2305.9,
    "1966": 2292.1,
    "1967": 2363.9,
    "1968": 2505.7,
    "1969": 2644.7,
    "1970": 2652,
    "1971": 2718.9,
    "country": "Norway",
    "": null,
    "Notes": null
  },
  {
    "1949": 633.5,
    "1950": 681.6,
    "1951": 708,
    "1952": 773.3,
    "1953": 895,
    "1954": 940.9,
    "1955": 1006.5,
    "1956": 999.2,
    "1957": 1026.3,
    "1958": 1049.4,
    "1959": 1178,
    "1960": 1225.5,
    "1961": 1964.7,
    "1962": 2233.4,
    "1963": 2181.5,
    "1964": 2378,
    "1965": 2379.4,
    "1966": 2507.1,
    "1967": 3077,
    "1968": 3239.3,
    "1969": 3040.6,
    "1970": 3383.4,
    "1971": 3689.9,
    "country": "Portugal",
    "": null,
    "Notes": null
  },
  {
    "1949": 3074.3,
    "1950": 2882.1,
    "1951": 2727.5,
    "1952": 3456.9,
    "1953": 3389.6,
    "1954": 3406.4,
    "1955": 3685.4,
    "1956": 3910.8,
    "1957": 4092.3,
    "1958": 3590.5,
    "1959": 3421.3,
    "1960": 4106.7,
    "1961": 4138.5,
    "1962": 5054.4,
    "1963": 4761.7,
    "1964": 5441.1,
    "1965": 5458.6,
    "1966": 6561.6,
    "1967": 6167.6,
    "1968": 8170.8,
    "1969": 9639.4,
    "1970": 9719.1,
    "1971": 9341.5,
    "country": "Spain",
    "": null,
    "Notes": 89
  },
  {
    "1949": null,
    "1950": null,
    "1951": null,
    "1952": null,
    "1953": null,
    "1954": null,
    "1955": null,
    "1956": null,
    "1957": null,
    "1958": null,
    "1959": null,
    "1960": 3707.4,
    "1961": 3890.1,
    "1962": 4183.3,
    "1963": 4460.8,
    "1964": 4689.8,
    "1965": 4971.7,
    "1966": 5017.9,
    "1967": 4891,
    "1968": 4896.8,
    "1969": 5154.9,
    "1970": 5294.7,
    "1971": 5412.1,
    "country": "Sweden",
    "": null,
    "Notes": null
  },
  {
    "1949": null,
    "1950": null,
    "1951": null,
    "1952": null,
    "1953": null,
    "1954": null,
    "1955": null,
    "1956": null,
    "1957": 4356.5,
    "1958": 4642.1,
    "1959": 4501.2,
    "1960": 4215.7,
    "1961": 4910.4,
    "1962": 5428.4,
    "1963": 5655.6,
    "1964": 6128.7,
    "1965": 6177.2,
    "1966": 6492.3,
    "1967": 6324.3,
    "1968": 6024.3,
    "1969": 6431.6,
    "1970": 6616.6,
    "1971": 6882.4,
    "country": "Switzerland",
    "": null,
    "Notes": null
  },
  {
    "1949": null,
    "1950": 35704.9,
    "1951": 42039.7,
    "1952": 53778,
    "1953": 59747.7,
    "1954": 56723.2,
    "1955": 54008.7,
    "1956": 53009.5,
    "1957": 51188.5,
    "1958": 49846.4,
    "1959": 49594.4,
    "1960": 50619.9,
    "1961": 50570.9,
    "1962": 51220.1,
    "1963": 52094.8,
    "1964": 53505.9,
    "1965": 53666.1,
    "1966": 53379.6,
    "1967": 54743.9,
    "1968": 53964.1,
    "1969": 50996.5,
    "1970": 52528.5,
    "1971": 52410.9,
    "country": "United Kingdom",
    "": null,
    "Notes": 91
  },
  {
    "1949": null,
    "1950": null,
    "1951": null,
    "1952": null,
    "1953": null,
    "1954": null,
    "1955": null,
    "1956": null,
    "1957": null,
    "1958": null,
    "1959": null,
    "1960": null,
    "1961": null,
    "1962": null,
    "1963": null,
    "1964": null,
    "1965": null,
    "1966": null,
    "1967": null,
    "1968": null,
    "1969": null,
    "1970": null,
    "1971": null,
    "country": "European Union",
    "": null,
    "Notes": null
  },
  {
    "1949": null,
    "1950": null,
    "1951": null,
    "1952": null,
    "1953": null,
    "1954": null,
    "1955": null,
    "1956": null,
    "1957": null,
    "1958": null,
    "1959": null,
    "1960": null,
    "1961": null,
    "1962": null,
    "1963": null,
    "1964": null,
    "1965": null,
    "1966": null,
    "1967": null,
    "1968": null,
    "1969": null,
    "1970": null,
    "1971": 82.5,
    "country": "Bahrain",
    "": null,
    "Notes": 8
  },
  {
    "1949": null,
    "1950": null,
    "1951": null,
    "1952": null,
    "1953": null,
    "1954": null,
    "1955": null,
    "1956": null,
    "1957": null,
    "1958": null,
    "1959": null,
    "1960": null,
    "1961": null,
    "1962": 1358.6,
    "1963": 1949.3,
    "1964": 2511.6,
    "1965": 2512.3,
    "1966": 2155,
    "1967": 2257.4,
    "1968": 2929.6,
    "1969": 3882.8,
    "1970": 4598.8,
    "1971": 5167.5,
    "country": "Egypt",
    "": null,
    "Notes": null
  },
  {
    "1949": null,
    "1950": null,
    "1951": null,
    "1952": null,
    "1953": null,
    "1954": null,
    "1955": null,
    "1956": null,
    "1957": null,
    "1958": null,
    "1959": null,
    "1960": 271.5,
    "1961": 282.5,
    "1962": 291,
    "1963": 339.5,
    "1964": 395,
    "1965": 497.5,
    "1966": 639.5,
    "1967": 813.6,
    "1968": 1067.4,
    "1969": 1333.6,
    "1970": 1437.2,
    "1971": 894.8,
    "country": "Iran",
    "": null,
    "Notes": 92
  },
  {
    "1949": null,
    "1950": null,
    "1951": null,
    "1952": null,
    "1953": null,
    "1954": null,
    "1955": null,
    "1956": null,
    "1957": 0.1,
    "1958": 0.1,
    "1959": 0.1,
    "1960": 0.1,
    "1961": 0.1,
    "1962": 0.1,
    "1963": 0.1,
    "1964": 0.1,
    "1965": 0.1,
    "1966": 0.1,
    "1967": 0.1,
    "1968": 0.2,
    "1969": 0.2,
    "1970": 0.2,
    "1971": 0.2,
    "country": "Iraq",
    "": null,
    "Notes": null
  },
  {
    "1949": null,
    "1950": null,
    "1951": null,
    "1952": 413.1,
    "1953": 392.6,
    "1954": 480.4,
    "1955": 668.7,
    "1956": 1289.4,
    "1957": 1139.2,
    "1958": 1070.8,
    "1959": 1135.8,
    "1960": 1234.5,
    "1961": 1469.1,
    "1962": 1884.2,
    "1963": 2251.2,
    "1964": 2300.2,
    "1965": 2406.4,
    "1966": 2667,
    "1967": 4345.9,
    "1968": 5507,
    "1969": 6792.7,
    "1970": 9247.3,
    "1971": 9996.8,
    "country": "Israel",
    "": null,
    "Notes": 94
  },
  {
    "1949": null,
    "1950": null,
    "1951": null,
    "1952": null,
    "1953": null,
    "1954": null,
    "1955": null,
    "1956": null,
    "1957": null,
    "1958": null,
    "1959": null,
    "1960": null,
    "1961": null,
    "1962": null,
    "1963": null,
    "1964": null,
    "1965": null,
    "1966": null,
    "1967": 1009,
    "1968": 1230.9,
    "1969": null,
    "1970": 924.5,
    "1971": 873,
    "country": "Jordan",
    "": null,
    "Notes": null
  },
  {
    "1949": null,
    "1950": null,
    "1951": null,
    "1952": null,
    "1953": null,
    "1954": null,
    "1955": null,
    "1956": null,
    "1957": null,
    "1958": null,
    "1959": null,
    "1960": null,
    "1961": null,
    "1962": null,
    "1963": null,
    "1964": null,
    "1965": null,
    "1966": null,
    "1967": null,
    "1968": null,
    "1969": null,
    "1970": null,
    "1971": null,
    "country": "Kuwait",
    "": null,
    "Notes": 95
  },
  {
    "1949": null,
    "1950": null,
    "1951": null,
    "1952": null,
    "1953": null,
    "1954": null,
    "1955": null,
    "1956": null,
    "1957": null,
    "1958": null,
    "1959": null,
    "1960": null,
    "1961": null,
    "1962": null,
    "1963": null,
    "1964": null,
    "1965": null,
    "1966": null,
    "1967": null,
    "1968": null,
    "1969": null,
    "1970": null,
    "1971": null,
    "country": "Lebanon",
    "": null,
    "Notes": null
  },
  {
    "1949": null,
    "1950": null,
    "1951": null,
    "1952": null,
    "1953": null,
    "1954": null,
    "1955": null,
    "1956": null,
    "1957": null,
    "1958": null,
    "1959": null,
    "1960": null,
    "1961": null,
    "1962": null,
    "1963": null,
    "1964": null,
    "1965": null,
    "1966": null,
    "1967": null,
    "1968": null,
    "1969": null,
    "1970": null,
    "1971": 375.4,
    "country": "Oman",
    "": null,
    "Notes": null
  },
  {
    "1949": null,
    "1950": null,
    "1951": null,
    "1952": null,
    "1953": null,
    "1954": null,
    "1955": null,
    "1956": null,
    "1957": null,
    "1958": null,
    "1959": null,
    "1960": null,
    "1961": null,
    "1962": null,
    "1963": null,
    "1964": null,
    "1965": null,
    "1966": null,
    "1967": null,
    "1968": null,
    "1969": null,
    "1970": null,
    "1971": null,
    "country": "Qatar",
    "": null,
    "Notes": null
  },
  {
    "1949": null,
    "1950": null,
    "1951": null,
    "1952": null,
    "1953": null,
    "1954": null,
    "1955": null,
    "1956": null,
    "1957": null,
    "1958": null,
    "1959": null,
    "1960": null,
    "1961": null,
    "1962": null,
    "1963": 906.2,
    "1964": 957.2,
    "1965": 1372,
    "1966": 2283.2,
    "1967": 2502.6,
    "1968": 2481.4,
    "1969": 3039.4,
    "1970": 3332.4,
    "1971": 3960.8,
    "country": "Saudi Arabia",
    "": null,
    "Notes": 97
  },
  {
    "1949": null,
    "1950": null,
    "1951": null,
    "1952": null,
    "1953": null,
    "1954": null,
    "1955": null,
    "1956": null,
    "1957": null,
    "1958": null,
    "1959": null,
    "1960": null,
    "1961": null,
    "1962": null,
    "1963": null,
    "1964": null,
    "1965": null,
    "1966": null,
    "1967": null,
    "1968": null,
    "1969": null,
    "1970": null,
    "1971": null,
    "country": "Syria",
    "": null,
    "Notes": null
  },
  {
    "1949": null,
    "1950": null,
    "1951": null,
    "1952": null,
    "1953": 1014.2,
    "1954": 1025.7,
    "1955": 1037.3,
    "1956": 960.4,
    "1957": 892.3,
    "1958": 866.7,
    "1959": 1031.4,
    "1960": 1137.3,
    "1961": 1278.7,
    "1962": 1361.9,
    "1963": 1399.4,
    "1964": 1500.8,
    "1965": 1572.4,
    "1966": 1575.7,
    "1967": 1697.7,
    "1968": 1898,
    "1969": 1840.1,
    "1970": 2041.1,
    "1971": 2338.9,
    "country": "Türkiye",
    "": null,
    "Notes": null
  },
  {
    "1949": null,
    "1950": null,
    "1951": null,
    "1952": null,
    "1953": null,
    "1954": null,
    "1955": null,
    "1956": null,
    "1957": null,
    "1958": null,
    "1959": null,
    "1960": null,
    "1961": null,
    "1962": null,
    "1963": null,
    "1964": null,
    "1965": null,
    "1966": null,
    "1967": null,
    "1968": null,
    "1969": null,
    "1970": null,
    "1971": null,
    "country": "United Arab Emirates",
    "": null,
    "Notes": null
  },
  {
    "1949": null,
    "1950": null,
    "1951": null,
    "1952": null,
    "1953": null,
    "1954": null,
    "1955": null,
    "1956": null,
    "1957": null,
    "1958": null,
    "1959": null,
    "1960": null,
    "1961": null,
    "1962": null,
    "1963": null,
    "1964": null,
    "1965": null,
    "1966": null,
    "1967": null,
    "1968": null,
    "1969": null,
    "1970": null,
    "1971": null,
    "country": "Yemen, North",
    "": null,
    "Notes": null
  },
  {
    "1949": null,
    "1950": null,
    "1951": null,
    "1952": null,
    "1953": null,
    "1954": null,
    "1955": null,
    "1956": null,
    "1957": null,
    "1958": null,
    "1959": null,
    "1960": null,
    "1961": null,
    "1962": null,
    "1963": null,
    "1964": null,
    "1965": null,
    "1966": null,
    "1967": null,
    "1968": null,
    "1969": null,
    "1970": null,
    "1971": null,
    "country": "Yemen",
    "": null,
    "Notes": null
  }
]