[
  {
    "1949": null,
    "1950": null,
    "1951": null,
    "1952": null,
    "1953": null,
    "1954": null,
    "1955": null,
    "1956": null,
    "1957": null,
    "1958": null,
    "1959": null,
    "1960": 43.1,
    "1961": 46,
    "1962": null,
    "1963": 66.4,
    "1964": 99.9,
    "1965": 105.5,
    "1966": 104.5,
    "1967": 99.2,
    "1968": 99.2,
    "1969": 99.2,
    "1970": 98.8,
    "1971": 99.9,
    "1972": 109.9,
    "country": "Algeria",
    "Notes": null
  },
  {
    "1949": null,
    "1950": null,
    "1951": null,
    "1952": null,
    "1953": null,
    "1954": null,
    "1955": null,
    "1956": null,
    "1957": null,
    "1958": null,
    "1959": 5.6,
    "1960": 5.6,
    "1961": 7.2,
    "1962": 16.7,
    "1963": 18.7,
    "1964": 21.5,
    "1965": 29.1,
    "1966": 58.5,
    "1967": 79.5,
    "1968": 95.5,
    "1969": 143.1,
    "1970": 242.5,
    "1971": 243,
    "1972": 202.8,
    "country": "Libya",
    "Notes": null
  },
  {
    "1949": null,
    "1950": null,
    "1951": null,
    "1952": null,
    "1953": null,
    "1954": null,
    "1955": null,
    "1956": 23.7,
    "1957": 35.4,
    "1958": 41.7,
    "1959": 41.9,
    "1960": 41.6,
    "1961": 48.3,
    "1962": 53.8,
    "1963": 74.9,
    "1964": 70,
    "1965": 63.2,
    "1966": 67.9,
    "1967": 70.3,
    "1968": 90.9,
    "1969": 85,
    "1970": 88.9,
    "1971": 111.3,
    "1972": 140.4,
    "country": "Morocco",
    "Notes": null
  },
  {
    "1949": null,
    "1950": null,
    "1951": null,
    "1952": null,
    "1953": null,
    "1954": null,
    "1955": null,
    "1956": 3.7,
    "1957": 6.4,
    "1958": 9.5,
    "1959": 14.3,
    "1960": 16,
    "1961": 18.6,
    "1962": 14.3,
    "1963": 15.2,
    "1964": 17.5,
    "1965": 12.8,
    "1966": 13.7,
    "1967": 15.4,
    "1968": 17.5,
    "1969": 17,
    "1970": 22.5,
    "1971": 24.9,
    "1972": 31.7,
    "country": "Tunisia",
    "Notes": null
  },
  {
    "1949": null,
    "1950": null,
    "1951": null,
    "1952": null,
    "1953": null,
    "1954": null,
    "1955": null,
    "1956": null,
    "1957": null,
    "1958": null,
    "1959": null,
    "1960": null,
    "1961": null,
    "1962": null,
    "1963": null,
    "1964": null,
    "1965": null,
    "1966": null,
    "1967": null,
    "1968": null,
    "1969": null,
    "1970": null,
    "1971": null,
    "1972": null,
    "country": "Angola",
    "Notes": null
  },
  {
    "1949": null,
    "1950": null,
    "1951": null,
    "1952": null,
    "1953": null,
    "1954": null,
    "1955": null,
    "1956": null,
    "1957": null,
    "1958": null,
    "1959": null,
    "1960": 1.3,
    "1961": 2.2,
    "1962": 2.7,
    "1963": 3,
    "1964": 3.8,
    "1965": 4,
    "1966": 3.7,
    "1967": 3.9,
    "1968": 4.3,
    "1969": 4,
    "1970": 4.1,
    "1971": 4.3,
    "1972": 4.9,
    "country": "Benin",
    "Notes": null
  },
  {
    "1949": null,
    "1950": null,
    "1951": null,
    "1952": null,
    "1953": null,
    "1954": null,
    "1955": null,
    "1956": null,
    "1957": null,
    "1958": null,
    "1959": null,
    "1960": null,
    "1961": null,
    "1962": null,
    "1963": null,
    "1964": null,
    "1965": null,
    "1966": null,
    "1967": null,
    "1968": null,
    "1969": null,
    "1970": null,
    "1971": null,
    "1972": null,
    "country": "Botswana",
    "Notes": null
  },
  {
    "1949": null,
    "1950": null,
    "1951": null,
    "1952": null,
    "1953": null,
    "1954": null,
    "1955": null,
    "1956": null,
    "1957": null,
    "1958": null,
    "1959": null,
    "1960": 1.3,
    "1961": 1.6,
    "1962": 4.9,
    "1963": 5.3,
    "1964": 5.4,
    "1965": 3.5,
    "1966": 3.9,
    "1967": 3.7,
    "1968": 3.8,
    "1969": 4,
    "1970": 4.2,
    "1971": 4.3,
    "1972": 4.9,
    "country": "Burkina Faso",
    "Notes": null
  },
  {
    "1949": null,
    "1950": null,
    "1951": null,
    "1952": null,
    "1953": null,
    "1954": null,
    "1955": null,
    "1956": null,
    "1957": null,
    "1958": null,
    "1959": null,
    "1960": null,
    "1961": 0.4,
    "1962": 8.4,
    "1963": 1,
    "1964": 1.2,
    "1965": 2.2,
    "1966": 2.3,
    "1967": 2.4,
    "1968": 2.6,
    "1969": 3.3,
    "1970": null,
    "1971": 2.6,
    "1972": 3.6,
    "country": "Burundi",
    "Notes": null
  },
  {
    "1949": null,
    "1950": null,
    "1951": null,
    "1952": null,
    "1953": null,
    "1954": null,
    "1955": null,
    "1956": null,
    "1957": null,
    "1958": null,
    "1959": null,
    "1960": null,
    "1961": null,
    "1962": null,
    "1963": null,
    "1964": null,
    "1965": null,
    "1966": null,
    "1967": null,
    "1968": null,
    "1969": null,
    "1970": 20.3,
    "1971": 21.5,
    "1972": 24.9,
    "country": "Cameroon",
    "Notes": null
  },
  {
    "1949": null,
    "1950": null,
    "1951": null,
    "1952": null,
    "1953": null,
    "1954": null,
    "1955": null,
    "1956": null,
    "1957": null,
    "1958": null,
    "1959": null,
    "1960": null,
    "1961": null,
    "1962": null,
    "1963": null,
    "1964": null,
    "1965": null,
    "1966": null,
    "1967": null,
    "1968": null,
    "1969": null,
    "1970": null,
    "1971": null,
    "1972": null,
    "country": "Cape Verde",
    "Notes": null
  },
  {
    "1949": null,
    "1950": null,
    "1951": null,
    "1952": null,
    "1953": null,
    "1954": null,
    "1955": null,
    "1956": null,
    "1957": null,
    "1958": null,
    "1959": null,
    "1960": null,
    "1961": null,
    "1962": null,
    "1963": null,
    "1964": null,
    "1965": null,
    "1966": null,
    "1967": null,
    "1968": null,
    "1969": null,
    "1970": null,
    "1971": null,
    "1972": null,
    "country": "Central African Republic",
    "Notes": 14
  },
  {
    "1949": null,
    "1950": null,
    "1951": null,
    "1952": null,
    "1953": null,
    "1954": null,
    "1955": null,
    "1956": null,
    "1957": null,
    "1958": null,
    "1959": null,
    "1960": null,
    "1961": null,
    "1962": null,
    "1963": null,
    "1964": null,
    "1965": null,
    "1966": null,
    "1967": null,
    "1968": null,
    "1969": null,
    "1970": null,
    "1971": null,
    "1972": null,
    "country": "Chad",
    "Notes": null
  },
  {
    "1949": null,
    "1950": null,
    "1951": null,
    "1952": null,
    "1953": null,
    "1954": null,
    "1955": null,
    "1956": null,
    "1957": null,
    "1958": null,
    "1959": null,
    "1960": null,
    "1961": null,
    "1962": null,
    "1963": 58.2,
    "1964": 49.8,
    "1965": 78.9,
    "1966": 78.4,
    "1967": 45.9,
    "1968": 50.5,
    "1969": 72.5,
    "1970": 102.4,
    "1971": 101.8,
    "1972": 94,
    "country": "Congo, DR",
    "Notes": null
  },
  {
    "1949": null,
    "1950": null,
    "1951": null,
    "1952": null,
    "1953": null,
    "1954": null,
    "1955": null,
    "1956": null,
    "1957": null,
    "1958": null,
    "1959": null,
    "1960": null,
    "1961": null,
    "1962": null,
    "1963": null,
    "1964": null,
    "1965": null,
    "1966": null,
    "1967": null,
    "1968": null,
    "1969": null,
    "1970": 13.1,
    "1971": 13.7,
    "1972": 12.7,
    "country": "Congo, Republic",
    "Notes": null
  },
  {
    "1949": null,
    "1950": null,
    "1951": null,
    "1952": null,
    "1953": null,
    "1954": null,
    "1955": null,
    "1956": null,
    "1957": null,
    "1958": null,
    "1959": null,
    "1960": null,
    "1961": null,
    "1962": 8.8,
    "1963": 8.1,
    "1964": 11.2,
    "1965": 12.9,
    "1966": 13.3,
    "1967": 14.7,
    "1968": 15.3,
    "1969": 16.2,
    "1970": 17.7,
    "1971": 24,
    "1972": 31.7,
    "country": "Cote d'Ivoire",
    "Notes": 18
  },
  {
    "1949": null,
    "1950": null,
    "1951": null,
    "1952": null,
    "1953": null,
    "1954": null,
    "1955": null,
    "1956": null,
    "1957": null,
    "1958": null,
    "1959": null,
    "1960": null,
    "1961": null,
    "1962": null,
    "1963": null,
    "1964": null,
    "1965": null,
    "1966": null,
    "1967": null,
    "1968": null,
    "1969": null,
    "1970": null,
    "1971": null,
    "1972": null,
    "country": "Djibouti",
    "Notes": null
  },
  {
    "1949": null,
    "1950": null,
    "1951": null,
    "1952": null,
    "1953": null,
    "1954": null,
    "1955": null,
    "1956": null,
    "1957": null,
    "1958": null,
    "1959": null,
    "1960": null,
    "1961": null,
    "1962": null,
    "1963": null,
    "1964": null,
    "1965": null,
    "1966": null,
    "1967": null,
    "1968": null,
    "1969": null,
    "1970": null,
    "1971": null,
    "1972": null,
    "country": "Equatorial Guinea",
    "Notes": null
  },
  {
    "1949": null,
    "1950": null,
    "1951": null,
    "1952": null,
    "1953": null,
    "1954": null,
    "1955": null,
    "1956": null,
    "1957": null,
    "1958": null,
    "1959": null,
    "1960": null,
    "1961": null,
    "1962": null,
    "1963": null,
    "1964": null,
    "1965": null,
    "1966": null,
    "1967": null,
    "1968": null,
    "1969": null,
    "1970": null,
    "1971": null,
    "1972": null,
    "country": "Eritrea",
    "Notes": null
  },
  {
    "1949": null,
    "1950": null,
    "1951": null,
    "1952": null,
    "1953": null,
    "1954": null,
    "1955": null,
    "1956": null,
    "1957": 15.1,
    "1958": 16.2,
    "1959": 15.2,
    "1960": 15.3,
    "1961": 18.6,
    "1962": 20.2,
    "1963": 27.3,
    "1964": 36.1,
    "1965": 42.9,
    "1966": 43.4,
    "1967": 37,
    "1968": 34.7,
    "1969": 34.4,
    "1970": 34.5,
    "1971": 36.1,
    "1972": 41,
    "country": "Ethiopia",
    "Notes": null
  },
  {
    "1949": null,
    "1950": null,
    "1951": null,
    "1952": null,
    "1953": null,
    "1954": null,
    "1955": null,
    "1956": null,
    "1957": null,
    "1958": null,
    "1959": null,
    "1960": null,
    "1961": null,
    "1962": null,
    "1963": null,
    "1964": null,
    "1965": null,
    "1966": null,
    "1967": 3,
    "1968": 3,
    "1969": 4.4,
    "1970": 4.6,
    "1971": 5.5,
    "1972": 6.7,
    "country": "Gabon",
    "Notes": null
  },
  {
    "1949": null,
    "1950": null,
    "1951": null,
    "1952": null,
    "1953": null,
    "1954": null,
    "1955": null,
    "1956": null,
    "1957": null,
    "1958": null,
    "1959": null,
    "1960": null,
    "1961": null,
    "1962": null,
    "1963": null,
    "1964": null,
    "1965": null,
    "1966": null,
    "1967": null,
    "1968": null,
    "1969": null,
    "1970": null,
    "1971": null,
    "1972": null,
    "country": "Gambia, The",
    "Notes": null
  },
  {
    "1949": null,
    "1950": null,
    "1951": null,
    "1952": null,
    "1953": null,
    "1954": null,
    "1955": null,
    "1956": null,
    "1957": null,
    "1958": 10,
    "1959": 11.7,
    "1960": 20.8,
    "1961": 27.5,
    "1962": 27.9,
    "1963": 31.1,
    "1964": 33.3,
    "1965": 35.6,
    "1966": 47.3,
    "1967": null,
    "1968": 44.3,
    "1969": 49,
    "1970": 46.9,
    "1971": 41.1,
    "1972": 30.2,
    "country": "Ghana",
    "Notes": null
  },
  {
    "1949": null,
    "1950": null,
    "1951": null,
    "1952": null,
    "1953": null,
    "1954": null,
    "1955": null,
    "1956": null,
    "1957": null,
    "1958": null,
    "1959": null,
    "1960": null,
    "1961": null,
    "1962": null,
    "1963": null,
    "1964": null,
    "1965": 10.5,
    "1966": 13.9,
    "1967": null,
    "1968": 14.2,
    "1969": 14.7,
    "1970": 15.1,
    "1971": 26.3,
    "1972": 31.7,
    "country": "Guinea",
    "Notes": 23
  },
  {
    "1949": null,
    "1950": null,
    "1951": null,
    "1952": null,
    "1953": null,
    "1954": null,
    "1955": null,
    "1956": null,
    "1957": null,
    "1958": null,
    "1959": null,
    "1960": null,
    "1961": null,
    "1962": null,
    "1963": null,
    "1964": null,
    "1965": null,
    "1966": null,
    "1967": null,
    "1968": null,
    "1969": null,
    "1970": null,
    "1971": null,
    "1972": null,
    "country": "Guinea-Bissau",
    "Notes": null
  },
  {
    "1949": null,
    "1950": null,
    "1951": null,
    "1952": null,
    "1953": null,
    "1954": null,
    "1955": null,
    "1956": null,
    "1957": null,
    "1958": null,
    "1959": null,
    "1960": 2.6,
    "1961": 0.9,
    "1962": 0.7,
    "1963": 1.9,
    "1964": 5.9,
    "1965": 9.9,
    "1966": 13,
    "1967": 16,
    "1968": 16.4,
    "1969": 15.7,
    "1970": 17,
    "1971": 22.1,
    "1972": 29.7,
    "country": "Kenya",
    "Notes": null
  },
  {
    "1949": null,
    "1950": null,
    "1951": null,
    "1952": null,
    "1953": null,
    "1954": null,
    "1955": null,
    "1956": null,
    "1957": null,
    "1958": null,
    "1959": null,
    "1960": null,
    "1961": null,
    "1962": null,
    "1963": null,
    "1964": null,
    "1965": null,
    "1966": null,
    "1967": null,
    "1968": null,
    "1969": null,
    "1970": null,
    "1971": null,
    "1972": null,
    "country": "Lesotho",
    "Notes": null
  },
  {
    "1949": null,
    "1950": null,
    "1951": null,
    "1952": null,
    "1953": null,
    "1954": null,
    "1955": null,
    "1956": null,
    "1957": null,
    "1958": null,
    "1959": null,
    "1960": null,
    "1961": null,
    "1962": null,
    "1963": null,
    "1964": null,
    "1965": 2.7,
    "1966": 2.8,
    "1967": 3.1,
    "1968": 3.1,
    "1969": 3.1,
    "1970": 3.6,
    "1971": 4.1,
    "1972": 4.1,
    "country": "Liberia",
    "Notes": 25
  },
  {
    "1949": null,
    "1950": null,
    "1951": null,
    "1952": null,
    "1953": null,
    "1954": null,
    "1955": null,
    "1956": null,
    "1957": null,
    "1958": null,
    "1959": null,
    "1960": 1.6,
    "1961": 8.5,
    "1962": 9.2,
    "1963": 9,
    "1964": 9.5,
    "1965": 10.7,
    "1966": 11.3,
    "1967": 12.1,
    "1968": 13,
    "1969": 13,
    "1970": 12.1,
    "1971": 12.8,
    "1972": 16.1,
    "country": "Madagascar",
    "Notes": null
  },
  {
    "1949": null,
    "1950": null,
    "1951": null,
    "1952": null,
    "1953": null,
    "1954": null,
    "1955": null,
    "1956": null,
    "1957": null,
    "1958": null,
    "1959": null,
    "1960": null,
    "1961": null,
    "1962": null,
    "1963": null,
    "1964": null,
    "1965": 1.8,
    "1966": 1.8,
    "1967": 2.1,
    "1968": 1.9,
    "1969": 2,
    "1970": 2.1,
    "1971": 2.3,
    "1972": 2.7,
    "country": "Malawi",
    "Notes": null
  },
  {
    "1949": null,
    "1950": null,
    "1951": null,
    "1952": null,
    "1953": null,
    "1954": null,
    "1955": null,
    "1956": null,
    "1957": null,
    "1958": null,
    "1959": null,
    "1960": null,
    "1961": 3.9,
    "1962": 4.3,
    "1963": 4.4,
    "1964": 5.2,
    "1965": 4.6,
    "1966": 4.6,
    "1967": 5.1,
    "1968": 5.3,
    "1969": 5.7,
    "1970": 6.2,
    "1971": 6.3,
    "1972": 8.3,
    "country": "Mali",
    "Notes": null
  },
  {
    "1949": null,
    "1950": null,
    "1951": null,
    "1952": null,
    "1953": null,
    "1954": null,
    "1955": null,
    "1956": null,
    "1957": null,
    "1958": null,
    "1959": null,
    "1960": null,
    "1961": null,
    "1962": null,
    "1963": null,
    "1964": null,
    "1965": null,
    "1966": null,
    "1967": null,
    "1968": null,
    "1969": null,
    "1970": null,
    "1971": null,
    "1972": null,
    "country": "Mauritania",
    "Notes": null
  },
  {
    "1949": null,
    "1950": null,
    "1951": null,
    "1952": null,
    "1953": null,
    "1954": null,
    "1955": null,
    "1956": null,
    "1957": null,
    "1958": null,
    "1959": null,
    "1960": null,
    "1961": null,
    "1962": null,
    "1963": 0.3,
    "1964": 0.3,
    "1965": 0.3,
    "1966": 0.3,
    "1967": 0.3,
    "1968": 0.3,
    "1969": 0.3,
    "1970": 0.4,
    "1971": 0.5,
    "1972": 0.5,
    "country": "Mauritius",
    "Notes": null
  },
  {
    "1949": null,
    "1950": null,
    "1951": null,
    "1952": null,
    "1953": null,
    "1954": null,
    "1955": null,
    "1956": null,
    "1957": null,
    "1958": null,
    "1959": null,
    "1960": null,
    "1961": null,
    "1962": null,
    "1963": null,
    "1964": null,
    "1965": null,
    "1966": null,
    "1967": null,
    "1968": null,
    "1969": null,
    "1970": null,
    "1971": null,
    "1972": null,
    "country": "Mozambique",
    "Notes": null
  },
  {
    "1949": null,
    "1950": null,
    "1951": null,
    "1952": null,
    "1953": null,
    "1954": null,
    "1955": null,
    "1956": null,
    "1957": null,
    "1958": null,
    "1959": null,
    "1960": null,
    "1961": null,
    "1962": null,
    "1963": null,
    "1964": null,
    "1965": null,
    "1966": null,
    "1967": null,
    "1968": null,
    "1969": null,
    "1970": null,
    "1971": null,
    "1972": null,
    "country": "Namibia",
    "Notes": null
  },
  {
    "1949": null,
    "1950": null,
    "1951": null,
    "1952": null,
    "1953": null,
    "1954": null,
    "1955": null,
    "1956": null,
    "1957": null,
    "1958": null,
    "1959": null,
    "1960": null,
    "1961": null,
    "1962": null,
    "1963": null,
    "1964": null,
    "1965": null,
    "1966": null,
    "1967": null,
    "1968": null,
    "1969": null,
    "1970": null,
    "1971": null,
    "1972": null,
    "country": "Niger",
    "Notes": null
  },
  {
    "1949": null,
    "1950": null,
    "1951": null,
    "1952": null,
    "1953": null,
    "1954": null,
    "1955": null,
    "1956": null,
    "1957": null,
    "1958": null,
    "1959": null,
    "1960": 23.4,
    "1961": 28.3,
    "1962": 38.6,
    "1963": 45.5,
    "1964": 54.3,
    "1965": 65.9,
    "1966": 55.7,
    "1967": 240,
    "1968": 369,
    "1969": 684.5,
    "1970": 662.3,
    "1971": 639.3,
    "1972": 904.1,
    "country": "Nigeria",
    "Notes": null
  },
  {
    "1949": null,
    "1950": null,
    "1951": null,
    "1952": null,
    "1953": null,
    "1954": null,
    "1955": null,
    "1956": null,
    "1957": null,
    "1958": null,
    "1959": null,
    "1960": null,
    "1961": null,
    "1962": null,
    "1963": null,
    "1964": null,
    "1965": null,
    "1966": null,
    "1967": null,
    "1968": null,
    "1969": null,
    "1970": null,
    "1971": null,
    "1972": null,
    "country": "Rwanda",
    "Notes": 29
  },
  {
    "1949": null,
    "1950": null,
    "1951": null,
    "1952": null,
    "1953": null,
    "1954": null,
    "1955": null,
    "1956": null,
    "1957": null,
    "1958": null,
    "1959": null,
    "1960": null,
    "1961": null,
    "1962": null,
    "1963": null,
    "1964": null,
    "1965": null,
    "1966": null,
    "1967": null,
    "1968": null,
    "1969": null,
    "1970": null,
    "1971": null,
    "1972": null,
    "country": "Senegal",
    "Notes": null
  },
  {
    "1949": null,
    "1950": null,
    "1951": null,
    "1952": null,
    "1953": null,
    "1954": null,
    "1955": null,
    "1956": null,
    "1957": null,
    "1958": null,
    "1959": null,
    "1960": null,
    "1961": null,
    "1962": null,
    "1963": null,
    "1964": null,
    "1965": null,
    "1966": null,
    "1967": null,
    "1968": null,
    "1969": null,
    "1970": null,
    "1971": null,
    "1972": null,
    "country": "Seychelles",
    "Notes": null
  },
  {
    "1949": null,
    "1950": null,
    "1951": null,
    "1952": null,
    "1953": null,
    "1954": null,
    "1955": null,
    "1956": null,
    "1957": null,
    "1958": null,
    "1959": 2.2,
    "1960": 2,
    "1961": 1.9,
    "1962": 2,
    "1963": 2.2,
    "1964": 2.4,
    "1965": 2.5,
    "1966": 2.5,
    "1967": 2.9,
    "1968": 2.7,
    "1969": 3.3,
    "1970": 4,
    "1971": 3.8,
    "1972": 4.2,
    "country": "Sierra Leone",
    "Notes": 31
  },
  {
    "1949": null,
    "1950": null,
    "1951": null,
    "1952": null,
    "1953": null,
    "1954": null,
    "1955": null,
    "1956": null,
    "1957": null,
    "1958": null,
    "1959": null,
    "1960": null,
    "1961": 3.2,
    "1962": 3.7,
    "1963": 4.5,
    "1964": 5.4,
    "1965": 5.2,
    "1966": 6.5,
    "1967": 7.5,
    "1968": 8.3,
    "1969": 9,
    "1970": 11.2,
    "1971": 11.4,
    "1972": 13.2,
    "country": "Somalia",
    "Notes": 32
  },
  {
    "1949": null,
    "1950": null,
    "1951": 64.7,
    "1952": 74.5,
    "1953": 65.8,
    "1954": 63,
    "1955": 67.2,
    "1956": 77,
    "1957": 81.9,
    "1958": 63.7,
    "1959": 60.5,
    "1960": 70,
    "1961": 113.7,
    "1962": 186.2,
    "1963": 189,
    "1964": 271.6,
    "1965": 289.4,
    "1966": 324.4,
    "1967": 373.1,
    "1968": 399.7,
    "1969": 425.6,
    "1970": 417.9,
    "1971": 485.9,
    "1972": 492.4,
    "country": "South Africa",
    "Notes": null
  },
  {
    "1949": null,
    "1950": null,
    "1951": null,
    "1952": null,
    "1953": null,
    "1954": null,
    "1955": null,
    "1956": null,
    "1957": null,
    "1958": null,
    "1959": null,
    "1960": null,
    "1961": null,
    "1962": null,
    "1963": null,
    "1964": null,
    "1965": null,
    "1966": null,
    "1967": null,
    "1968": null,
    "1969": null,
    "1970": null,
    "1971": null,
    "1972": null,
    "country": "South Sudan",
    "Notes": 33
  },
  {
    "1949": null,
    "1950": null,
    "1951": null,
    "1952": null,
    "1953": 0.1,
    "1954": 0.1,
    "1955": 0.1,
    "1956": 0.1,
    "1957": 14.1,
    "1958": 14.4,
    "1959": 16.6,
    "1960": 18.7,
    "1961": 20.5,
    "1962": 24.8,
    "1963": 28.1,
    "1964": 41.9,
    "1965": 56.4,
    "1966": 50.3,
    "1967": 52.3,
    "1968": 57.7,
    "1969": 87,
    "1970": 108.3,
    "1971": 110,
    "1972": 108,
    "country": "Sudan",
    "Notes": null
  },
  {
    "1949": null,
    "1950": null,
    "1951": null,
    "1952": null,
    "1953": null,
    "1954": null,
    "1955": null,
    "1956": null,
    "1957": null,
    "1958": null,
    "1959": null,
    "1960": null,
    "1961": null,
    "1962": null,
    "1963": null,
    "1964": null,
    "1965": null,
    "1966": null,
    "1967": null,
    "1968": null,
    "1969": null,
    "1970": null,
    "1971": null,
    "1972": null,
    "country": "Eswatini",
    "Notes": null
  },
  {
    "1949": null,
    "1950": null,
    "1951": null,
    "1952": null,
    "1953": null,
    "1954": null,
    "1955": null,
    "1956": null,
    "1957": null,
    "1958": null,
    "1959": null,
    "1960": null,
    "1961": null,
    "1962": null,
    "1963": null,
    "1964": null,
    "1965": null,
    "1966": null,
    "1967": 14.6,
    "1968": 16.2,
    "1969": 20.1,
    "1970": 29.5,
    "1971": 42.6,
    "1972": 53.7,
    "country": "Tanzania",
    "Notes": null
  },
  {
    "1949": null,
    "1950": null,
    "1951": null,
    "1952": null,
    "1953": null,
    "1954": null,
    "1955": null,
    "1956": null,
    "1957": null,
    "1958": null,
    "1959": null,
    "1960": null,
    "1961": 0.3,
    "1962": 0.7,
    "1963": 1.1,
    "1964": 3.4,
    "1965": 3.4,
    "1966": 2.9,
    "1967": 3.1,
    "1968": 3.3,
    "1969": 3.4,
    "1970": 3.7,
    "1971": 4.2,
    "1972": 5.1,
    "country": "Togo",
    "Notes": null
  },
  {
    "1949": null,
    "1950": null,
    "1951": null,
    "1952": null,
    "1953": null,
    "1954": null,
    "1955": null,
    "1956": null,
    "1957": null,
    "1958": null,
    "1959": null,
    "1960": null,
    "1961": 0.1,
    "1962": 0.7,
    "1963": 2.7,
    "1964": 5.5,
    "1965": 10.7,
    "1966": 14.3,
    "1967": 16.8,
    "1968": 19.9,
    "1969": 22.9,
    "1970": 26.6,
    "1971": 52.7,
    "1972": 64.9,
    "country": "Uganda",
    "Notes": null
  },
  {
    "1949": null,
    "1950": null,
    "1951": null,
    "1952": null,
    "1953": null,
    "1954": null,
    "1955": null,
    "1956": null,
    "1957": null,
    "1958": null,
    "1959": null,
    "1960": null,
    "1961": null,
    "1962": null,
    "1963": null,
    "1964": null,
    "1965": null,
    "1966": null,
    "1967": null,
    "1968": null,
    "1969": null,
    "1970": null,
    "1971": null,
    "1972": null,
    "country": "Zambia",
    "Notes": null
  },
  {
    "1949": null,
    "1950": null,
    "1951": null,
    "1952": null,
    "1953": null,
    "1954": null,
    "1955": null,
    "1956": null,
    "1957": null,
    "1958": null,
    "1959": null,
    "1960": null,
    "1961": null,
    "1962": null,
    "1963": null,
    "1964": 12.7,
    "1965": 15.6,
    "1966": 17,
    "1967": 19,
    "1968": 30.6,
    "1969": 42.4,
    "1970": 46,
    "1971": 49.9,
    "1972": 58.5,
    "country": "Zimbabwe",
    "Notes": null
  },
  {
    "1949": null,
    "1950": null,
    "1951": null,
    "1952": null,
    "1953": null,
    "1954": null,
    "1955": null,
    "1956": null,
    "1957": null,
    "1958": null,
    "1959": null,
    "1960": null,
    "1961": null,
    "1962": null,
    "1963": null,
    "1964": null,
    "1965": null,
    "1966": null,
    "1967": null,
    "1968": null,
    "1969": null,
    "1970": null,
    "1971": null,
    "1972": null,
    "country": "Belize",
    "Notes": null
  },
  {
    "1949": null,
    "1950": null,
    "1951": null,
    "1952": null,
    "1953": null,
    "1954": null,
    "1955": null,
    "1956": null,
    "1957": null,
    "1958": null,
    "1959": null,
    "1960": null,
    "1961": null,
    "1962": null,
    "1963": null,
    "1964": null,
    "1965": null,
    "1966": null,
    "1967": null,
    "1968": null,
    "1969": null,
    "1970": null,
    "1971": null,
    "1972": null,
    "country": "Costa Rica",
    "Notes": 37
  },
  {
    "1949": null,
    "1950": null,
    "1951": null,
    "1952": null,
    "1953": null,
    "1954": null,
    "1955": null,
    "1956": null,
    "1957": null,
    "1958": null,
    "1959": null,
    "1960": null,
    "1961": null,
    "1962": null,
    "1963": null,
    "1964": null,
    "1965": null,
    "1966": null,
    "1967": null,
    "1968": null,
    "1969": null,
    "1970": null,
    "1971": null,
    "1972": null,
    "country": "Cuba",
    "Notes": null
  },
  {
    "1949": null,
    "1950": null,
    "1951": null,
    "1952": null,
    "1953": null,
    "1954": null,
    "1955": null,
    "1956": null,
    "1957": null,
    "1958": 39.6,
    "1959": null,
    "1960": 38.3,
    "1961": 36.3,
    "1962": 38,
    "1963": 39,
    "1964": 42.5,
    "1965": 40.2,
    "1966": 37.2,
    "1967": 35.8,
    "1968": 37.3,
    "1969": 35.6,
    "1970": 35.9,
    "1971": 36.6,
    "1972": 39.5,
    "country": "Dominican Republic",
    "Notes": null
  },
  {
    "1949": null,
    "1950": null,
    "1951": null,
    "1952": null,
    "1953": 4.4,
    "1954": null,
    "1955": null,
    "1956": 5,
    "1957": 5.5,
    "1958": 5.4,
    "1959": 4.5,
    "1960": 4.4,
    "1961": 4.4,
    "1962": 6.2,
    "1963": 6.1,
    "1964": 5.7,
    "1965": 6.5,
    "1966": 6.6,
    "1967": 6.8,
    "1968": 6.6,
    "1969": 7.5,
    "1970": 7.1,
    "1971": 8.5,
    "1972": 11.1,
    "country": "El Salvador",
    "Notes": 39
  },
  {
    "1949": null,
    "1950": null,
    "1951": null,
    "1952": null,
    "1953": null,
    "1954": null,
    "1955": 10.7,
    "1956": 11.4,
    "1957": 12.2,
    "1958": 12.1,
    "1959": 13.1,
    "1960": 12.1,
    "1961": 12.1,
    "1962": 12,
    "1963": 14.8,
    "1964": 13,
    "1965": 18.6,
    "1966": 19.1,
    "1967": 21.2,
    "1968": 20.4,
    "1969": 17.6,
    "1970": 32.3,
    "1971": 22.2,
    "1972": 24,
    "country": "Guatemala",
    "Notes": null
  },
  {
    "1949": null,
    "1950": null,
    "1951": null,
    "1952": null,
    "1953": null,
    "1954": null,
    "1955": null,
    "1956": null,
    "1957": null,
    "1958": null,
    "1959": null,
    "1960": null,
    "1961": null,
    "1962": null,
    "1963": null,
    "1964": null,
    "1965": null,
    "1966": null,
    "1967": null,
    "1968": null,
    "1969": null,
    "1970": null,
    "1971": null,
    "1972": null,
    "country": "Haiti",
    "Notes": null
  },
  {
    "1949": null,
    "1950": null,
    "1951": 2.3,
    "1952": 2.3,
    "1953": 2.6,
    "1954": 2.5,
    "1955": 3,
    "1956": 3.2,
    "1957": 4.9,
    "1958": 5.5,
    "1959": 5,
    "1960": 3.9,
    "1961": 3.8,
    "1962": 3.8,
    "1963": 3.8,
    "1964": 5.9,
    "1965": 6.3,
    "1966": 6.5,
    "1967": 6.8,
    "1968": 7.1,
    "1969": 7.2,
    "1970": 9.9,
    "1971": 11.4,
    "1972": 15.4,
    "country": "Honduras",
    "Notes": 41
  },
  {
    "1949": null,
    "1950": null,
    "1951": null,
    "1952": null,
    "1953": null,
    "1954": null,
    "1955": null,
    "1956": null,
    "1957": null,
    "1958": null,
    "1959": null,
    "1960": null,
    "1961": null,
    "1962": null,
    "1963": null,
    "1964": null,
    "1965": null,
    "1966": null,
    "1967": null,
    "1968": null,
    "1969": null,
    "1970": null,
    "1971": null,
    "1972": null,
    "country": "Jamaica",
    "Notes": null
  },
  {
    "1949": 34.8,
    "1950": 41,
    "1951": 46.8,
    "1952": 49.5,
    "1953": 55.3,
    "1954": 50.6,
    "1955": 55.5,
    "1956": 59.4,
    "1957": 67.8,
    "1958": 70.7,
    "1959": 71,
    "1960": 84,
    "1961": 86.4,
    "1962": 99.2,
    "1963": 112,
    "1964": 120,
    "1965": 119.2,
    "1966": 130.4,
    "1967": 133.6,
    "1968": 148.8,
    "1969": 180,
    "1970": 176.8,
    "1971": 191.2,
    "1972": 242.4,
    "country": "Mexico",
    "Notes": null
  },
  {
    "1949": null,
    "1950": null,
    "1951": null,
    "1952": null,
    "1953": null,
    "1954": null,
    "1955": null,
    "1956": null,
    "1957": null,
    "1958": null,
    "1959": null,
    "1960": null,
    "1961": null,
    "1962": null,
    "1963": null,
    "1964": null,
    "1965": null,
    "1966": null,
    "1967": null,
    "1968": 6.9,
    "1969": 7,
    "1970": 8.3,
    "1971": 8.4,
    "1972": 11,
    "country": "Nicaragua",
    "Notes": 42
  },
  {
    "1949": null,
    "1950": null,
    "1951": null,
    "1952": null,
    "1953": null,
    "1954": null,
    "1955": null,
    "1956": null,
    "1957": null,
    "1958": null,
    "1959": null,
    "1960": null,
    "1961": null,
    "1962": null,
    "1963": null,
    "1964": null,
    "1965": null,
    "1966": null,
    "1967": null,
    "1968": null,
    "1969": null,
    "1970": null,
    "1971": null,
    "1972": null,
    "country": "Panama",
    "Notes": 43
  },
  {
    "1949": null,
    "1950": null,
    "1951": null,
    "1952": null,
    "1953": null,
    "1954": null,
    "1955": null,
    "1956": null,
    "1957": null,
    "1958": null,
    "1959": null,
    "1960": null,
    "1961": null,
    "1962": null,
    "1963": null,
    "1964": null,
    "1965": null,
    "1966": null,
    "1967": null,
    "1968": 5.1,
    "1969": 5.3,
    "1970": 6.2,
    "1971": 8.6,
    "1972": 9.1,
    "country": "Trinidad and Tobago",
    "Notes": null
  },
  {
    "1949": null,
    "1950": 426.3,
    "1951": 986.5,
    "1952": 1748,
    "1953": 1979.9,
    "1954": 1871.3,
    "1955": 1832.7,
    "1956": 1901.2,
    "1957": 1922.9,
    "1958": 1815.6,
    "1959": 1737.5,
    "1960": 1702.4,
    "1961": 1677.8,
    "1962": 1671.3,
    "1963": 1610.1,
    "1964": 1657.5,
    "1965": 1574.7,
    "1966": 1614.4,
    "1967": 1775.5,
    "1968": 1797.3,
    "1969": 1770.1,
    "1970": 1889.2,
    "1971": 2077.7,
    "1972": 2233.7,
    "country": "Canada",
    "Notes": null
  },
  {
    "1949": 14088.2,
    "1950": 14927,
    "1951": 34491.6,
    "1952": 49660.7,
    "1953": 51516.8,
    "1954": 44640.1,
    "1955": 42120.5,
    "1956": 43312,
    "1957": 46072.6,
    "1958": 47050.2,
    "1959": 47819.2,
    "1960": 47346.6,
    "1961": 49879.8,
    "1962": 54650.9,
    "1963": 54561.2,
    "1964": 53432.3,
    "1965": 54561.8,
    "1966": 66442.8,
    "1967": 78398.4,
    "1968": 84329,
    "1969": 84990.2,
    "1970": 83408,
    "1971": 78238,
    "1972": 80708.1,
    "country": "United States of America",
    "Notes": 44
  },
  {
    "1949": null,
    "1950": null,
    "1951": null,
    "1952": null,
    "1953": null,
    "1954": null,
    "1955": null,
    "1956": null,
    "1957": null,
    "1958": null,
    "1959": null,
    "1960": null,
    "1961": null,
    "1962": 305.2,
    "1963": 242.2,
    "1964": 245.7,
    "1965": 252.4,
    "1966": 279.2,
    "1967": 251.9,
    "1968": 337.1,
    "1969": 442.9,
    "1970": 445.7,
    "1971": 519.7,
    "1972": 766,
    "country": "Argentina",
    "Notes": 5
  },
  {
    "1949": null,
    "1950": null,
    "1951": null,
    "1952": null,
    "1953": 9.1,
    "1954": null,
    "1955": 25,
    "1956": 1.3,
    "1957": 2.9,
    "1958": null,
    "1959": null,
    "1960": null,
    "1961": 4.9,
    "1962": 5.2,
    "1963": 6.4,
    "1964": null,
    "1965": null,
    "1966": null,
    "1967": null,
    "1968": 11.6,
    "1969": 12.3,
    "1970": 16.8,
    "1971": 15.9,
    "1972": 20.7,
    "country": "Bolivia",
    "Notes": 10
  },
  {
    "1949": null,
    "1950": null,
    "1951": null,
    "1952": null,
    "1953": 343.9,
    "1954": null,
    "1955": null,
    "1956": null,
    "1957": 605.4,
    "1958": 411.2,
    "1959": 383,
    "1960": 382.7,
    "1961": 342.3,
    "1962": 387.4,
    "1963": 442,
    "1964": 354.2,
    "1965": 632.9,
    "1966": 718.2,
    "1967": 746.1,
    "1968": 755.3,
    "1969": 816.6,
    "1970": 1026.2,
    "1971": 1075.1,
    "1972": 1195.5,
    "country": "Brazil",
    "Notes": null
  },
  {
    "1949": null,
    "1950": 87.5,
    "1951": 107.1,
    "1952": 109.7,
    "1953": 136.6,
    "1954": 102.2,
    "1955": 142,
    "1956": 136.9,
    "1957": 117,
    "1958": 115,
    "1959": 91.1,
    "1960": 126.8,
    "1961": 160.9,
    "1962": 162.6,
    "1963": 152.9,
    "1964": 150,
    "1965": 168.2,
    "1966": 186.7,
    "1967": 182.7,
    "1968": 173.8,
    "1969": 180,
    "1970": 388.4,
    "1971": 651.6,
    "1972": 745.7,
    "country": "Chile",
    "Notes": 45
  },
  {
    "1949": null,
    "1950": null,
    "1951": null,
    "1952": null,
    "1953": null,
    "1954": null,
    "1955": null,
    "1956": null,
    "1957": null,
    "1958": 76.1,
    "1959": 67.7,
    "1960": 76,
    "1961": 97.3,
    "1962": 153.6,
    "1963": 170,
    "1964": 190,
    "1965": 185.2,
    "1966": 172.6,
    "1967": 178.5,
    "1968": 141.2,
    "1969": 131.6,
    "1970": 162.7,
    "1971": 263.9,
    "1972": 170.6,
    "country": "Colombia",
    "Notes": 46
  },
  {
    "1949": null,
    "1950": null,
    "1951": null,
    "1952": null,
    "1953": 12.1,
    "1954": null,
    "1955": null,
    "1956": null,
    "1957": 19.3,
    "1958": 18.8,
    "1959": 16.5,
    "1960": 22.4,
    "1961": 18.7,
    "1962": 18.3,
    "1963": 17.1,
    "1964": 20.6,
    "1965": 23.8,
    "1966": 22.9,
    "1967": 25.3,
    "1968": 29.3,
    "1969": 39.7,
    "1970": 30.7,
    "1971": 29.7,
    "1972": 37.3,
    "country": "Ecuador",
    "Notes": 47
  },
  {
    "1949": null,
    "1950": null,
    "1951": null,
    "1952": null,
    "1953": null,
    "1954": null,
    "1955": null,
    "1956": null,
    "1957": null,
    "1958": null,
    "1959": null,
    "1960": null,
    "1961": null,
    "1962": null,
    "1963": null,
    "1964": null,
    "1965": null,
    "1966": null,
    "1967": null,
    "1968": null,
    "1969": null,
    "1970": null,
    "1971": null,
    "1972": null,
    "country": "Guyana",
    "Notes": 48
  },
  {
    "1949": null,
    "1950": null,
    "1951": null,
    "1952": null,
    "1953": null,
    "1954": null,
    "1955": null,
    "1956": null,
    "1957": null,
    "1958": null,
    "1959": null,
    "1960": 7.1,
    "1961": 7.2,
    "1962": 8.3,
    "1963": 9.2,
    "1964": 9.8,
    "1965": 11.7,
    "1966": 13.6,
    "1967": 14.9,
    "1968": 16.6,
    "1969": 17.9,
    "1970": 19.3,
    "1971": 20.8,
    "1972": 28.9,
    "country": "Paraguay",
    "Notes": 49
  },
  {
    "1949": 23.9,
    "1950": 28.7,
    "1951": 35.7,
    "1952": 35.7,
    "1953": 31.6,
    "1954": 35.5,
    "1955": 41.6,
    "1956": 49.6,
    "1957": 51.8,
    "1958": 44.8,
    "1959": 42.3,
    "1960": 49.1,
    "1961": 63,
    "1962": 66.4,
    "1963": 97.3,
    "1964": 120.4,
    "1965": 132.7,
    "1966": 145,
    "1967": 244,
    "1968": 113.2,
    "1969": 128.9,
    "1970": 218.1,
    "1971": 247.3,
    "1972": 276.5,
    "country": "Peru",
    "Notes": 50
  },
  {
    "1949": null,
    "1950": null,
    "1951": null,
    "1952": null,
    "1953": null,
    "1954": null,
    "1955": null,
    "1956": null,
    "1957": null,
    "1958": null,
    "1959": null,
    "1960": null,
    "1961": null,
    "1962": null,
    "1963": null,
    "1964": null,
    "1965": null,
    "1966": null,
    "1967": null,
    "1968": null,
    "1969": null,
    "1970": null,
    "1971": null,
    "1972": 51.4,
    "country": "Uruguay",
    "Notes": null
  },
  {
    "1949": null,
    "1950": null,
    "1951": null,
    "1952": null,
    "1953": null,
    "1954": null,
    "1955": 142.9,
    "1956": 173.4,
    "1957": 228.9,
    "1958": 251.9,
    "1959": 225.7,
    "1960": 234.4,
    "1961": 114.6,
    "1962": 203.9,
    "1963": 245.4,
    "1964": 200.5,
    "1965": 227.3,
    "1966": 238.6,
    "1967": 270.5,
    "1968": 272.7,
    "1969": 263.6,
    "1970": 272.7,
    "1971": 352.3,
    "1972": 404.7,
    "country": "Venezuela",
    "Notes": null
  },
  {
    "1949": null,
    "1950": 170.8,
    "1951": 294,
    "1952": 440.2,
    "1953": 462,
    "1954": 417.2,
    "1955": 432.3,
    "1956": 445.2,
    "1957": 437.9,
    "1958": 439.6,
    "1959": 450.2,
    "1960": 459.8,
    "1961": 471,
    "1962": 489.4,
    "1963": 553.3,
    "1964": 655.8,
    "1965": 787.4,
    "1966": 986.7,
    "1967": 1197.8,
    "1968": 1321.6,
    "1969": 1314.9,
    "1970": 1277.4,
    "1971": 1331.8,
    "1972": 1484.4,
    "country": "Australia",
    "Notes": null
  },
  {
    "1949": null,
    "1950": null,
    "1951": null,
    "1952": null,
    "1953": null,
    "1954": null,
    "1955": null,
    "1956": null,
    "1957": null,
    "1958": null,
    "1959": null,
    "1960": null,
    "1961": null,
    "1962": null,
    "1963": null,
    "1964": null,
    "1965": null,
    "1966": null,
    "1967": null,
    "1968": 0.3,
    "1969": 0.3,
    "1970": 0.4,
    "1971": 0.5,
    "1972": 0.8,
    "country": "Fiji",
    "Notes": null
  },
  {
    "1949": null,
    "1950": null,
    "1951": null,
    "1952": null,
    "1953": null,
    "1954": null,
    "1955": null,
    "1956": 90.4,
    "1957": 89,
    "1958": 91.8,
    "1959": 97.9,
    "1960": 101.2,
    "1961": 96.7,
    "1962": 96.3,
    "1963": 100,
    "1964": 123.4,
    "1965": 127,
    "1966": 148.2,
    "1967": 149.6,
    "1968": 135.5,
    "1969": 147.6,
    "1970": 171.9,
    "1971": 180.8,
    "1972": 206.2,
    "country": "New Zealand",
    "Notes": null
  },
  {
    "1949": null,
    "1950": null,
    "1951": null,
    "1952": null,
    "1953": null,
    "1954": null,
    "1955": null,
    "1956": null,
    "1957": null,
    "1958": null,
    "1959": null,
    "1960": null,
    "1961": null,
    "1962": null,
    "1963": null,
    "1964": null,
    "1965": null,
    "1966": null,
    "1967": null,
    "1968": null,
    "1969": null,
    "1970": null,
    "1971": null,
    "1972": null,
    "country": "Papua New Guinea",
    "Notes": null
  },
  {
    "1949": null,
    "1950": null,
    "1951": null,
    "1952": null,
    "1953": null,
    "1954": null,
    "1955": null,
    "1956": null,
    "1957": null,
    "1958": null,
    "1959": null,
    "1960": null,
    "1961": null,
    "1962": null,
    "1963": null,
    "1964": null,
    "1965": null,
    "1966": null,
    "1967": null,
    "1968": null,
    "1969": null,
    "1970": 2.9,
    "1971": null,
    "1972": null,
    "country": "Afghanistan",
    "Notes": 2
  },
  {
    "1949": null,
    "1950": null,
    "1951": null,
    "1952": null,
    "1953": null,
    "1954": null,
    "1955": null,
    "1956": null,
    "1957": null,
    "1958": null,
    "1959": null,
    "1960": null,
    "1961": null,
    "1962": null,
    "1963": null,
    "1964": null,
    "1965": null,
    "1966": null,
    "1967": null,
    "1968": null,
    "1969": null,
    "1970": null,
    "1971": null,
    "1972": null,
    "country": "Bangladesh",
    "Notes": 9
  },
  {
    "1949": null,
    "1950": null,
    "1951": null,
    "1952": null,
    "1953": null,
    "1954": null,
    "1955": null,
    "1956": 518.4,
    "1957": 654.9,
    "1958": 687.5,
    "1959": 663.4,
    "1960": 681.8,
    "1961": 748.4,
    "1962": 1065.4,
    "1963": 1795.4,
    "1964": 1986.7,
    "1965": 2126,
    "1966": 1661.2,
    "1967": 1487.7,
    "1968": 1586.9,
    "1969": 1691.4,
    "1970": 1833,
    "1971": 2255.3,
    "1972": 2497.2,
    "country": "India",
    "Notes": 59
  },
  {
    "1949": null,
    "1950": null,
    "1951": null,
    "1952": null,
    "1953": null,
    "1954": null,
    "1955": null,
    "1956": null,
    "1957": null,
    "1958": null,
    "1959": null,
    "1960": null,
    "1961": null,
    "1962": null,
    "1963": null,
    "1964": null,
    "1965": null,
    "1966": null,
    "1967": null,
    "1968": null,
    "1969": null,
    "1970": 5.2,
    "1971": 5.9,
    "1972": 6.5,
    "country": "Nepal",
    "Notes": null
  },
  {
    "1949": null,
    "1950": null,
    "1951": 249.7,
    "1952": 287.4,
    "1953": 251.1,
    "1954": 216.6,
    "1955": 204.4,
    "1956": 169.4,
    "1957": 153.4,
    "1958": 164.6,
    "1959": 187.4,
    "1960": 208.8,
    "1961": 210.1,
    "1962": 200.3,
    "1963": 219.7,
    "1964": 257.9,
    "1965": 439.6,
    "1966": 549.7,
    "1967": 478.3,
    "1968": 492.6,
    "1969": 552.7,
    "1970": 635.3,
    "1971": 739.4,
    "1972": 478.2,
    "country": "Pakistan",
    "Notes": 60
  },
  {
    "1949": null,
    "1950": null,
    "1951": 2.5,
    "1952": 3.2,
    "1953": 4.4,
    "1954": 7,
    "1955": 6.4,
    "1956": 7.7,
    "1957": 10.7,
    "1958": 15.5,
    "1959": 16.8,
    "1960": 16.7,
    "1961": 17.1,
    "1962": 15.8,
    "1963": 13.9,
    "1964": 13.9,
    "1965": 14.5,
    "1966": 15.3,
    "1967": 15.7,
    "1968": 14.3,
    "1969": 15.9,
    "1970": 21,
    "1971": 32.3,
    "1972": null,
    "country": "Sri Lanka",
    "Notes": 61
  },
  {
    "1949": null,
    "1950": null,
    "1951": null,
    "1952": null,
    "1953": null,
    "1954": null,
    "1955": null,
    "1956": null,
    "1957": null,
    "1958": null,
    "1959": null,
    "1960": null,
    "1961": null,
    "1962": null,
    "1963": null,
    "1964": null,
    "1965": null,
    "1966": null,
    "1967": null,
    "1968": null,
    "1969": null,
    "1970": null,
    "1971": null,
    "1972": null,
    "country": "China",
    "Notes": 55
  },
  {
    "1949": null,
    "1950": null,
    "1951": null,
    "1952": 356.5,
    "1953": 395.8,
    "1954": 475,
    "1955": 488.9,
    "1956": 456.9,
    "1957": 451.4,
    "1958": 459,
    "1959": 463.2,
    "1960": 480.6,
    "1961": 492.4,
    "1962": 538.2,
    "1963": 629.9,
    "1964": 718.1,
    "1965": 821.4,
    "1966": 932.4,
    "1967": 1039,
    "1968": 1168.2,
    "1969": 1335.4,
    "1970": 1575.3,
    "1971": 1896.5,
    "1972": 2567.5,
    "country": "Japan",
    "Notes": 56
  },
  {
    "1949": null,
    "1950": null,
    "1951": null,
    "1952": null,
    "1953": null,
    "1954": null,
    "1955": null,
    "1956": null,
    "1957": null,
    "1958": null,
    "1959": null,
    "1960": null,
    "1961": null,
    "1962": null,
    "1963": null,
    "1964": null,
    "1965": null,
    "1966": null,
    "1967": null,
    "1968": null,
    "1969": null,
    "1970": null,
    "1971": null,
    "1972": null,
    "country": "Korea, North",
    "Notes": 57
  },
  {
    "1949": null,
    "1950": 108.4,
    "1951": null,
    "1952": 64.8,
    "1953": 62.2,
    "1954": 213.3,
    "1955": 141.2,
    "1956": 250,
    "1957": 266,
    "1958": 302,
    "1959": 330,
    "1960": 275.6,
    "1961": 157.1,
    "1962": 186.2,
    "1963": 185.4,
    "1964": 137.5,
    "1965": 132.1,
    "1966": 176.9,
    "1967": 218.1,
    "1968": 278.7,
    "1969": 347,
    "1970": 386.4,
    "1971": 460.9,
    "1972": 532,
    "country": "Korea, South",
    "Notes": 58
  },
  {
    "1949": null,
    "1950": null,
    "1951": null,
    "1952": null,
    "1953": null,
    "1954": null,
    "1955": null,
    "1956": null,
    "1957": null,
    "1958": null,
    "1959": null,
    "1960": null,
    "1961": null,
    "1962": null,
    "1963": null,
    "1964": null,
    "1965": null,
    "1966": null,
    "1967": null,
    "1968": null,
    "1969": null,
    "1970": null,
    "1971": null,
    "1972": null,
    "country": "Mongolia",
    "Notes": null
  },
  {
    "1949": null,
    "1950": null,
    "1951": null,
    "1952": null,
    "1953": null,
    "1954": null,
    "1955": null,
    "1956": null,
    "1957": null,
    "1958": null,
    "1959": null,
    "1960": null,
    "1961": null,
    "1962": null,
    "1963": null,
    "1964": null,
    "1965": null,
    "1966": null,
    "1967": null,
    "1968": null,
    "1969": null,
    "1970": null,
    "1971": null,
    "1972": null,
    "country": "Taiwan",
    "Notes": null
  },
  {
    "1949": null,
    "1950": null,
    "1951": null,
    "1952": null,
    "1953": null,
    "1954": null,
    "1955": null,
    "1956": null,
    "1957": null,
    "1958": null,
    "1959": null,
    "1960": null,
    "1961": null,
    "1962": null,
    "1963": null,
    "1964": null,
    "1965": null,
    "1966": null,
    "1967": null,
    "1968": null,
    "1969": null,
    "1970": null,
    "1971": 9.9,
    "1972": 10.3,
    "country": "Brunei",
    "Notes": null
  },
  {
    "1949": null,
    "1950": null,
    "1951": null,
    "1952": null,
    "1953": null,
    "1954": null,
    "1955": null,
    "1956": null,
    "1957": null,
    "1958": null,
    "1959": null,
    "1960": null,
    "1961": null,
    "1962": null,
    "1963": null,
    "1964": null,
    "1965": null,
    "1966": null,
    "1967": null,
    "1968": null,
    "1969": null,
    "1970": null,
    "1971": null,
    "1972": null,
    "country": "Cambodia",
    "Notes": null
  },
  {
    "1949": null,
    "1950": null,
    "1951": null,
    "1952": null,
    "1953": null,
    "1954": null,
    "1955": null,
    "1956": null,
    "1957": null,
    "1958": null,
    "1959": null,
    "1960": null,
    "1961": null,
    "1962": null,
    "1963": null,
    "1964": null,
    "1965": null,
    "1966": null,
    "1967": null,
    "1968": null,
    "1969": null,
    "1970": null,
    "1971": null,
    "1972": null,
    "country": "Indonesia",
    "Notes": 62
  },
  {
    "1949": null,
    "1950": null,
    "1951": null,
    "1952": null,
    "1953": null,
    "1954": null,
    "1955": null,
    "1956": null,
    "1957": null,
    "1958": null,
    "1959": null,
    "1960": null,
    "1961": null,
    "1962": null,
    "1963": null,
    "1964": null,
    "1965": null,
    "1966": null,
    "1967": 35.5,
    "1968": 35.5,
    "1969": 36.1,
    "1970": 38,
    "1971": 39.1,
    "1972": 20.3,
    "country": "Laos",
    "Notes": null
  },
  {
    "1949": null,
    "1950": null,
    "1951": 38.2,
    "1952": 63,
    "1953": 82.3,
    "1954": 72.2,
    "1955": 62.7,
    "1956": 57.8,
    "1957": 62.7,
    "1958": 65,
    "1959": 55.5,
    "1960": 51.3,
    "1961": 42.5,
    "1962": 43.8,
    "1963": 60.8,
    "1964": 84.6,
    "1965": 118.6,
    "1966": 148.6,
    "1967": 143.4,
    "1968": 148.3,
    "1969": 143.7,
    "1970": 199.6,
    "1971": 228,
    "1972": 251.1,
    "country": "Malaysia",
    "Notes": 63
  },
  {
    "1949": null,
    "1950": null,
    "1951": 32.1,
    "1952": 46.7,
    "1953": 64.9,
    "1954": 77.6,
    "1955": 71,
    "1956": 75,
    "1957": 79.4,
    "1958": 85.4,
    "1959": 86.3,
    "1960": 89.5,
    "1961": 85.6,
    "1962": 90.7,
    "1963": 100.3,
    "1964": 97.9,
    "1965": 107.2,
    "1966": 105.5,
    "1967": 102,
    "1968": 104.6,
    "1969": 114.4,
    "1970": 122.8,
    "1971": 127.8,
    "1972": 117.2,
    "country": "Myanmar",
    "Notes": null
  },
  {
    "1949": null,
    "1950": null,
    "1951": null,
    "1952": null,
    "1953": null,
    "1954": null,
    "1955": null,
    "1956": null,
    "1957": null,
    "1958": 117.8,
    "1959": 120.5,
    "1960": 123.8,
    "1961": 128.7,
    "1962": 82.9,
    "1963": 94.2,
    "1964": 93.6,
    "1965": 93.1,
    "1966": 109.6,
    "1967": 129.5,
    "1968": 153.8,
    "1969": 189.2,
    "1970": 155.1,
    "1971": 161.3,
    "1972": 196.3,
    "country": "Philippines",
    "Notes": 65
  },
  {
    "1949": null,
    "1950": null,
    "1951": null,
    "1952": null,
    "1953": null,
    "1954": null,
    "1955": null,
    "1956": null,
    "1957": null,
    "1958": null,
    "1959": null,
    "1960": null,
    "1961": null,
    "1962": null,
    "1963": null,
    "1964": null,
    "1965": null,
    "1966": null,
    "1967": null,
    "1968": null,
    "1969": null,
    "1970": 103.6,
    "1971": 128.1,
    "1972": 150,
    "country": "Singapore",
    "Notes": null
  },
  {
    "1949": null,
    "1950": null,
    "1951": null,
    "1952": null,
    "1953": null,
    "1954": null,
    "1955": null,
    "1956": null,
    "1957": 75.6,
    "1958": 70.2,
    "1959": 68,
    "1960": 62.8,
    "1961": 58.7,
    "1962": 80.3,
    "1963": 85.5,
    "1964": 87.2,
    "1965": 94.3,
    "1966": 105.5,
    "1967": 126.3,
    "1968": 154.6,
    "1969": 184.9,
    "1970": 217.2,
    "1971": 262.7,
    "1972": 284.1,
    "country": "Thailand",
    "Notes": null
  },
  {
    "1949": null,
    "1950": null,
    "1951": null,
    "1952": null,
    "1953": null,
    "1954": null,
    "1955": null,
    "1956": null,
    "1957": null,
    "1958": null,
    "1959": null,
    "1960": null,
    "1961": null,
    "1962": null,
    "1963": null,
    "1964": null,
    "1965": null,
    "1966": null,
    "1967": null,
    "1968": null,
    "1969": null,
    "1970": null,
    "1971": null,
    "1972": null,
    "country": "Timor Leste",
    "Notes": null
  },
  {
    "1949": null,
    "1950": null,
    "1951": null,
    "1952": null,
    "1953": null,
    "1954": null,
    "1955": null,
    "1956": null,
    "1957": null,
    "1958": null,
    "1959": null,
    "1960": null,
    "1961": null,
    "1962": null,
    "1963": null,
    "1964": null,
    "1965": null,
    "1966": null,
    "1967": null,
    "1968": null,
    "1969": null,
    "1970": null,
    "1971": null,
    "1972": null,
    "country": "Viet Nam",
    "Notes": null
  },
  {
    "1949": null,
    "1950": null,
    "1951": null,
    "1952": null,
    "1953": null,
    "1954": null,
    "1955": null,
    "1956": null,
    "1957": null,
    "1958": null,
    "1959": null,
    "1960": null,
    "1961": null,
    "1962": null,
    "1963": null,
    "1964": null,
    "1965": null,
    "1966": null,
    "1967": null,
    "1968": null,
    "1969": null,
    "1970": null,
    "1971": null,
    "1972": null,
    "country": "Kazakhstan",
    "Notes": null
  },
  {
    "1949": null,
    "1950": null,
    "1951": null,
    "1952": null,
    "1953": null,
    "1954": null,
    "1955": null,
    "1956": null,
    "1957": null,
    "1958": null,
    "1959": null,
    "1960": null,
    "1961": null,
    "1962": null,
    "1963": null,
    "1964": null,
    "1965": null,
    "1966": null,
    "1967": null,
    "1968": null,
    "1969": null,
    "1970": null,
    "1971": null,
    "1972": null,
    "country": "Kyrgyz Republic",
    "Notes": 52
  },
  {
    "1949": null,
    "1950": null,
    "1951": null,
    "1952": null,
    "1953": null,
    "1954": null,
    "1955": null,
    "1956": null,
    "1957": null,
    "1958": null,
    "1959": null,
    "1960": null,
    "1961": null,
    "1962": null,
    "1963": null,
    "1964": null,
    "1965": null,
    "1966": null,
    "1967": null,
    "1968": null,
    "1969": null,
    "1970": null,
    "1971": null,
    "1972": null,
    "country": "Tajikistan",
    "Notes": null
  },
  {
    "1949": null,
    "1950": null,
    "1951": null,
    "1952": null,
    "1953": null,
    "1954": null,
    "1955": null,
    "1956": null,
    "1957": null,
    "1958": null,
    "1959": null,
    "1960": null,
    "1961": null,
    "1962": null,
    "1963": null,
    "1964": null,
    "1965": null,
    "1966": null,
    "1967": null,
    "1968": null,
    "1969": null,
    "1970": null,
    "1971": null,
    "1972": null,
    "country": "Turkmenistan",
    "Notes": null
  },
  {
    "1949": null,
    "1950": null,
    "1951": null,
    "1952": null,
    "1953": null,
    "1954": null,
    "1955": null,
    "1956": null,
    "1957": null,
    "1958": null,
    "1959": null,
    "1960": null,
    "1961": null,
    "1962": null,
    "1963": null,
    "1964": null,
    "1965": null,
    "1966": null,
    "1967": null,
    "1968": null,
    "1969": null,
    "1970": null,
    "1971": null,
    "1972": null,
    "country": "Uzbekistan",
    "Notes": null
  },
  {
    "1949": null,
    "1950": null,
    "1951": null,
    "1952": null,
    "1953": null,
    "1954": null,
    "1955": null,
    "1956": null,
    "1957": null,
    "1958": null,
    "1959": null,
    "1960": null,
    "1961": null,
    "1962": null,
    "1963": null,
    "1964": null,
    "1965": null,
    "1966": null,
    "1967": null,
    "1968": null,
    "1969": null,
    "1970": null,
    "1971": null,
    "1972": null,
    "country": "Albania",
    "Notes": null
  },
  {
    "1949": null,
    "1950": null,
    "1951": null,
    "1952": null,
    "1953": null,
    "1954": null,
    "1955": null,
    "1956": null,
    "1957": null,
    "1958": null,
    "1959": null,
    "1960": null,
    "1961": null,
    "1962": null,
    "1963": null,
    "1964": null,
    "1965": null,
    "1966": null,
    "1967": null,
    "1968": null,
    "1969": null,
    "1970": null,
    "1971": null,
    "1972": null,
    "country": "Bosnia and Herzegovina",
    "Notes": null
  },
  {
    "1949": null,
    "1950": null,
    "1951": null,
    "1952": null,
    "1953": null,
    "1954": null,
    "1955": null,
    "1956": null,
    "1957": null,
    "1958": null,
    "1959": null,
    "1960": null,
    "1961": null,
    "1962": null,
    "1963": null,
    "1964": null,
    "1965": null,
    "1966": null,
    "1967": null,
    "1968": null,
    "1969": null,
    "1970": null,
    "1971": null,
    "1972": null,
    "country": "Bulgaria",
    "Notes": null
  },
  {
    "1949": null,
    "1950": null,
    "1951": null,
    "1952": null,
    "1953": null,
    "1954": null,
    "1955": null,
    "1956": null,
    "1957": null,
    "1958": null,
    "1959": null,
    "1960": null,
    "1961": null,
    "1962": null,
    "1963": null,
    "1964": null,
    "1965": null,
    "1966": null,
    "1967": null,
    "1968": null,
    "1969": null,
    "1970": null,
    "1971": null,
    "1972": null,
    "country": "Croatia",
    "Notes": 70
  },
  {
    "1949": null,
    "1950": null,
    "1951": null,
    "1952": null,
    "1953": null,
    "1954": null,
    "1955": null,
    "1956": null,
    "1957": null,
    "1958": null,
    "1959": null,
    "1960": null,
    "1961": null,
    "1962": null,
    "1963": null,
    "1964": null,
    "1965": null,
    "1966": null,
    "1967": null,
    "1968": null,
    "1969": null,
    "1970": null,
    "1971": null,
    "1972": null,
    "country": "Czechia",
    "Notes": 71
  },
  {
    "1949": null,
    "1950": null,
    "1951": null,
    "1952": null,
    "1953": null,
    "1954": null,
    "1955": null,
    "1956": null,
    "1957": null,
    "1958": null,
    "1959": null,
    "1960": null,
    "1961": null,
    "1962": null,
    "1963": null,
    "1964": null,
    "1965": null,
    "1966": null,
    "1967": null,
    "1968": null,
    "1969": null,
    "1970": null,
    "1971": null,
    "1972": null,
    "country": "Czechoslovakia",
    "Notes": 72
  },
  {
    "1949": null,
    "1950": null,
    "1951": null,
    "1952": null,
    "1953": null,
    "1954": null,
    "1955": null,
    "1956": null,
    "1957": null,
    "1958": null,
    "1959": null,
    "1960": null,
    "1961": null,
    "1962": null,
    "1963": null,
    "1964": null,
    "1965": null,
    "1966": null,
    "1967": null,
    "1968": null,
    "1969": null,
    "1970": null,
    "1971": null,
    "1972": null,
    "country": "Estonia",
    "Notes": null
  },
  {
    "1949": null,
    "1950": null,
    "1951": null,
    "1952": null,
    "1953": null,
    "1954": null,
    "1955": null,
    "1956": null,
    "1957": null,
    "1958": null,
    "1959": null,
    "1960": null,
    "1961": null,
    "1962": null,
    "1963": null,
    "1964": null,
    "1965": null,
    "1966": null,
    "1967": null,
    "1968": null,
    "1969": null,
    "1970": null,
    "1971": null,
    "1972": null,
    "country": "German Democratic Republic",
    "Notes": 74
  },
  {
    "1949": null,
    "1950": null,
    "1951": null,
    "1952": null,
    "1953": null,
    "1954": null,
    "1955": null,
    "1956": null,
    "1957": null,
    "1958": null,
    "1959": null,
    "1960": null,
    "1961": null,
    "1962": null,
    "1963": null,
    "1964": null,
    "1965": null,
    "1966": null,
    "1967": null,
    "1968": 150.2,
    "1969": 173.3,
    "1970": 223.3,
    "1971": 225.7,
    "1972": 231.6,
    "country": "Hungary",
    "Notes": null
  },
  {
    "1949": null,
    "1950": null,
    "1951": null,
    "1952": null,
    "1953": null,
    "1954": null,
    "1955": null,
    "1956": null,
    "1957": null,
    "1958": null,
    "1959": null,
    "1960": null,
    "1961": null,
    "1962": null,
    "1963": null,
    "1964": null,
    "1965": null,
    "1966": null,
    "1967": null,
    "1968": null,
    "1969": null,
    "1970": null,
    "1971": null,
    "1972": null,
    "country": "Kosovo",
    "Notes": null
  },
  {
    "1949": null,
    "1950": null,
    "1951": null,
    "1952": null,
    "1953": null,
    "1954": null,
    "1955": null,
    "1956": null,
    "1957": null,
    "1958": null,
    "1959": null,
    "1960": null,
    "1961": null,
    "1962": null,
    "1963": null,
    "1964": null,
    "1965": null,
    "1966": null,
    "1967": null,
    "1968": null,
    "1969": null,
    "1970": null,
    "1971": null,
    "1972": null,
    "country": "Latvia",
    "Notes": null
  },
  {
    "1949": null,
    "1950": null,
    "1951": null,
    "1952": null,
    "1953": null,
    "1954": null,
    "1955": null,
    "1956": null,
    "1957": null,
    "1958": null,
    "1959": null,
    "1960": null,
    "1961": null,
    "1962": null,
    "1963": null,
    "1964": null,
    "1965": null,
    "1966": null,
    "1967": null,
    "1968": null,
    "1969": null,
    "1970": null,
    "1971": null,
    "1972": null,
    "country": "Lithuania",
    "Notes": null
  },
  {
    "1949": null,
    "1950": null,
    "1951": null,
    "1952": null,
    "1953": null,
    "1954": null,
    "1955": null,
    "1956": null,
    "1957": null,
    "1958": null,
    "1959": null,
    "1960": null,
    "1961": null,
    "1962": null,
    "1963": null,
    "1964": null,
    "1965": null,
    "1966": null,
    "1967": null,
    "1968": null,
    "1969": null,
    "1970": null,
    "1971": null,
    "1972": null,
    "country": "North Macedonia",
    "Notes": null
  },
  {
    "1949": null,
    "1950": null,
    "1951": null,
    "1952": null,
    "1953": null,
    "1954": null,
    "1955": null,
    "1956": null,
    "1957": null,
    "1958": null,
    "1959": null,
    "1960": null,
    "1961": null,
    "1962": null,
    "1963": null,
    "1964": null,
    "1965": null,
    "1966": null,
    "1967": null,
    "1968": null,
    "1969": null,
    "1970": null,
    "1971": null,
    "1972": null,
    "country": "Montenegro",
    "Notes": 76
  },
  {
    "1949": null,
    "1950": null,
    "1951": 950,
    "1952": 1525,
    "1953": 2275,
    "1954": 2475,
    "1955": 2925,
    "1956": 2900,
    "1957": 2425,
    "1958": 2700,
    "1959": 3375,
    "1960": 3550,
    "1961": 4025,
    "1962": 4375,
    "1963": 4950,
    "1964": 5200,
    "1965": 5525,
    "1966": 5975,
    "1967": 6275,
    "1968": 7225,
    "1969": 7975,
    "1970": 8525,
    "1971": 9452.1,
    "1972": 10054.3,
    "country": "Poland",
    "Notes": 78
  },
  {
    "1949": null,
    "1950": null,
    "1951": null,
    "1952": null,
    "1953": null,
    "1954": null,
    "1955": null,
    "1956": null,
    "1957": 833.5,
    "1958": 785.5,
    "1959": 752.5,
    "1960": 740.8,
    "1961": 794.7,
    "1962": 902,
    "1963": 904.8,
    "1964": 949.2,
    "1965": 1034,
    "1966": 1076,
    "1967": 1123.8,
    "1968": 1255.8,
    "1969": 1380,
    "1970": 1542,
    "1971": 1618.3,
    "1972": 1824.6,
    "country": "Romania",
    "Notes": null
  },
  {
    "1949": null,
    "1950": null,
    "1951": null,
    "1952": null,
    "1953": null,
    "1954": null,
    "1955": null,
    "1956": null,
    "1957": null,
    "1958": null,
    "1959": null,
    "1960": null,
    "1961": null,
    "1962": null,
    "1963": null,
    "1964": null,
    "1965": null,
    "1966": null,
    "1967": null,
    "1968": null,
    "1969": null,
    "1970": null,
    "1971": null,
    "1972": null,
    "country": "Serbia",
    "Notes": 79
  },
  {
    "1949": null,
    "1950": null,
    "1951": null,
    "1952": null,
    "1953": null,
    "1954": null,
    "1955": null,
    "1956": null,
    "1957": null,
    "1958": null,
    "1959": null,
    "1960": null,
    "1961": null,
    "1962": null,
    "1963": null,
    "1964": null,
    "1965": null,
    "1966": null,
    "1967": null,
    "1968": null,
    "1969": null,
    "1970": null,
    "1971": null,
    "1972": null,
    "country": "Slovakia",
    "Notes": null
  },
  {
    "1949": null,
    "1950": null,
    "1951": null,
    "1952": null,
    "1953": null,
    "1954": null,
    "1955": null,
    "1956": null,
    "1957": null,
    "1958": null,
    "1959": null,
    "1960": null,
    "1961": null,
    "1962": null,
    "1963": null,
    "1964": null,
    "1965": null,
    "1966": null,
    "1967": null,
    "1968": null,
    "1969": null,
    "1970": null,
    "1971": null,
    "1972": null,
    "country": "Slovenia",
    "Notes": null
  },
  {
    "1949": null,
    "1950": null,
    "1951": null,
    "1952": null,
    "1953": null,
    "1954": null,
    "1955": null,
    "1956": null,
    "1957": null,
    "1958": null,
    "1959": null,
    "1960": null,
    "1961": null,
    "1962": null,
    "1963": null,
    "1964": null,
    "1965": null,
    "1966": null,
    "1967": null,
    "1968": null,
    "1969": null,
    "1970": null,
    "1971": null,
    "1972": null,
    "country": "Yugoslavia",
    "Notes": 80
  },
  {
    "1949": null,
    "1950": null,
    "1951": null,
    "1952": null,
    "1953": null,
    "1954": null,
    "1955": null,
    "1956": null,
    "1957": null,
    "1958": null,
    "1959": null,
    "1960": null,
    "1961": null,
    "1962": null,
    "1963": null,
    "1964": null,
    "1965": null,
    "1966": null,
    "1967": null,
    "1968": null,
    "1969": null,
    "1970": null,
    "1971": null,
    "1972": null,
    "country": "Armenia",
    "Notes": null
  },
  {
    "1949": null,
    "1950": null,
    "1951": null,
    "1952": null,
    "1953": null,
    "1954": null,
    "1955": null,
    "1956": null,
    "1957": null,
    "1958": null,
    "1959": null,
    "1960": null,
    "1961": null,
    "1962": null,
    "1963": null,
    "1964": null,
    "1965": null,
    "1966": null,
    "1967": null,
    "1968": null,
    "1969": null,
    "1970": null,
    "1971": null,
    "1972": null,
    "country": "Azerbaijan",
    "Notes": null
  },
  {
    "1949": null,
    "1950": null,
    "1951": null,
    "1952": null,
    "1953": null,
    "1954": null,
    "1955": null,
    "1956": null,
    "1957": null,
    "1958": null,
    "1959": null,
    "1960": null,
    "1961": null,
    "1962": null,
    "1963": null,
    "1964": null,
    "1965": null,
    "1966": null,
    "1967": null,
    "1968": null,
    "1969": null,
    "1970": null,
    "1971": null,
    "1972": null,
    "country": "Belarus",
    "Notes": null
  },
  {
    "1949": null,
    "1950": null,
    "1951": null,
    "1952": null,
    "1953": null,
    "1954": null,
    "1955": null,
    "1956": null,
    "1957": null,
    "1958": null,
    "1959": null,
    "1960": null,
    "1961": null,
    "1962": null,
    "1963": null,
    "1964": null,
    "1965": null,
    "1966": null,
    "1967": null,
    "1968": null,
    "1969": null,
    "1970": null,
    "1971": null,
    "1972": null,
    "country": "Georgia",
    "Notes": null
  },
  {
    "1949": null,
    "1950": null,
    "1951": null,
    "1952": null,
    "1953": null,
    "1954": null,
    "1955": null,
    "1956": null,
    "1957": null,
    "1958": null,
    "1959": null,
    "1960": null,
    "1961": null,
    "1962": null,
    "1963": null,
    "1964": null,
    "1965": null,
    "1966": null,
    "1967": null,
    "1968": null,
    "1969": null,
    "1970": null,
    "1971": null,
    "1972": null,
    "country": "Moldova",
    "Notes": null
  },
  {
    "1949": null,
    "1950": null,
    "1951": null,
    "1952": null,
    "1953": null,
    "1954": null,
    "1955": null,
    "1956": null,
    "1957": null,
    "1958": null,
    "1959": null,
    "1960": null,
    "1961": null,
    "1962": null,
    "1963": null,
    "1964": null,
    "1965": null,
    "1966": null,
    "1967": null,
    "1968": null,
    "1969": null,
    "1970": null,
    "1971": null,
    "1972": null,
    "country": "Russia",
    "Notes": 83
  },
  {
    "1949": null,
    "1950": null,
    "1951": null,
    "1952": null,
    "1953": null,
    "1954": null,
    "1955": null,
    "1956": null,
    "1957": null,
    "1958": null,
    "1959": null,
    "1960": null,
    "1961": null,
    "1962": null,
    "1963": null,
    "1964": null,
    "1965": null,
    "1966": null,
    "1967": null,
    "1968": null,
    "1969": null,
    "1970": null,
    "1971": null,
    "1972": null,
    "country": "Ukraine",
    "Notes": 84
  },
  {
    "1949": null,
    "1950": null,
    "1951": null,
    "1952": null,
    "1953": null,
    "1954": null,
    "1955": null,
    "1956": null,
    "1957": null,
    "1958": null,
    "1959": null,
    "1960": null,
    "1961": null,
    "1962": null,
    "1963": null,
    "1964": null,
    "1965": null,
    "1966": null,
    "1967": null,
    "1968": null,
    "1969": null,
    "1970": null,
    "1971": null,
    "1972": null,
    "country": "USSR",
    "Notes": null
  },
  {
    "1949": null,
    "1950": null,
    "1951": null,
    "1952": null,
    "1953": null,
    "1954": null,
    "1955": null,
    "1956": null,
    "1957": 82.6,
    "1958": 95.8,
    "1959": 95.8,
    "1960": 91.6,
    "1961": 91,
    "1962": 100,
    "1963": 126,
    "1964": 164.6,
    "1965": 142.9,
    "1966": 167.8,
    "1967": 176.8,
    "1968": 182.1,
    "1969": 193.2,
    "1970": 199.5,
    "1971": 209.3,
    "1972": 249.4,
    "country": "Austria",
    "Notes": null
  },
  {
    "1949": 182.3,
    "1950": 165.2,
    "1951": 267.7,
    "1952": 399.3,
    "1953": 396.3,
    "1954": 414.1,
    "1955": 341.3,
    "1956": 341.3,
    "1957": 367.1,
    "1958": 366.2,
    "1959": 373.7,
    "1960": 383.2,
    "1961": 391.2,
    "1962": 422.2,
    "1963": 444.6,
    "1964": 497.1,
    "1965": 500.7,
    "1966": 563.4,
    "1967": 607.9,
    "1968": 646.4,
    "1969": 675.1,
    "1970": 747.8,
    "1971": 828.7,
    "1972": 1026.6,
    "country": "Belgium",
    "Notes": null
  },
  {
    "1949": null,
    "1950": null,
    "1951": null,
    "1952": null,
    "1953": null,
    "1954": null,
    "1955": null,
    "1956": null,
    "1957": null,
    "1958": null,
    "1959": null,
    "1960": null,
    "1961": null,
    "1962": null,
    "1963": null,
    "1964": null,
    "1965": null,
    "1966": null,
    "1967": null,
    "1968": null,
    "1969": null,
    "1970": null,
    "1971": null,
    "1972": null,
    "country": "Cyprus",
    "Notes": null
  },
  {
    "1949": 69.3,
    "1950": 52,
    "1951": 68.8,
    "1952": 97.9,
    "1953": 128.7,
    "1954": 128.1,
    "1955": 133.2,
    "1956": 135.5,
    "1957": 146.5,
    "1958": 143,
    "1959": 142.8,
    "1960": 161.1,
    "1961": 170.8,
    "1962": 224.6,
    "1963": 239,
    "1964": 255.4,
    "1965": 285.8,
    "1966": 301.1,
    "1967": 323.3,
    "1968": 345.5,
    "1969": 352,
    "1970": 395.6,
    "1971": 430.2,
    "1972": 487.2,
    "country": "Denmark",
    "Notes": null
  },
  {
    "1949": null,
    "1950": null,
    "1951": null,
    "1952": null,
    "1953": null,
    "1954": null,
    "1955": null,
    "1956": null,
    "1957": null,
    "1958": 69.1,
    "1959": 82.5,
    "1960": 89.6,
    "1961": 105.4,
    "1962": 154.4,
    "1963": 128.6,
    "1964": 139.9,
    "1965": 149.6,
    "1966": 152.9,
    "1967": 146.7,
    "1968": 150.1,
    "1969": 140.3,
    "1970": 152.9,
    "1971": 177.6,
    "1972": 220.8,
    "country": "Finland",
    "Notes": 85
  },
  {
    "1949": 1211.3,
    "1950": 1343,
    "1951": 2114.5,
    "1952": 3007.1,
    "1953": 3284.3,
    "1954": 2810.6,
    "1955": 2645,
    "1956": 3527.7,
    "1957": 3623.4,
    "1958": 3315.7,
    "1959": 3049.9,
    "1960": 3260.1,
    "1961": 3469.9,
    "1962": 3774.3,
    "1963": 3887.5,
    "1964": 4131,
    "1965": 4304.5,
    "1966": 4548.1,
    "1967": 4919,
    "1968": 5149,
    "1969": 4964,
    "1970": 4941.1,
    "1971": 5292,
    "1972": 6326.1,
    "country": "France",
    "Notes": 101
  },
  {
    "1949": null,
    "1950": null,
    "1951": null,
    "1952": null,
    "1953": 1381.8,
    "1954": 1402.3,
    "1955": 1647.1,
    "1956": 1608.7,
    "1957": 1999.2,
    "1958": 1528.8,
    "1959": 2473.3,
    "1960": 2702.6,
    "1961": 3060.5,
    "1962": 4036.6,
    "1963": 4666.9,
    "1964": 4580,
    "1965": 4664.6,
    "1966": 4744.3,
    "1967": 5014.6,
    "1968": 4523.1,
    "1969": 5126.7,
    "1970": 5778.4,
    "1971": 6798.3,
    "1972": 8438.8,
    "country": "Germany",
    "Notes": null
  },
  {
    "1949": 324.7,
    "1950": 131.4,
    "1951": 174.3,
    "1952": 177,
    "1953": 105,
    "1954": 114.3,
    "1955": 122.9,
    "1956": 164.6,
    "1957": 149.2,
    "1958": 149,
    "1959": 157.8,
    "1960": 170.3,
    "1961": 167.8,
    "1962": 170,
    "1963": 179.5,
    "1964": 188.2,
    "1965": 209.7,
    "1966": 239,
    "1967": 313,
    "1968": 366.8,
    "1969": 425.4,
    "1970": 473.6,
    "1971": 516,
    "1972": 573.7,
    "country": "Greece",
    "Notes": null
  },
  {
    "1949": null,
    "1950": null,
    "1951": null,
    "1952": null,
    "1953": null,
    "1954": null,
    "1955": null,
    "1956": null,
    "1957": null,
    "1958": null,
    "1959": null,
    "1960": null,
    "1961": null,
    "1962": null,
    "1963": null,
    "1964": null,
    "1965": null,
    "1966": null,
    "1967": null,
    "1968": null,
    "1969": null,
    "1970": null,
    "1971": null,
    "1972": null,
    "country": "Iceland",
    "Notes": 86
  },
  {
    "1949": null,
    "1950": null,
    "1951": null,
    "1952": null,
    "1953": null,
    "1954": null,
    "1955": null,
    "1956": null,
    "1957": null,
    "1958": 23,
    "1959": 24.1,
    "1960": 25.8,
    "1961": 27.6,
    "1962": 29.2,
    "1963": 30.2,
    "1964": 36.1,
    "1965": 39.1,
    "1966": 38.3,
    "1967": 39.7,
    "1968": 37.1,
    "1969": 41.6,
    "1970": 51,
    "1971": 63.5,
    "1972": 84,
    "country": "Ireland",
    "Notes": null
  },
  {
    "1949": 467.2,
    "1950": 501.3,
    "1951": 648.6,
    "1952": 739.4,
    "1953": 681.2,
    "1954": 770.5,
    "1955": 782.1,
    "1956": 828.8,
    "1957": 867.3,
    "1958": 918.5,
    "1959": 952.6,
    "1960": 1009.3,
    "1961": 1062.9,
    "1962": 1222,
    "1963": 1463.3,
    "1964": 1586.7,
    "1965": 1719.9,
    "1966": 1904.6,
    "1967": 1928.8,
    "1968": 1991.2,
    "1969": 2003.8,
    "1970": 2216.8,
    "1971": 2648.1,
    "1972": 3289.4,
    "country": "Italy",
    "Notes": 87
  },
  {
    "1949": 2.2,
    "1950": 3.1,
    "1951": 4.8,
    "1952": 7.9,
    "1953": 8.8,
    "1954": 10.2,
    "1955": 11.1,
    "1956": 7.1,
    "1957": 7.9,
    "1958": 7.7,
    "1959": 7.3,
    "1960": 4.8,
    "1961": 5.2,
    "1962": 6.4,
    "1963": 6.3,
    "1964": 8.4,
    "1965": 8.6,
    "1966": 9,
    "1967": 7.4,
    "1968": 6.8,
    "1969": 7.1,
    "1970": 7.5,
    "1971": 8.2,
    "1972": 10.6,
    "country": "Luxembourg",
    "Notes": 88
  },
  {
    "1949": null,
    "1950": null,
    "1951": null,
    "1952": null,
    "1953": null,
    "1954": null,
    "1955": null,
    "1956": null,
    "1957": null,
    "1958": null,
    "1959": null,
    "1960": null,
    "1961": null,
    "1962": null,
    "1963": null,
    "1964": null,
    "1965": null,
    "1966": null,
    "1967": null,
    "1968": null,
    "1969": null,
    "1970": null,
    "1971": null,
    "1972": null,
    "country": "Malta",
    "Notes": null
  },
  {
    "1949": 231.3,
    "1950": 237.1,
    "1951": 278.9,
    "1952": 329.7,
    "1953": 350,
    "1954": 416.6,
    "1955": 447.1,
    "1956": 487.9,
    "1957": 485.5,
    "1958": 435.8,
    "1959": 396,
    "1960": 454.7,
    "1961": 551.5,
    "1962": 603.9,
    "1963": 637.4,
    "1964": 735.4,
    "1965": 750,
    "1966": 770.7,
    "1967": 883.9,
    "1968": 905.8,
    "1969": 1017.2,
    "1970": 1079.9,
    "1971": 1249.4,
    "1972": 1522.2,
    "country": "Netherlands",
    "Notes": null
  },
  {
    "1949": 67.2,
    "1950": 50,
    "1951": 80.1,
    "1952": 116.3,
    "1953": 149.4,
    "1954": 159.7,
    "1955": 133.4,
    "1956": 135.4,
    "1957": 146.9,
    "1958": 143.4,
    "1959": 155,
    "1960": 148.1,
    "1961": 165.1,
    "1962": 191.9,
    "1963": 205.1,
    "1964": 219.8,
    "1965": 265.6,
    "1966": 272.6,
    "1967": 293.6,
    "1968": 322,
    "1969": 350.3,
    "1970": 388.4,
    "1971": 428.3,
    "1972": 491.6,
    "country": "Norway",
    "Notes": null
  },
  {
    "1949": 41.1,
    "1950": 39.8,
    "1951": 40.8,
    "1952": 44.4,
    "1953": 51.9,
    "1954": 55.1,
    "1955": 58.9,
    "1956": 60.4,
    "1957": 62.8,
    "1958": 65.3,
    "1959": 74.1,
    "1960": 79.4,
    "1961": 129.3,
    "1962": 150.9,
    "1963": 150.4,
    "1964": 169.5,
    "1965": 175.5,
    "1966": 194.2,
    "1967": 251.5,
    "1968": 280.9,
    "1969": 283.1,
    "1970": 329.3,
    "1971": 391.4,
    "1972": 447.9,
    "country": "Portugal",
    "Notes": null
  },
  {
    "1949": 144.5,
    "1950": 148.7,
    "1951": 154.5,
    "1952": 192,
    "1953": 191.3,
    "1954": 198.1,
    "1955": 222.9,
    "1956": 250.4,
    "1957": 273.8,
    "1958": 267.8,
    "1959": 225.5,
    "1960": 232.8,
    "1961": 239.3,
    "1962": 308.8,
    "1963": 316.5,
    "1964": 386.8,
    "1965": 439.4,
    "1966": 560.9,
    "1967": 545.9,
    "1968": 668.8,
    "1969": 805.7,
    "1970": 859.1,
    "1971": 900.6,
    "1972": 1256.2,
    "country": "Spain",
    "Notes": 89
  },
  {
    "1949": null,
    "1950": null,
    "1951": null,
    "1952": null,
    "1953": null,
    "1954": null,
    "1955": null,
    "1956": null,
    "1957": null,
    "1958": null,
    "1959": null,
    "1960": 526.8,
    "1961": 564.7,
    "1962": 636.3,
    "1963": 697.9,
    "1964": 758.6,
    "1965": 844.5,
    "1966": 907,
    "1967": 922,
    "1968": 941,
    "1969": 1017.3,
    "1970": 1118.2,
    "1971": 1238.8,
    "1972": 1458.1,
    "country": "Sweden",
    "Notes": null
  },
  {
    "1949": null,
    "1950": null,
    "1951": null,
    "1952": null,
    "1953": null,
    "1954": null,
    "1955": null,
    "1956": null,
    "1957": 201.5,
    "1958": 218.6,
    "1959": 210.6,
    "1960": 200.1,
    "1961": 237.4,
    "1962": 273.7,
    "1963": 295,
    "1964": 329.5,
    "1965": 343.5,
    "1966": 378.2,
    "1967": 383.3,
    "1968": 373.9,
    "1969": 409.1,
    "1970": 436.1,
    "1971": 511.4,
    "1972": 601.4,
    "country": "Switzerland",
    "Notes": null
  },
  {
    "1949": null,
    "1950": 2603.3,
    "1951": 3362.5,
    "1952": 4564.7,
    "1953": 5169,
    "1954": 4999.9,
    "1955": 4907.6,
    "1956": 5018.7,
    "1957": 4960,
    "1958": 4967.8,
    "1959": 4976.4,
    "1960": 5129.9,
    "1961": 5308.3,
    "1962": 5597.1,
    "1963": 5810.8,
    "1964": 6159.9,
    "1965": 6475.3,
    "1966": 6692.1,
    "1967": 6933.2,
    "1968": 6220.5,
    "1969": 6199.7,
    "1970": 6792.1,
    "1971": 7518.4,
    "1972": 8789.2,
    "country": "United Kingdom",
    "Notes": 91
  },
  {
    "1949": null,
    "1950": null,
    "1951": null,
    "1952": null,
    "1953": null,
    "1954": null,
    "1955": null,
    "1956": null,
    "1957": null,
    "1958": null,
    "1959": null,
    "1960": null,
    "1961": null,
    "1962": null,
    "1963": null,
    "1964": null,
    "1965": null,
    "1966": null,
    "1967": null,
    "1968": null,
    "1969": null,
    "1970": null,
    "1971": null,
    "1972": null,
    "country": "European Union",
    "Notes": null
  },
  {
    "1949": null,
    "1950": null,
    "1951": null,
    "1952": null,
    "1953": null,
    "1954": null,
    "1955": null,
    "1956": null,
    "1957": null,
    "1958": null,
    "1959": null,
    "1960": null,
    "1961": null,
    "1962": null,
    "1963": null,
    "1964": null,
    "1965": null,
    "1966": null,
    "1967": null,
    "1968": null,
    "1969": null,
    "1970": null,
    "1971": 11.6,
    "1972": 12.5,
    "country": "Bahrain",
    "Notes": 8
  },
  {
    "1949": null,
    "1950": null,
    "1951": null,
    "1952": null,
    "1953": null,
    "1954": null,
    "1955": null,
    "1956": null,
    "1957": null,
    "1958": null,
    "1959": null,
    "1960": null,
    "1961": null,
    "1962": 249.7,
    "1963": 335.8,
    "1964": 448.5,
    "1965": 515.2,
    "1966": 481.8,
    "1967": 508.3,
    "1968": 648.6,
    "1969": 888.9,
    "1970": 1092.5,
    "1971": 1266.1,
    "1972": 1066,
    "country": "Egypt",
    "Notes": null
  },
  {
    "1949": null,
    "1950": null,
    "1951": null,
    "1952": null,
    "1953": null,
    "1954": null,
    "1955": null,
    "1956": null,
    "1957": null,
    "1958": null,
    "1959": null,
    "1960": 98.7,
    "1961": 105.9,
    "1962": 109.9,
    "1963": 128.7,
    "1964": 155.4,
    "1965": 200,
    "1966": 256.1,
    "1967": 331,
    "1968": 437.3,
    "1969": 566,
    "1970": 620.1,
    "1971": 402.3,
    "1972": 371.9,
    "country": "Iran",
    "Notes": 92
  },
  {
    "1949": null,
    "1950": null,
    "1951": null,
    "1952": null,
    "1953": null,
    "1954": null,
    "1955": null,
    "1956": null,
    "1957": 83.2,
    "1958": 86.7,
    "1959": 100.2,
    "1960": 118.7,
    "1961": 125.5,
    "1962": 135.1,
    "1963": 163.2,
    "1964": 185.2,
    "1965": 225.7,
    "1966": 235,
    "1967": 234.5,
    "1968": 291.4,
    "1969": 376,
    "1970": 401.1,
    "1971": 426.3,
    "1972": 466.1,
    "country": "Iraq",
    "Notes": null
  },
  {
    "1949": null,
    "1950": null,
    "1951": 139.7,
    "1952": 172.4,
    "1953": 75.6,
    "1954": 57.6,
    "1955": 84.7,
    "1956": 173.9,
    "1957": 163.6,
    "1958": 159,
    "1959": 171.3,
    "1960": 190.3,
    "1961": 241.8,
    "1962": 210.6,
    "1963": 259.3,
    "1964": 278.6,
    "1965": 313.9,
    "1966": 375.5,
    "1967": 605.5,
    "1968": 690,
    "1969": 872,
    "1970": 1259.6,
    "1971": 1270.7,
    "1972": 1461.4,
    "country": "Israel",
    "Notes": 94
  },
  {
    "1949": null,
    "1950": null,
    "1951": null,
    "1952": null,
    "1953": null,
    "1954": null,
    "1955": null,
    "1956": null,
    "1957": 45.4,
    "1958": 48.4,
    "1959": 59,
    "1960": 56.1,
    "1961": 55.5,
    "1962": 60.4,
    "1963": 61.9,
    "1964": 61.9,
    "1965": 62.9,
    "1966": 76.1,
    "1967": 104.7,
    "1968": 127.7,
    "1969": null,
    "1970": 109.8,
    "1971": 108.6,
    "1972": 129.4,
    "country": "Jordan",
    "Notes": null
  },
  {
    "1949": null,
    "1950": null,
    "1951": null,
    "1952": null,
    "1953": null,
    "1954": null,
    "1955": null,
    "1956": null,
    "1957": null,
    "1958": null,
    "1959": null,
    "1960": null,
    "1961": null,
    "1962": null,
    "1963": null,
    "1964": null,
    "1965": null,
    "1966": null,
    "1967": null,
    "1968": null,
    "1969": null,
    "1970": 68.7,
    "1971": 73.4,
    "1972": 90.7,
    "country": "Kuwait",
    "Notes": 95
  },
  {
    "1949": null,
    "1950": null,
    "1951": null,
    "1952": null,
    "1953": null,
    "1954": null,
    "1955": 12.5,
    "1956": 18.1,
    "1957": 18.7,
    "1958": 21.8,
    "1959": 20.7,
    "1960": 22.9,
    "1961": 27.8,
    "1962": 40.9,
    "1963": 33.9,
    "1964": 38.1,
    "1965": 44.6,
    "1966": 51.4,
    "1967": 57.7,
    "1968": 65.6,
    "1969": 65.1,
    "1970": 64.5,
    "1971": 66.9,
    "1972": 106.2,
    "country": "Lebanon",
    "Notes": null
  },
  {
    "1949": null,
    "1950": null,
    "1951": null,
    "1952": null,
    "1953": null,
    "1954": null,
    "1955": null,
    "1956": null,
    "1957": null,
    "1958": null,
    "1959": null,
    "1960": null,
    "1961": null,
    "1962": null,
    "1963": null,
    "1964": null,
    "1965": null,
    "1966": null,
    "1967": null,
    "1968": null,
    "1969": null,
    "1970": null,
    "1971": 29.1,
    "1972": 54.5,
    "country": "Oman",
    "Notes": null
  },
  {
    "1949": null,
    "1950": null,
    "1951": null,
    "1952": null,
    "1953": null,
    "1954": null,
    "1955": null,
    "1956": null,
    "1957": null,
    "1958": null,
    "1959": null,
    "1960": null,
    "1961": null,
    "1962": null,
    "1963": null,
    "1964": null,
    "1965": null,
    "1966": null,
    "1967": null,
    "1968": null,
    "1969": null,
    "1970": null,
    "1971": null,
    "1972": null,
    "country": "Qatar",
    "Notes": null
  },
  {
    "1949": null,
    "1950": null,
    "1951": null,
    "1952": null,
    "1953": null,
    "1954": null,
    "1955": null,
    "1956": null,
    "1957": null,
    "1958": 71.2,
    "1959": 72.3,
    "1960": 140.9,
    "1961": 71.6,
    "1962": 84.2,
    "1963": 113.8,
    "1964": 123.6,
    "1965": 177.8,
    "1966": 300.4,
    "1967": 336.2,
    "1968": 338.7,
    "1969": 429.3,
    "1970": 471.6,
    "1971": 587.3,
    "1972": 930.6,
    "country": "Saudi Arabia",
    "Notes": 97
  },
  {
    "1949": null,
    "1950": null,
    "1951": null,
    "1952": null,
    "1953": null,
    "1954": null,
    "1955": null,
    "1956": 55.6,
    "1957": 48.3,
    "1958": 81,
    "1959": 83,
    "1960": 90.2,
    "1961": 90.2,
    "1962": 149.6,
    "1963": null,
    "1964": 112,
    "1965": 118.1,
    "1966": 102.4,
    "1967": 118.6,
    "1968": 190.1,
    "1969": 194.5,
    "1970": 199.7,
    "1971": 177,
    "1972": 260.2,
    "country": "Syria",
    "Notes": null
  },
  {
    "1949": 197.7,
    "1950": 213,
    "1951": 231.8,
    "1952": 257.8,
    "1953": 294,
    "1954": 332.1,
    "1955": 382.9,
    "1956": 412.1,
    "1957": 450.1,
    "1958": 523.1,
    "1959": 766.2,
    "1960": 468.8,
    "1961": 301.3,
    "1962": 330.4,
    "1963": 350,
    "1964": 380.9,
    "1965": 422.7,
    "1966": 442,
    "1967": 508.4,
    "1968": 570.7,
    "1969": 596.8,
    "1970": 564.9,
    "1971": 570.9,
    "1972": 704,
    "country": "Türkiye",
    "Notes": null
  },
  {
    "1949": null,
    "1950": null,
    "1951": null,
    "1952": null,
    "1953": null,
    "1954": null,
    "1955": null,
    "1956": null,
    "1957": null,
    "1958": null,
    "1959": null,
    "1960": null,
    "1961": null,
    "1962": null,
    "1963": null,
    "1964": null,
    "1965": null,
    "1966": null,
    "1967": null,
    "1968": null,
    "1969": null,
    "1970": null,
    "1971": null,
    "1972": null,
    "country": "United Arab Emirates",
    "Notes": null
  },
  {
    "1949": null,
    "1950": null,
    "1951": null,
    "1952": null,
    "1953": null,
    "1954": null,
    "1955": null,
    "1956": null,
    "1957": null,
    "1958": null,
    "1959": null,
    "1960": null,
    "1961": null,
    "1962": null,
    "1963": null,
    "1964": null,
    "1965": null,
    "1966": null,
    "1967": null,
    "1968": null,
    "1969": null,
    "1970": null,
    "1971": null,
    "1972": null,
    "country": "Yemen, North",
    "Notes": null
  },
  {
    "1949": null,
    "1950": null,
    "1951": null,
    "1952": null,
    "1953": null,
    "1954": null,
    "1955": null,
    "1956": null,
    "1957": null,
    "1958": null,
    "1959": null,
    "1960": null,
    "1961": null,
    "1962": null,
    "1963": null,
    "1964": null,
    "1965": null,
    "1966": null,
    "1967": null,
    "1968": null,
    "1969": null,
    "1970": null,
    "1971": null,
    "1972": null,
    "country": "Yemen",
    "Notes": null
  }
]