[
  {
    "1949": null,
    "1950": null,
    "1951": null,
    "1952": null,
    "1953": null,
    "1954": null,
    "1955": null,
    "1956": null,
    "1957": null,
    "1958": null,
    "1959": null,
    "1960": 213000000,
    "1961": 227000000,
    "1962": null,
    "1963": 328000000,
    "1964": 493000000,
    "1965": 521000000,
    "1966": 516000000,
    "1967": 490000000,
    "1968": 490000000,
    "1969": 490000000,
    "1970": 488000000,
    "1971": 491000000,
    "country": "Algeria",
    "Currency": null,
    "Notes": null
  },
  {
    "1949": null,
    "1950": null,
    "1951": null,
    "1952": null,
    "1953": null,
    "1954": null,
    "1955": null,
    "1956": null,
    "1957": null,
    "1958": null,
    "1959": 1990000,
    "1960": 1990000,
    "1961": 2560000,
    "1962": 5960000,
    "1963": 6670000,
    "1964": 7670000,
    "1965": 10400000,
    "1966": 20900000,
    "1967": 28400000,
    "1968": 34100000,
    "1969": 51100000,
    "1970": 86600000,
    "1971": 86600000,
    "country": "Libya",
    "Currency": null,
    "Notes": null
  },
  {
    "1949": null,
    "1950": null,
    "1951": null,
    "1952": null,
    "1953": null,
    "1954": null,
    "1955": null,
    "1956": 83000000,
    "1957": 127000000,
    "1958": 175000000,
    "1959": 204000000,
    "1960": 210500000,
    "1961": 244300000,
    "1962": 272500000,
    "1963": 379000000,
    "1964": 354200000,
    "1965": 319700000,
    "1966": 343800000,
    "1967": 356000000,
    "1968": 460000000,
    "1969": 430000000,
    "1970": 450000000,
    "1971": 562000000,
    "country": "Morocco",
    "Currency": null,
    "Notes": null
  },
  {
    "1949": null,
    "1950": null,
    "1951": null,
    "1952": null,
    "1953": null,
    "1954": null,
    "1955": null,
    "1956": 1300000,
    "1957": 2300000,
    "1958": 4000000,
    "1959": 6000000,
    "1960": 6700000,
    "1961": 7800000,
    "1962": 6000000,
    "1963": 6400000,
    "1964": 7800000,
    "1965": 6700000,
    "1966": 7200000,
    "1967": 8100000,
    "1968": 9200000,
    "1969": 8900000,
    "1970": 11800000,
    "1971": 13000000,
    "country": "Tunisia",
    "Currency": null,
    "Notes": null
  },
  {
    "1949": null,
    "1950": null,
    "1951": null,
    "1952": null,
    "1953": null,
    "1954": null,
    "1955": null,
    "1956": null,
    "1957": null,
    "1958": null,
    "1959": null,
    "1960": null,
    "1961": null,
    "1962": null,
    "1963": null,
    "1964": null,
    "1965": null,
    "1966": null,
    "1967": null,
    "1968": null,
    "1969": null,
    "1970": null,
    "1971": null,
    "country": "Angola",
    "Currency": null,
    "Notes": null
  },
  {
    "1949": null,
    "1950": null,
    "1951": null,
    "1952": null,
    "1953": null,
    "1954": null,
    "1955": null,
    "1956": null,
    "1957": null,
    "1958": null,
    "1959": null,
    "1960": 319000000,
    "1961": 533000000,
    "1962": 670000000,
    "1963": 726000000,
    "1964": 932000000,
    "1965": 979000000,
    "1966": 915000000,
    "1967": 962000000,
    "1968": 1063000000,
    "1969": 1044000000,
    "1970": 1133000000,
    "1971": 1180000000,
    "country": "Benin",
    "Currency": null,
    "Notes": null
  },
  {
    "1949": null,
    "1950": null,
    "1951": null,
    "1952": null,
    "1953": null,
    "1954": null,
    "1955": null,
    "1956": null,
    "1957": null,
    "1958": null,
    "1959": null,
    "1960": null,
    "1961": null,
    "1962": null,
    "1963": null,
    "1964": null,
    "1965": null,
    "1966": null,
    "1967": null,
    "1968": null,
    "1969": null,
    "1970": null,
    "1971": null,
    "country": "Botswana",
    "Currency": null,
    "Notes": null
  },
  {
    "1949": null,
    "1950": null,
    "1951": null,
    "1952": null,
    "1953": null,
    "1954": null,
    "1955": null,
    "1956": null,
    "1957": null,
    "1958": null,
    "1959": null,
    "1960": 311000000,
    "1961": 403000000,
    "1962": 1201000000,
    "1963": 1294000000,
    "1964": 1313000000,
    "1965": 860000000,
    "1966": 960000000,
    "1967": 909000000,
    "1968": 931000000,
    "1969": 1046000000,
    "1970": 1157000000,
    "1971": 1196000000,
    "country": "Burkina Faso",
    "Currency": null,
    "Notes": null
  },
  {
    "1949": null,
    "1950": null,
    "1951": null,
    "1952": null,
    "1953": null,
    "1954": null,
    "1955": null,
    "1956": null,
    "1957": null,
    "1958": null,
    "1959": null,
    "1960": null,
    "1961": 19000000,
    "1962": 421000000,
    "1963": 50600000,
    "1964": 58100000,
    "1965": 181700000,
    "1966": 200100000,
    "1967": 207900000,
    "1968": 226700000,
    "1969": 292000000,
    "1970": null,
    "1971": 230000000,
    "country": "Burundi",
    "Currency": null,
    "Notes": null
  },
  {
    "1949": null,
    "1950": null,
    "1951": null,
    "1952": null,
    "1953": null,
    "1954": null,
    "1955": null,
    "1956": null,
    "1957": null,
    "1958": null,
    "1959": null,
    "1960": null,
    "1961": null,
    "1962": null,
    "1963": null,
    "1964": null,
    "1965": null,
    "1966": null,
    "1967": null,
    "1968": null,
    "1969": null,
    "1970": 5622000000,
    "1971": 5920500000,
    "country": "Cameroon",
    "Currency": null,
    "Notes": null
  },
  {
    "1949": null,
    "1950": null,
    "1951": null,
    "1952": null,
    "1953": null,
    "1954": null,
    "1955": null,
    "1956": null,
    "1957": null,
    "1958": null,
    "1959": null,
    "1960": null,
    "1961": null,
    "1962": null,
    "1963": null,
    "1964": null,
    "1965": null,
    "1966": null,
    "1967": null,
    "1968": null,
    "1969": null,
    "1970": null,
    "1971": null,
    "country": "Cape Verde",
    "Currency": null,
    "Notes": null
  },
  {
    "1949": null,
    "1950": null,
    "1951": null,
    "1952": null,
    "1953": null,
    "1954": null,
    "1955": null,
    "1956": null,
    "1957": null,
    "1958": null,
    "1959": null,
    "1960": null,
    "1961": null,
    "1962": null,
    "1963": null,
    "1964": null,
    "1965": null,
    "1966": null,
    "1967": null,
    "1968": null,
    "1969": null,
    "1970": null,
    "1971": null,
    "country": "Central African Republic",
    "Currency": null,
    "Notes": 14
  },
  {
    "1949": null,
    "1950": null,
    "1951": null,
    "1952": null,
    "1953": null,
    "1954": null,
    "1955": null,
    "1956": null,
    "1957": null,
    "1958": null,
    "1959": null,
    "1960": null,
    "1961": null,
    "1962": null,
    "1963": null,
    "1964": null,
    "1965": null,
    "1966": null,
    "1967": null,
    "1968": null,
    "1969": null,
    "1970": null,
    "1971": null,
    "country": "Chad",
    "Currency": null,
    "Notes": null
  },
  {
    "1949": null,
    "1950": null,
    "1951": null,
    "1952": null,
    "1953": null,
    "1954": null,
    "1955": null,
    "1956": null,
    "1957": null,
    "1958": null,
    "1959": null,
    "1960": null,
    "1961": null,
    "1962": null,
    "1963": null,
    "1964": null,
    "1965": null,
    "1966": null,
    "1967": null,
    "1968": null,
    "1969": null,
    "1970": null,
    "1971": null,
    "country": "Congo, DR",
    "Currency": null,
    "Notes": null
  },
  {
    "1949": null,
    "1950": null,
    "1951": null,
    "1952": null,
    "1953": null,
    "1954": null,
    "1955": null,
    "1956": null,
    "1957": null,
    "1958": null,
    "1959": null,
    "1960": null,
    "1961": null,
    "1962": null,
    "1963": null,
    "1964": null,
    "1965": null,
    "1966": null,
    "1967": null,
    "1968": null,
    "1969": null,
    "1970": 3621000000,
    "1971": 3786000000,
    "country": "Congo, Republic",
    "Currency": null,
    "Notes": null
  },
  {
    "1949": null,
    "1950": null,
    "1951": null,
    "1952": null,
    "1953": null,
    "1954": null,
    "1955": null,
    "1956": null,
    "1957": null,
    "1958": null,
    "1959": null,
    "1960": null,
    "1961": null,
    "1962": 2148000000,
    "1963": 1976000000,
    "1964": 2742000000,
    "1965": 3162000000,
    "1966": 3260000000,
    "1967": 3619000000,
    "1968": 3789000000,
    "1969": 4200000000,
    "1970": 4900000000,
    "1971": 6600000000,
    "country": "Cote d'Ivoire",
    "Currency": null,
    "Notes": 18
  },
  {
    "1949": null,
    "1950": null,
    "1951": null,
    "1952": null,
    "1953": null,
    "1954": null,
    "1955": null,
    "1956": null,
    "1957": null,
    "1958": null,
    "1959": null,
    "1960": null,
    "1961": null,
    "1962": null,
    "1963": null,
    "1964": null,
    "1965": null,
    "1966": null,
    "1967": null,
    "1968": null,
    "1969": null,
    "1970": null,
    "1971": null,
    "country": "Djibouti",
    "Currency": null,
    "Notes": null
  },
  {
    "1949": null,
    "1950": null,
    "1951": null,
    "1952": null,
    "1953": null,
    "1954": null,
    "1955": null,
    "1956": null,
    "1957": null,
    "1958": null,
    "1959": null,
    "1960": null,
    "1961": null,
    "1962": null,
    "1963": null,
    "1964": null,
    "1965": null,
    "1966": null,
    "1967": null,
    "1968": null,
    "1969": null,
    "1970": null,
    "1971": null,
    "country": "Equatorial Guinea",
    "Currency": null,
    "Notes": null
  },
  {
    "1949": null,
    "1950": null,
    "1951": null,
    "1952": null,
    "1953": null,
    "1954": null,
    "1955": null,
    "1956": null,
    "1957": null,
    "1958": null,
    "1959": null,
    "1960": null,
    "1961": null,
    "1962": null,
    "1963": null,
    "1964": null,
    "1965": null,
    "1966": null,
    "1967": null,
    "1968": null,
    "1969": null,
    "1970": null,
    "1971": null,
    "country": "Eritrea",
    "Currency": null,
    "Notes": null
  },
  {
    "1949": null,
    "1950": null,
    "1951": null,
    "1952": null,
    "1953": null,
    "1954": null,
    "1955": null,
    "1956": null,
    "1957": 37450000,
    "1958": 40250000,
    "1959": 37750000,
    "1960": 38100000,
    "1961": 46100000,
    "1962": 50150000,
    "1963": 67800000,
    "1964": 90350000,
    "1965": 107250000,
    "1966": 108550000,
    "1967": 92500000,
    "1968": 86650000,
    "1969": 86050000,
    "1970": 86350000,
    "1971": 90100000,
    "country": "Ethiopia",
    "Currency": null,
    "Notes": null
  },
  {
    "1949": null,
    "1950": null,
    "1951": null,
    "1952": null,
    "1953": null,
    "1954": null,
    "1955": null,
    "1956": null,
    "1957": null,
    "1958": null,
    "1959": null,
    "1960": null,
    "1961": null,
    "1962": null,
    "1963": null,
    "1964": null,
    "1965": null,
    "1966": null,
    "1967": 740000000,
    "1968": 740000000,
    "1969": 1131000000,
    "1970": 1282000000,
    "1971": 1514000000,
    "country": "Gabon",
    "Currency": null,
    "Notes": null
  },
  {
    "1949": null,
    "1950": null,
    "1951": null,
    "1952": null,
    "1953": null,
    "1954": null,
    "1955": null,
    "1956": null,
    "1957": null,
    "1958": null,
    "1959": null,
    "1960": null,
    "1961": null,
    "1962": null,
    "1963": null,
    "1964": null,
    "1965": null,
    "1966": null,
    "1967": null,
    "1968": null,
    "1969": null,
    "1970": null,
    "1971": null,
    "country": "Gambia, The",
    "Currency": null,
    "Notes": null
  },
  {
    "1949": null,
    "1950": null,
    "1951": null,
    "1952": null,
    "1953": null,
    "1954": null,
    "1955": null,
    "1956": null,
    "1957": null,
    "1958": 714,
    "1959": 836,
    "1960": 1487,
    "1961": 1960,
    "1962": 1995,
    "1963": 2220,
    "1964": 2378,
    "1965": 2540,
    "1966": 3380,
    "1967": null,
    "1968": 4515,
    "1969": 5000,
    "1970": 4785,
    "1971": 4255,
    "country": "Ghana",
    "Currency": null,
    "Notes": null
  },
  {
    "1949": null,
    "1950": null,
    "1951": null,
    "1952": null,
    "1953": null,
    "1954": null,
    "1955": null,
    "1956": null,
    "1957": null,
    "1958": null,
    "1959": null,
    "1960": null,
    "1961": null,
    "1962": null,
    "1963": null,
    "1964": null,
    "1965": 259000000,
    "1966": 343000000,
    "1967": null,
    "1968": 350000000,
    "1969": 363000000,
    "1970": 372000000,
    "1971": 648000000,
    "country": "Guinea",
    "Currency": null,
    "Notes": 23
  },
  {
    "1949": null,
    "1950": null,
    "1951": null,
    "1952": null,
    "1953": null,
    "1954": null,
    "1955": null,
    "1956": null,
    "1957": null,
    "1958": null,
    "1959": null,
    "1960": null,
    "1961": null,
    "1962": null,
    "1963": null,
    "1964": null,
    "1965": null,
    "1966": null,
    "1967": null,
    "1968": null,
    "1969": null,
    "1970": null,
    "1971": null,
    "country": "Guinea-Bissau",
    "Currency": null,
    "Notes": null
  },
  {
    "1949": null,
    "1950": null,
    "1951": null,
    "1952": null,
    "1953": null,
    "1954": null,
    "1955": null,
    "1956": null,
    "1957": null,
    "1958": null,
    "1959": null,
    "1960": 18500000,
    "1961": 6400000,
    "1962": 4800000,
    "1963": 13300000,
    "1964": 42000000,
    "1965": 70700000,
    "1966": 93200000,
    "1967": 114200000,
    "1968": 116900000,
    "1969": 112500000,
    "1970": 121600000,
    "1971": 157700000,
    "country": "Kenya",
    "Currency": null,
    "Notes": null
  },
  {
    "1949": null,
    "1950": null,
    "1951": null,
    "1952": null,
    "1953": null,
    "1954": null,
    "1955": null,
    "1956": null,
    "1957": null,
    "1958": null,
    "1959": null,
    "1960": null,
    "1961": null,
    "1962": null,
    "1963": null,
    "1964": null,
    "1965": null,
    "1966": null,
    "1967": null,
    "1968": null,
    "1969": null,
    "1970": null,
    "1971": null,
    "country": "Lesotho",
    "Currency": null,
    "Notes": null
  },
  {
    "1949": null,
    "1950": null,
    "1951": null,
    "1952": null,
    "1953": null,
    "1954": null,
    "1955": null,
    "1956": null,
    "1957": null,
    "1958": null,
    "1959": null,
    "1960": null,
    "1961": null,
    "1962": null,
    "1963": null,
    "1964": null,
    "1965": 2700000,
    "1966": 2800000,
    "1967": 3050000,
    "1968": 3050000,
    "1969": 3050000,
    "1970": 3550000,
    "1971": 4050000,
    "country": "Liberia",
    "Currency": null,
    "Notes": 25
  },
  {
    "1949": null,
    "1950": null,
    "1951": null,
    "1952": null,
    "1953": null,
    "1954": null,
    "1955": null,
    "1956": null,
    "1957": null,
    "1958": null,
    "1959": null,
    "1960": 79200000,
    "1961": 418800000,
    "1962": 453200000,
    "1963": 442200000,
    "1964": 466800000,
    "1965": 528800000,
    "1966": 560000000,
    "1967": 598000000,
    "1968": 644000000,
    "1969": 676000000,
    "1970": 674000000,
    "1971": 707000000,
    "country": "Madagascar",
    "Currency": null,
    "Notes": null
  },
  {
    "1949": null,
    "1950": null,
    "1951": null,
    "1952": null,
    "1953": null,
    "1954": null,
    "1955": null,
    "1956": null,
    "1957": null,
    "1958": null,
    "1959": null,
    "1960": null,
    "1961": null,
    "1962": null,
    "1963": null,
    "1964": null,
    "1965": 1265000,
    "1966": 1320000,
    "1967": 1545000,
    "1968": 1567500,
    "1969": 1632500,
    "1970": 1712500,
    "1971": 1947500,
    "country": "Malawi",
    "Currency": null,
    "Notes": null
  },
  {
    "1949": null,
    "1950": null,
    "1951": null,
    "1952": null,
    "1953": null,
    "1954": null,
    "1955": null,
    "1956": null,
    "1957": null,
    "1958": null,
    "1959": null,
    "1960": null,
    "1961": 962000000,
    "1962": 1064000000,
    "1963": 1072000000,
    "1964": 1268000000,
    "1965": 1139000000,
    "1966": 1139000000,
    "1967": 1250000000,
    "1968": 1300000000,
    "1969": 1475000000,
    "1970": 1700000000,
    "1971": 1600000000,
    "country": "Mali",
    "Currency": null,
    "Notes": null
  },
  {
    "1949": null,
    "1950": null,
    "1951": null,
    "1952": null,
    "1953": null,
    "1954": null,
    "1955": null,
    "1956": null,
    "1957": null,
    "1958": null,
    "1959": null,
    "1960": null,
    "1961": null,
    "1962": null,
    "1963": null,
    "1964": null,
    "1965": null,
    "1966": null,
    "1967": null,
    "1968": null,
    "1969": null,
    "1970": null,
    "1971": null,
    "country": "Mauritania",
    "Currency": null,
    "Notes": null
  },
  {
    "1949": null,
    "1950": null,
    "1951": null,
    "1952": null,
    "1953": null,
    "1954": null,
    "1955": null,
    "1956": null,
    "1957": null,
    "1958": null,
    "1959": null,
    "1960": null,
    "1961": null,
    "1962": null,
    "1963": 1440000,
    "1964": 1500000,
    "1965": 1505000,
    "1966": 1510000,
    "1967": 1510000,
    "1968": 1505000,
    "1969": 1870000,
    "1970": 2300000,
    "1971": 2600000,
    "country": "Mauritius",
    "Currency": null,
    "Notes": null
  },
  {
    "1949": null,
    "1950": null,
    "1951": null,
    "1952": null,
    "1953": null,
    "1954": null,
    "1955": null,
    "1956": null,
    "1957": null,
    "1958": null,
    "1959": null,
    "1960": null,
    "1961": null,
    "1962": null,
    "1963": null,
    "1964": null,
    "1965": null,
    "1966": null,
    "1967": null,
    "1968": null,
    "1969": null,
    "1970": null,
    "1971": null,
    "country": "Mozambique",
    "Currency": null,
    "Notes": null
  },
  {
    "1949": null,
    "1950": null,
    "1951": null,
    "1952": null,
    "1953": null,
    "1954": null,
    "1955": null,
    "1956": null,
    "1957": null,
    "1958": null,
    "1959": null,
    "1960": null,
    "1961": null,
    "1962": null,
    "1963": null,
    "1964": null,
    "1965": null,
    "1966": null,
    "1967": null,
    "1968": null,
    "1969": null,
    "1970": null,
    "1971": null,
    "country": "Namibia",
    "Currency": null,
    "Notes": null
  },
  {
    "1949": null,
    "1950": null,
    "1951": null,
    "1952": null,
    "1953": null,
    "1954": null,
    "1955": null,
    "1956": null,
    "1957": null,
    "1958": null,
    "1959": null,
    "1960": null,
    "1961": null,
    "1962": null,
    "1963": null,
    "1964": null,
    "1965": null,
    "1966": null,
    "1967": null,
    "1968": null,
    "1969": null,
    "1970": null,
    "1971": null,
    "country": "Niger",
    "Currency": null,
    "Notes": null
  },
  {
    "1949": null,
    "1950": null,
    "1951": null,
    "1952": null,
    "1953": null,
    "1954": null,
    "1955": null,
    "1956": null,
    "1957": null,
    "1958": null,
    "1959": null,
    "1960": 16700000,
    "1961": 20200000,
    "1962": 27600000,
    "1963": 32500000,
    "1964": 38800000,
    "1965": 47100000,
    "1966": 39800000,
    "1967": 171400000,
    "1968": 263600000,
    "1969": 488900000,
    "1970": 473100000,
    "1971": 455700000,
    "country": "Nigeria",
    "Currency": null,
    "Notes": null
  },
  {
    "1949": null,
    "1950": null,
    "1951": null,
    "1952": null,
    "1953": null,
    "1954": null,
    "1955": null,
    "1956": null,
    "1957": null,
    "1958": null,
    "1959": null,
    "1960": null,
    "1961": null,
    "1962": null,
    "1963": null,
    "1964": null,
    "1965": null,
    "1966": null,
    "1967": null,
    "1968": null,
    "1969": null,
    "1970": null,
    "1971": null,
    "country": "Rwanda",
    "Currency": null,
    "Notes": 29
  },
  {
    "1949": null,
    "1950": null,
    "1951": null,
    "1952": null,
    "1953": null,
    "1954": null,
    "1955": null,
    "1956": null,
    "1957": null,
    "1958": null,
    "1959": null,
    "1960": null,
    "1961": null,
    "1962": null,
    "1963": null,
    "1964": null,
    "1965": null,
    "1966": null,
    "1967": null,
    "1968": null,
    "1969": null,
    "1970": null,
    "1971": null,
    "country": "Senegal",
    "Currency": null,
    "Notes": null
  },
  {
    "1949": null,
    "1950": null,
    "1951": null,
    "1952": null,
    "1953": null,
    "1954": null,
    "1955": null,
    "1956": null,
    "1957": null,
    "1958": null,
    "1959": null,
    "1960": null,
    "1961": null,
    "1962": null,
    "1963": null,
    "1964": null,
    "1965": null,
    "1966": null,
    "1967": null,
    "1968": null,
    "1969": null,
    "1970": null,
    "1971": null,
    "country": "Seychelles",
    "Currency": null,
    "Notes": null
  },
  {
    "1949": null,
    "1950": null,
    "1951": null,
    "1952": null,
    "1953": null,
    "1954": null,
    "1955": null,
    "1956": null,
    "1957": null,
    "1958": null,
    "1959": 1600,
    "1960": 1400,
    "1961": 1379,
    "1962": 1417,
    "1963": 1540,
    "1964": 1681,
    "1965": 1790,
    "1966": 1814,
    "1967": 2088,
    "1968": 2215,
    "1969": 2748,
    "1970": 3322,
    "1971": 3133,
    "country": "Sierra Leone",
    "Currency": null,
    "Notes": 31
  },
  {
    "1949": null,
    "1950": null,
    "1951": null,
    "1952": null,
    "1953": null,
    "1954": null,
    "1955": null,
    "1956": null,
    "1957": null,
    "1958": null,
    "1959": null,
    "1960": null,
    "1961": 3160000,
    "1962": 3700000,
    "1963": 4480000,
    "1964": 5420000,
    "1965": 5170000,
    "1966": 6500000,
    "1967": 7530000,
    "1968": 8340000,
    "1969": 9000000,
    "1970": 11200000,
    "1971": 11400000,
    "country": "Somalia",
    "Currency": null,
    "Notes": 32
  },
  {
    "1949": null,
    "1950": null,
    "1951": 46250000,
    "1952": 53250000,
    "1953": 47000000,
    "1954": 45000000,
    "1955": 48000000,
    "1956": 55000000,
    "1957": 58500000,
    "1958": 45500000,
    "1959": 43250000,
    "1960": 50000000,
    "1961": 81250000,
    "1962": 133000000,
    "1963": 135000000,
    "1964": 194000000,
    "1965": 206750000,
    "1966": 231750000,
    "1967": 266500000,
    "1968": 285500000,
    "1969": 304000000,
    "1970": 298500000,
    "1971": 347500000,
    "country": "South Africa",
    "Currency": null,
    "Notes": null
  },
  {
    "1949": null,
    "1950": null,
    "1951": null,
    "1952": null,
    "1953": null,
    "1954": null,
    "1955": null,
    "1956": null,
    "1957": null,
    "1958": null,
    "1959": null,
    "1960": null,
    "1961": null,
    "1962": null,
    "1963": null,
    "1964": null,
    "1965": null,
    "1966": null,
    "1967": null,
    "1968": null,
    "1969": null,
    "1970": null,
    "1971": null,
    "country": "South Sudan",
    "Currency": null,
    "Notes": 33
  },
  {
    "1949": null,
    "1950": 1670,
    "1951": 1340,
    "1952": 1720,
    "1953": 1920,
    "1954": 2910,
    "1955": 2710,
    "1956": 3360,
    "1957": 4910,
    "1958": 5000,
    "1959": 5780,
    "1960": 6500,
    "1961": 7140,
    "1962": 8650,
    "1963": 9800,
    "1964": 14580,
    "1965": 19630,
    "1966": 17520,
    "1967": 18200,
    "1968": 20100,
    "1969": 30300,
    "1970": 37700,
    "1971": 38300,
    "country": "Sudan",
    "Currency": null,
    "Notes": null
  },
  {
    "1949": null,
    "1950": null,
    "1951": null,
    "1952": null,
    "1953": null,
    "1954": null,
    "1955": null,
    "1956": null,
    "1957": null,
    "1958": null,
    "1959": null,
    "1960": null,
    "1961": null,
    "1962": null,
    "1963": null,
    "1964": null,
    "1965": null,
    "1966": null,
    "1967": null,
    "1968": null,
    "1969": null,
    "1970": null,
    "1971": null,
    "country": "Eswatini",
    "Currency": null,
    "Notes": null
  },
  {
    "1949": null,
    "1950": null,
    "1951": null,
    "1952": null,
    "1953": null,
    "1954": null,
    "1955": null,
    "1956": null,
    "1957": null,
    "1958": null,
    "1959": null,
    "1960": null,
    "1961": null,
    "1962": null,
    "1963": null,
    "1964": null,
    "1965": null,
    "1966": null,
    "1967": 104500000,
    "1968": 116000000,
    "1969": 143500000,
    "1970": 211000000,
    "1971": 304000000,
    "country": "Tanzania",
    "Currency": null,
    "Notes": null
  },
  {
    "1949": null,
    "1950": null,
    "1951": null,
    "1952": null,
    "1953": null,
    "1954": null,
    "1955": null,
    "1956": null,
    "1957": null,
    "1958": null,
    "1959": null,
    "1960": null,
    "1961": 80200000,
    "1962": 175000000,
    "1963": 278000000,
    "1964": 829000000,
    "1965": 824000000,
    "1966": 710000000,
    "1967": 764000000,
    "1968": 814000000,
    "1969": 893000000,
    "1970": 1009000000,
    "1971": 1152000000,
    "country": "Togo",
    "Currency": null,
    "Notes": null
  },
  {
    "1949": null,
    "1950": null,
    "1951": null,
    "1952": null,
    "1953": null,
    "1954": null,
    "1955": null,
    "1956": null,
    "1957": null,
    "1958": null,
    "1959": null,
    "1960": null,
    "1961": 10000,
    "1962": 52000,
    "1963": 195000,
    "1964": 392000,
    "1965": 767000,
    "1966": 1019000,
    "1967": 1203000,
    "1968": 1424500,
    "1969": 1633000,
    "1970": 1902000,
    "1971": 3763500,
    "country": "Uganda",
    "Currency": null,
    "Notes": null
  },
  {
    "1949": null,
    "1950": null,
    "1951": null,
    "1952": null,
    "1953": null,
    "1954": null,
    "1955": null,
    "1956": null,
    "1957": null,
    "1958": null,
    "1959": null,
    "1960": null,
    "1961": null,
    "1962": null,
    "1963": null,
    "1964": null,
    "1965": null,
    "1966": null,
    "1967": null,
    "1968": null,
    "1969": null,
    "1970": null,
    "1971": null,
    "country": "Zambia",
    "Currency": null,
    "Notes": null
  },
  {
    "1949": null,
    "1950": null,
    "1951": null,
    "1952": null,
    "1953": null,
    "1954": null,
    "1955": null,
    "1956": null,
    "1957": null,
    "1958": null,
    "1959": null,
    "1960": null,
    "1961": null,
    "1962": null,
    "1963": null,
    "1964": 12650000,
    "1965": 15600000,
    "1966": 16950000,
    "1967": 19000000,
    "1968": 30600000,
    "1969": 42350000,
    "1970": 45950000,
    "1971": 49850000,
    "country": "Zimbabwe",
    "Currency": null,
    "Notes": null
  },
  {
    "1949": null,
    "1950": null,
    "1951": null,
    "1952": null,
    "1953": null,
    "1954": null,
    "1955": null,
    "1956": null,
    "1957": null,
    "1958": null,
    "1959": null,
    "1960": null,
    "1961": null,
    "1962": null,
    "1963": null,
    "1964": null,
    "1965": null,
    "1966": null,
    "1967": null,
    "1968": null,
    "1969": null,
    "1970": null,
    "1971": null,
    "country": "Belize",
    "Currency": null,
    "Notes": null
  },
  {
    "1949": null,
    "1950": null,
    "1951": null,
    "1952": null,
    "1953": null,
    "1954": null,
    "1955": null,
    "1956": null,
    "1957": null,
    "1958": null,
    "1959": null,
    "1960": null,
    "1961": null,
    "1962": null,
    "1963": null,
    "1964": null,
    "1965": null,
    "1966": null,
    "1967": null,
    "1968": null,
    "1969": null,
    "1970": null,
    "1971": null,
    "country": "Costa Rica",
    "Currency": null,
    "Notes": 37
  },
  {
    "1949": null,
    "1950": null,
    "1951": null,
    "1952": null,
    "1953": null,
    "1954": null,
    "1955": null,
    "1956": null,
    "1957": null,
    "1958": null,
    "1959": null,
    "1960": null,
    "1961": null,
    "1962": null,
    "1963": null,
    "1964": null,
    "1965": null,
    "1966": null,
    "1967": null,
    "1968": null,
    "1969": null,
    "1970": null,
    "1971": null,
    "country": "Cuba",
    "Currency": null,
    "Notes": null
  },
  {
    "1949": null,
    "1950": null,
    "1951": null,
    "1952": null,
    "1953": null,
    "1954": null,
    "1955": null,
    "1956": null,
    "1957": null,
    "1958": 39600000,
    "1959": null,
    "1960": 38300000,
    "1961": 36300000,
    "1962": 38000000,
    "1963": 39000000,
    "1964": 42500000,
    "1965": 40200000,
    "1966": 37200000,
    "1967": 35800000,
    "1968": 37300000,
    "1969": 35600000,
    "1970": 35900000,
    "1971": 36600000,
    "country": "Dominican Republic",
    "Currency": null,
    "Notes": null
  },
  {
    "1949": null,
    "1950": null,
    "1951": null,
    "1952": null,
    "1953": 4432235,
    "1954": null,
    "1955": null,
    "1956": 4986264,
    "1957": 5502085,
    "1958": 5444771,
    "1959": 4470444,
    "1960": 4384474,
    "1961": 4441787,
    "1962": 6218502,
    "1963": 6103875,
    "1964": 5724174,
    "1965": 6483576,
    "1966": 6591039,
    "1967": 6777307,
    "1968": 6619696,
    "1969": 7508053,
    "1970": 7135516,
    "1971": 8516584,
    "country": "El Salvador",
    "Currency": null,
    "Notes": 39
  },
  {
    "1949": null,
    "1950": null,
    "1951": null,
    "1952": null,
    "1953": null,
    "1954": null,
    "1955": 10654777,
    "1956": 11434395,
    "1957": 12214013,
    "1958": 12084076,
    "1959": 13123567,
    "1960": 12084076,
    "1961": 12084076,
    "1962": 11954140,
    "1963": 14812739,
    "1964": 12993631,
    "1965": 18580892,
    "1966": 19100637,
    "1967": 21179618,
    "1968": 20400000,
    "1969": 17600000,
    "1970": 32300000,
    "1971": 22200000,
    "country": "Guatemala",
    "Currency": null,
    "Notes": null
  },
  {
    "1949": null,
    "1950": null,
    "1951": null,
    "1952": null,
    "1953": null,
    "1954": null,
    "1955": null,
    "1956": null,
    "1957": null,
    "1958": null,
    "1959": null,
    "1960": null,
    "1961": null,
    "1962": null,
    "1963": null,
    "1964": null,
    "1965": null,
    "1966": null,
    "1967": null,
    "1968": null,
    "1969": null,
    "1970": null,
    "1971": null,
    "country": "Haiti",
    "Currency": null,
    "Notes": null
  },
  {
    "1949": null,
    "1950": null,
    "1951": 4612500,
    "1952": 4562500,
    "1953": 5207500,
    "1954": 5097500,
    "1955": 6045000,
    "1956": 6452500,
    "1957": 9807500,
    "1958": 10900000,
    "1959": 9960000,
    "1960": 7840000,
    "1961": 7660000,
    "1962": 7660000,
    "1963": 7640000,
    "1964": 11700000,
    "1965": 12500000,
    "1966": 13000000,
    "1967": 13600000,
    "1968": 14100000,
    "1969": 14400000,
    "1970": 19800000,
    "1971": 22800000,
    "country": "Honduras",
    "Currency": null,
    "Notes": 41
  },
  {
    "1949": null,
    "1950": null,
    "1951": null,
    "1952": null,
    "1953": null,
    "1954": null,
    "1955": null,
    "1956": null,
    "1957": null,
    "1958": null,
    "1959": null,
    "1960": null,
    "1961": null,
    "1962": null,
    "1963": null,
    "1964": null,
    "1965": null,
    "1966": null,
    "1967": null,
    "1968": null,
    "1969": null,
    "1970": null,
    "1971": null,
    "country": "Jamaica",
    "Currency": null,
    "Notes": null
  },
  {
    "1949": 301000,
    "1950": 355000,
    "1951": 405000,
    "1952": 428000,
    "1953": 478000,
    "1954": 632000,
    "1955": 694000,
    "1956": 743000,
    "1957": 848000,
    "1958": 884000,
    "1959": 888000,
    "1960": 1050000,
    "1961": 1080000,
    "1962": 1240000,
    "1963": 1400000,
    "1964": 1500000,
    "1965": 1490000,
    "1966": 1630000,
    "1967": 1670000,
    "1968": 1860000,
    "1969": 2250000,
    "1970": 2210000,
    "1971": 2390000,
    "country": "Mexico",
    "Currency": null,
    "Notes": null
  },
  {
    "1949": null,
    "1950": null,
    "1951": null,
    "1952": null,
    "1953": null,
    "1954": null,
    "1955": null,
    "1956": null,
    "1957": null,
    "1958": null,
    "1959": null,
    "1960": null,
    "1961": null,
    "1962": null,
    "1963": null,
    "1964": null,
    "1965": null,
    "1966": null,
    "1967": null,
    "1968": null,
    "1969": null,
    "1970": null,
    "1971": null,
    "country": "Nicaragua",
    "Currency": null,
    "Notes": 42
  },
  {
    "1949": null,
    "1950": null,
    "1951": null,
    "1952": null,
    "1953": null,
    "1954": null,
    "1955": null,
    "1956": null,
    "1957": null,
    "1958": null,
    "1959": null,
    "1960": null,
    "1961": null,
    "1962": null,
    "1963": null,
    "1964": null,
    "1965": null,
    "1966": null,
    "1967": null,
    "1968": null,
    "1969": null,
    "1970": null,
    "1971": null,
    "country": "Panama",
    "Currency": null,
    "Notes": 43
  },
  {
    "1949": null,
    "1950": null,
    "1951": null,
    "1952": null,
    "1953": null,
    "1954": null,
    "1955": null,
    "1956": null,
    "1957": null,
    "1958": null,
    "1959": null,
    "1960": null,
    "1961": null,
    "1962": null,
    "1963": null,
    "1964": null,
    "1965": null,
    "1966": null,
    "1967": null,
    "1968": 10175000,
    "1969": 10525000,
    "1970": 12400000,
    "1971": 17025000,
    "country": "Trinidad and Tobago",
    "Currency": null,
    "Notes": null
  },
  {
    "1949": null,
    "1950": 464250000,
    "1951": 1038750000,
    "1952": 1711250000,
    "1953": 1946250000,
    "1954": 1820750000,
    "1955": 1807000000,
    "1956": 1870750000,
    "1957": 1843750000,
    "1958": 1762250000,
    "1959": 1666500000,
    "1960": 1651000000,
    "1961": 1699750000,
    "1962": 1786250000,
    "1963": 1736500000,
    "1964": 1787750000,
    "1965": 1697500000,
    "1966": 1739250000,
    "1967": 1915250000,
    "1968": 1936500000,
    "1969": 1906000000,
    "1970": 1974000000,
    "1971": 2098000000,
    "country": "Canada",
    "Currency": null,
    "Notes": null
  },
  {
    "1949": 14088155591,
    "1950": 14926997114,
    "1951": 34491619320,
    "1952": 49660670207,
    "1953": 51516763579,
    "1954": 44640141087,
    "1955": 42120486511,
    "1956": 43311975342,
    "1957": 46072640356,
    "1958": 47050245465,
    "1959": 47819183529,
    "1960": 47346552670,
    "1961": 49879770605,
    "1962": 54650942605,
    "1963": 54561215775,
    "1964": 53432327058,
    "1965": 54561791263,
    "1966": 66442751527,
    "1967": 78398442241,
    "1968": 84329031218,
    "1969": 84990165431,
    "1970": 83407993005,
    "1971": 78237979893,
    "country": "United States of America",
    "Currency": null,
    "Notes": 44
  },
  {
    "1949": null,
    "1950": null,
    "1951": null,
    "1952": null,
    "1953": null,
    "1954": null,
    "1955": null,
    "1956": null,
    "1957": null,
    "1958": null,
    "1959": null,
    "1960": null,
    "1961": null,
    "1962": null,
    "1963": null,
    "1964": null,
    "1965": null,
    "1966": null,
    "1967": null,
    "1968": null,
    "1969": null,
    "1970": null,
    "1971": null,
    "country": "Argentina",
    "Currency": null,
    "Notes": 5
  },
  {
    "1949": null,
    "1950": null,
    "1951": null,
    "1952": null,
    "1953": 2,
    "1954": null,
    "1955": 5,
    "1956": 10,
    "1957": 24,
    "1958": null,
    "1959": null,
    "1960": null,
    "1961": 59,
    "1962": 62,
    "1963": 76,
    "1964": null,
    "1965": null,
    "1966": null,
    "1967": null,
    "1968": 138,
    "1969": 146,
    "1970": 199,
    "1971": 188,
    "country": "Bolivia",
    "Currency": null,
    "Notes": 10
  },
  {
    "1949": null,
    "1950": null,
    "1951": null,
    "1952": null,
    "1953": null,
    "1954": null,
    "1955": null,
    "1956": null,
    "1957": null,
    "1958": null,
    "1959": null,
    "1960": null,
    "1961": null,
    "1962": null,
    "1963": null,
    "1964": null,
    "1965": null,
    "1966": null,
    "1967": null,
    "1968": null,
    "1969": null,
    "1970": null,
    "1971": null,
    "country": "Brazil",
    "Currency": null,
    "Notes": null
  },
  {
    "1949": null,
    "1950": 4200,
    "1951": 6000,
    "1952": 6800,
    "1953": 9700,
    "1954": 9400,
    "1955": 23000,
    "1956": 46000,
    "1957": 61000,
    "1958": 81000,
    "1959": 86000,
    "1960": 133000,
    "1961": 169000,
    "1962": 172000,
    "1963": 248000,
    "1964": 346000,
    "1965": 531000,
    "1966": 719000,
    "1967": 926000,
    "1968": 1195000,
    "1969": 1551000,
    "1970": 4380000,
    "1971": 7955000,
    "country": "Chile",
    "Currency": null,
    "Notes": 45
  },
  {
    "1949": null,
    "1950": null,
    "1951": null,
    "1952": null,
    "1953": null,
    "1954": null,
    "1955": null,
    "1956": null,
    "1957": null,
    "1958": 487000000,
    "1959": 433000000,
    "1960": 504000000,
    "1961": 652000000,
    "1962": 1060000000,
    "1963": 1530000000,
    "1964": 1710000000,
    "1965": 1940000000,
    "1966": 2330000000,
    "1967": 2590000000,
    "1968": 2300000000,
    "1969": 2280000000,
    "1970": 3000000000,
    "1971": 5260000000,
    "country": "Colombia",
    "Currency": null,
    "Notes": 46
  },
  {
    "1949": null,
    "1950": null,
    "1951": null,
    "1952": null,
    "1953": 12100000,
    "1954": null,
    "1955": null,
    "1956": null,
    "1957": 19300000,
    "1958": 18800000,
    "1959": 16500000,
    "1960": 22400000,
    "1961": 18700000,
    "1962": 18300000,
    "1963": 17100000,
    "1964": 20600000,
    "1965": 23800000,
    "1966": 22900000,
    "1967": 25300000,
    "1968": 29300000,
    "1969": 39700000,
    "1970": 30700000,
    "1971": 29700000,
    "country": "Ecuador",
    "Currency": null,
    "Notes": 47
  },
  {
    "1949": null,
    "1950": null,
    "1951": null,
    "1952": null,
    "1953": null,
    "1954": null,
    "1955": null,
    "1956": null,
    "1957": null,
    "1958": null,
    "1959": null,
    "1960": null,
    "1961": null,
    "1962": null,
    "1963": null,
    "1964": null,
    "1965": null,
    "1966": null,
    "1967": null,
    "1968": null,
    "1969": null,
    "1970": null,
    "1971": null,
    "country": "Guyana",
    "Currency": null,
    "Notes": 48
  },
  {
    "1949": null,
    "1950": null,
    "1951": null,
    "1952": null,
    "1953": null,
    "1954": null,
    "1955": null,
    "1956": null,
    "1957": null,
    "1958": null,
    "1959": null,
    "1960": 873074403,
    "1961": 905620126,
    "1962": 1042878176,
    "1963": 1160325786,
    "1964": 1236737484,
    "1965": 1471632704,
    "1966": 1712188050,
    "1967": 1881991824,
    "1968": 2094246541,
    "1969": 2249900000,
    "1970": 2433900000,
    "1971": 2614500000,
    "country": "Paraguay",
    "Currency": null,
    "Notes": 49
  },
  {
    "1949": null,
    "1950": null,
    "1951": 1,
    "1952": 1,
    "1953": 1,
    "1954": 1,
    "1955": 1,
    "1956": 1,
    "1957": 1,
    "1958": 1,
    "1959": 1,
    "1960": 1,
    "1961": 2,
    "1962": 2,
    "1963": 3,
    "1964": 3,
    "1965": 4,
    "1966": 4,
    "1967": 7,
    "1968": 4,
    "1969": 5,
    "1970": 8,
    "1971": 10,
    "country": "Peru",
    "Currency": null,
    "Notes": 50
  },
  {
    "1949": null,
    "1950": null,
    "1951": null,
    "1952": null,
    "1953": null,
    "1954": null,
    "1955": null,
    "1956": null,
    "1957": null,
    "1958": null,
    "1959": null,
    "1960": null,
    "1961": null,
    "1962": null,
    "1963": null,
    "1964": null,
    "1965": null,
    "1966": null,
    "1967": null,
    "1968": null,
    "1969": null,
    "1970": null,
    "1971": null,
    "country": "Uruguay",
    "Currency": null,
    "Notes": null
  },
  {
    "1949": null,
    "1950": null,
    "1951": null,
    "1952": null,
    "1953": null,
    "1954": null,
    "1955": 461000,
    "1956": 562000,
    "1957": 767000,
    "1958": 844000,
    "1959": 756000,
    "1960": 785000,
    "1961": 384000,
    "1962": 683000,
    "1963": 822000,
    "1964": 872000,
    "1965": 1000000,
    "1966": 1050000,
    "1967": 1190000,
    "1968": 1200000,
    "1969": 1160000,
    "1970": 1200000,
    "1971": 1550000,
    "country": "Venezuela",
    "Currency": null,
    "Notes": null
  },
  {
    "1949": null,
    "1950": 152500000,
    "1951": 262500000,
    "1952": 393000000,
    "1953": 412500000,
    "1954": 372500000,
    "1955": 386000000,
    "1956": 397500000,
    "1957": 391000000,
    "1958": 392500000,
    "1959": 402000000,
    "1960": 410500000,
    "1961": 420500000,
    "1962": 437000000,
    "1963": 494000000,
    "1964": 585500000,
    "1965": 703000000,
    "1966": 881000000,
    "1967": 1069500000,
    "1968": 1180000000,
    "1969": 1174000000,
    "1970": 1140500000,
    "1971": 1175500000,
    "country": "Australia",
    "Currency": null,
    "Notes": null
  },
  {
    "1949": null,
    "1950": null,
    "1951": null,
    "1952": null,
    "1953": null,
    "1954": null,
    "1955": null,
    "1956": null,
    "1957": null,
    "1958": null,
    "1959": null,
    "1960": null,
    "1961": null,
    "1962": null,
    "1963": null,
    "1964": null,
    "1965": null,
    "1966": null,
    "1967": null,
    "1968": 300000,
    "1969": 300000,
    "1970": 360000,
    "1971": 460000,
    "country": "Fiji",
    "Currency": null,
    "Notes": null
  },
  {
    "1949": null,
    "1950": null,
    "1951": null,
    "1952": null,
    "1953": null,
    "1954": null,
    "1955": null,
    "1956": 64600000,
    "1957": 63600000,
    "1958": 65575000,
    "1959": 69925000,
    "1960": 72300000,
    "1961": 69175000,
    "1962": 69275000,
    "1963": 71950000,
    "1964": 88750000,
    "1965": 91325000,
    "1966": 106600000,
    "1967": 109750000,
    "1968": 121000000,
    "1969": 131750000,
    "1970": 153500000,
    "1971": 159250000,
    "country": "New Zealand",
    "Currency": null,
    "Notes": null
  },
  {
    "1949": null,
    "1950": null,
    "1951": null,
    "1952": null,
    "1953": null,
    "1954": null,
    "1955": null,
    "1956": null,
    "1957": null,
    "1958": null,
    "1959": null,
    "1960": null,
    "1961": null,
    "1962": null,
    "1963": null,
    "1964": null,
    "1965": null,
    "1966": null,
    "1967": null,
    "1968": null,
    "1969": null,
    "1970": null,
    "1971": null,
    "country": "Papua New Guinea",
    "Currency": null,
    "Notes": null
  },
  {
    "1949": null,
    "1950": null,
    "1951": null,
    "1952": null,
    "1953": null,
    "1954": null,
    "1955": null,
    "1956": null,
    "1957": null,
    "1958": null,
    "1959": null,
    "1960": null,
    "1961": null,
    "1962": null,
    "1963": null,
    "1964": null,
    "1965": null,
    "1966": null,
    "1967": null,
    "1968": null,
    "1969": null,
    "1970": 1282500000,
    "1971": null,
    "country": "Afghanistan",
    "Currency": null,
    "Notes": 2
  },
  {
    "1949": null,
    "1950": null,
    "1951": null,
    "1952": null,
    "1953": null,
    "1954": null,
    "1955": null,
    "1956": null,
    "1957": null,
    "1958": null,
    "1959": null,
    "1960": null,
    "1961": null,
    "1962": null,
    "1963": null,
    "1964": null,
    "1965": null,
    "1966": null,
    "1967": null,
    "1968": null,
    "1969": null,
    "1970": null,
    "1971": null,
    "country": "Bangladesh",
    "Currency": null,
    "Notes": 9
  },
  {
    "1949": null,
    "1950": null,
    "1951": null,
    "1952": null,
    "1953": null,
    "1954": null,
    "1955": null,
    "1956": 2468500000,
    "1957": 3118500000,
    "1958": 3274000000,
    "1959": 3159250000,
    "1960": 3246500000,
    "1961": 3563750000,
    "1962": 5073500000,
    "1963": 8549750000,
    "1964": 9460250000,
    "1965": 10123750000,
    "1966": 10563500000,
    "1967": 11158000000,
    "1968": 11901500000,
    "1969": 12685750000,
    "1970": 13747250000,
    "1971": 16896250000,
    "country": "India",
    "Currency": null,
    "Notes": 59
  },
  {
    "1949": null,
    "1950": null,
    "1951": null,
    "1952": null,
    "1953": null,
    "1954": null,
    "1955": null,
    "1956": null,
    "1957": null,
    "1958": null,
    "1959": null,
    "1960": null,
    "1961": null,
    "1962": null,
    "1963": null,
    "1964": null,
    "1965": null,
    "1966": null,
    "1967": null,
    "1968": null,
    "1969": null,
    "1970": 52500000,
    "1971": 59650000,
    "country": "Nepal",
    "Currency": null,
    "Notes": null
  },
  {
    "1949": null,
    "1950": null,
    "1951": 826000000,
    "1952": 951000000,
    "1953": 830750000,
    "1954": 716750000,
    "1955": 800000000,
    "1956": 806500000,
    "1957": 730250000,
    "1958": 783600000,
    "1959": 892400000,
    "1960": 994500000,
    "1961": 1000500000,
    "1962": 954000000,
    "1963": 1046000000,
    "1964": 1228000000,
    "1965": 2093500000,
    "1966": 2617500000,
    "1967": 2277500000,
    "1968": 2345500000,
    "1969": 2632000000,
    "1970": 3025000000,
    "1971": 3521000000,
    "country": "Pakistan",
    "Currency": null,
    "Notes": 60
  },
  {
    "1949": null,
    "1950": null,
    "1951": 11825000,
    "1952": 15325000,
    "1953": 21175000,
    "1954": 33550000,
    "1955": 30575000,
    "1956": 36450000,
    "1957": 51125000,
    "1958": 73600000,
    "1959": 79950000,
    "1960": 79300000,
    "1961": 81350000,
    "1962": 75475000,
    "1963": 66275000,
    "1964": 66375000,
    "1965": 68925000,
    "1966": 72775000,
    "1967": 76375000,
    "1968": 85150000,
    "1969": 94425000,
    "1970": 125250000,
    "1971": 191450000,
    "country": "Sri Lanka",
    "Currency": null,
    "Notes": 61
  },
  {
    "1949": null,
    "1950": null,
    "1951": null,
    "1952": null,
    "1953": null,
    "1954": null,
    "1955": null,
    "1956": null,
    "1957": null,
    "1958": null,
    "1959": null,
    "1960": null,
    "1961": null,
    "1962": null,
    "1963": null,
    "1964": null,
    "1965": null,
    "1966": null,
    "1967": null,
    "1968": null,
    "1969": null,
    "1970": null,
    "1971": null,
    "country": "China",
    "Currency": null,
    "Notes": 55
  },
  {
    "1949": null,
    "1950": null,
    "1951": null,
    "1952": 128750000000,
    "1953": 142500000000,
    "1954": 171000000000,
    "1955": 176000000000,
    "1956": 164500000000,
    "1957": 162500000000,
    "1958": 165250000000,
    "1959": 166750000000,
    "1960": 173000000000,
    "1961": 177250000000,
    "1962": 193750000000,
    "1963": 226750000000,
    "1964": 258500000000,
    "1965": 295700000000,
    "1966": 335675000000,
    "1967": 374050000000,
    "1968": 420550000000,
    "1969": 480750000000,
    "1970": 567125000000,
    "1971": 665075000000,
    "country": "Japan",
    "Currency": null,
    "Notes": 56
  },
  {
    "1949": null,
    "1950": null,
    "1951": null,
    "1952": null,
    "1953": null,
    "1954": null,
    "1955": null,
    "1956": null,
    "1957": null,
    "1958": null,
    "1959": null,
    "1960": null,
    "1961": null,
    "1962": null,
    "1963": null,
    "1964": null,
    "1965": null,
    "1966": null,
    "1967": null,
    "1968": null,
    "1969": null,
    "1970": null,
    "1971": null,
    "country": "Korea, North",
    "Currency": null,
    "Notes": 57
  },
  {
    "1949": null,
    "1950": 271000000,
    "1951": null,
    "1952": 389000000,
    "1953": 1120000000,
    "1954": 3840000000,
    "1955": 7060000000,
    "1956": 12500000000,
    "1957": 13300000000,
    "1958": 15100000000,
    "1959": 16500000000,
    "1960": 17400000000,
    "1961": 19600000000,
    "1962": 24200000000,
    "1963": 24100000000,
    "1964": 29400000000,
    "1965": 35200000000,
    "1966": 48000000000,
    "1967": 59000000000,
    "1968": 77100000000,
    "1969": 100000000000,
    "1970": 120000000000,
    "1971": 160000000000,
    "country": "Korea, South",
    "Currency": null,
    "Notes": 58
  },
  {
    "1949": null,
    "1950": null,
    "1951": null,
    "1952": null,
    "1953": null,
    "1954": null,
    "1955": null,
    "1956": null,
    "1957": null,
    "1958": null,
    "1959": null,
    "1960": null,
    "1961": null,
    "1962": null,
    "1963": null,
    "1964": null,
    "1965": null,
    "1966": null,
    "1967": null,
    "1968": null,
    "1969": null,
    "1970": null,
    "1971": null,
    "country": "Mongolia",
    "Currency": null,
    "Notes": null
  },
  {
    "1949": null,
    "1950": null,
    "1951": null,
    "1952": null,
    "1953": null,
    "1954": null,
    "1955": null,
    "1956": null,
    "1957": null,
    "1958": null,
    "1959": null,
    "1960": null,
    "1961": null,
    "1962": null,
    "1963": null,
    "1964": null,
    "1965": null,
    "1966": null,
    "1967": null,
    "1968": null,
    "1969": null,
    "1970": null,
    "1971": null,
    "country": "Taiwan",
    "Currency": null,
    "Notes": null
  },
  {
    "1949": null,
    "1950": null,
    "1951": null,
    "1952": null,
    "1953": null,
    "1954": null,
    "1955": null,
    "1956": null,
    "1957": null,
    "1958": null,
    "1959": null,
    "1960": null,
    "1961": null,
    "1962": null,
    "1963": null,
    "1964": null,
    "1965": null,
    "1966": null,
    "1967": null,
    "1968": null,
    "1969": null,
    "1970": null,
    "1971": 30120000,
    "country": "Brunei",
    "Currency": null,
    "Notes": null
  },
  {
    "1949": null,
    "1950": null,
    "1951": null,
    "1952": null,
    "1953": null,
    "1954": null,
    "1955": null,
    "1956": null,
    "1957": null,
    "1958": null,
    "1959": null,
    "1960": null,
    "1961": null,
    "1962": null,
    "1963": null,
    "1964": null,
    "1965": null,
    "1966": null,
    "1967": null,
    "1968": null,
    "1969": null,
    "1970": null,
    "1971": null,
    "country": "Cambodia",
    "Currency": null,
    "Notes": null
  },
  {
    "1949": null,
    "1950": null,
    "1951": null,
    "1952": null,
    "1953": null,
    "1954": null,
    "1955": null,
    "1956": null,
    "1957": null,
    "1958": null,
    "1959": null,
    "1960": null,
    "1961": null,
    "1962": null,
    "1963": null,
    "1964": null,
    "1965": null,
    "1966": null,
    "1967": null,
    "1968": null,
    "1969": null,
    "1970": null,
    "1971": null,
    "country": "Indonesia",
    "Currency": null,
    "Notes": 62
  },
  {
    "1949": null,
    "1950": null,
    "1951": null,
    "1952": null,
    "1953": null,
    "1954": null,
    "1955": null,
    "1956": null,
    "1957": null,
    "1958": null,
    "1959": null,
    "1960": null,
    "1961": null,
    "1962": null,
    "1963": null,
    "1964": null,
    "1965": null,
    "1966": null,
    "1967": 8530750000,
    "1968": 8510850000,
    "1969": 8672150000,
    "1970": 9131000000,
    "1971": 9374750000,
    "country": "Laos",
    "Currency": null,
    "Notes": null
  },
  {
    "1949": null,
    "1950": null,
    "1951": 117000000,
    "1952": 193000000,
    "1953": 252000000,
    "1954": 221000000,
    "1955": 192000000,
    "1956": 177000000,
    "1957": 192000000,
    "1958": 199000000,
    "1959": 170000000,
    "1960": 157000000,
    "1961": 130000000,
    "1962": 134000000,
    "1963": 186000000,
    "1964": 259000000,
    "1965": 363000000,
    "1966": 455000000,
    "1967": 439000000,
    "1968": 454000000,
    "1969": 440000000,
    "1970": 611000000,
    "1971": 696000000,
    "country": "Malaysia",
    "Currency": null,
    "Notes": 63
  },
  {
    "1949": null,
    "1950": null,
    "1951": 152675000,
    "1952": 222275000,
    "1953": 308900000,
    "1954": 369550000,
    "1955": 337975000,
    "1956": 357250000,
    "1957": 378275000,
    "1958": 406525000,
    "1959": 410750000,
    "1960": 426250000,
    "1961": 407700000,
    "1962": 431925000,
    "1963": 477725000,
    "1964": 466250000,
    "1965": 510675000,
    "1966": 502175000,
    "1967": 485900000,
    "1968": 498050000,
    "1969": 544850000,
    "1970": 584675000,
    "1971": 608750000,
    "country": "Myanmar",
    "Currency": null,
    "Notes": null
  },
  {
    "1949": null,
    "1950": null,
    "1951": null,
    "1952": null,
    "1953": null,
    "1954": null,
    "1955": null,
    "1956": null,
    "1957": null,
    "1958": 235500000,
    "1959": 241000000,
    "1960": 249500000,
    "1961": 260000000,
    "1962": 309000000,
    "1963": 368500000,
    "1964": 366000000,
    "1965": 364000000,
    "1966": 427500000,
    "1967": 505000000,
    "1968": 600000000,
    "1969": 738000000,
    "1970": 915500000,
    "1971": 1037500000,
    "country": "Philippines",
    "Currency": null,
    "Notes": 65
  },
  {
    "1949": null,
    "1950": null,
    "1951": null,
    "1952": null,
    "1953": null,
    "1954": null,
    "1955": null,
    "1956": null,
    "1957": null,
    "1958": null,
    "1959": null,
    "1960": null,
    "1961": null,
    "1962": null,
    "1963": null,
    "1964": null,
    "1965": null,
    "1966": null,
    "1967": null,
    "1968": null,
    "1969": null,
    "1970": 317250000,
    "1971": 390750000,
    "country": "Singapore",
    "Currency": null,
    "Notes": null
  },
  {
    "1949": null,
    "1950": null,
    "1951": null,
    "1952": null,
    "1953": null,
    "1954": null,
    "1955": null,
    "1956": null,
    "1957": 1569500000,
    "1958": 1473250000,
    "1959": 1439250000,
    "1960": 1330750000,
    "1961": 1237000000,
    "1962": 1676750000,
    "1963": 1781000000,
    "1964": 1814500000,
    "1965": 1960750000,
    "1966": 2195250000,
    "1967": 2628000000,
    "1968": 3216500000,
    "1969": 3846000000,
    "1970": 4518250000,
    "1971": 5463250000,
    "country": "Thailand",
    "Currency": null,
    "Notes": null
  },
  {
    "1949": null,
    "1950": null,
    "1951": null,
    "1952": null,
    "1953": null,
    "1954": null,
    "1955": null,
    "1956": null,
    "1957": null,
    "1958": null,
    "1959": null,
    "1960": null,
    "1961": null,
    "1962": null,
    "1963": null,
    "1964": null,
    "1965": null,
    "1966": null,
    "1967": null,
    "1968": null,
    "1969": null,
    "1970": null,
    "1971": null,
    "country": "Timor Leste",
    "Currency": null,
    "Notes": null
  },
  {
    "1949": null,
    "1950": null,
    "1951": null,
    "1952": null,
    "1953": null,
    "1954": null,
    "1955": null,
    "1956": null,
    "1957": null,
    "1958": null,
    "1959": null,
    "1960": null,
    "1961": null,
    "1962": null,
    "1963": null,
    "1964": null,
    "1965": null,
    "1966": null,
    "1967": null,
    "1968": null,
    "1969": null,
    "1970": null,
    "1971": null,
    "country": "Viet Nam",
    "Currency": null,
    "Notes": null
  },
  {
    "1949": null,
    "1950": null,
    "1951": null,
    "1952": null,
    "1953": null,
    "1954": null,
    "1955": null,
    "1956": null,
    "1957": null,
    "1958": null,
    "1959": null,
    "1960": null,
    "1961": null,
    "1962": null,
    "1963": null,
    "1964": null,
    "1965": null,
    "1966": null,
    "1967": null,
    "1968": null,
    "1969": null,
    "1970": null,
    "1971": null,
    "country": "Kazakhstan",
    "Currency": null,
    "Notes": null
  },
  {
    "1949": null,
    "1950": null,
    "1951": null,
    "1952": null,
    "1953": null,
    "1954": null,
    "1955": null,
    "1956": null,
    "1957": null,
    "1958": null,
    "1959": null,
    "1960": null,
    "1961": null,
    "1962": null,
    "1963": null,
    "1964": null,
    "1965": null,
    "1966": null,
    "1967": null,
    "1968": null,
    "1969": null,
    "1970": null,
    "1971": null,
    "country": "Kyrgyz Republic",
    "Currency": null,
    "Notes": 52
  },
  {
    "1949": null,
    "1950": null,
    "1951": null,
    "1952": null,
    "1953": null,
    "1954": null,
    "1955": null,
    "1956": null,
    "1957": null,
    "1958": null,
    "1959": null,
    "1960": null,
    "1961": null,
    "1962": null,
    "1963": null,
    "1964": null,
    "1965": null,
    "1966": null,
    "1967": null,
    "1968": null,
    "1969": null,
    "1970": null,
    "1971": null,
    "country": "Tajikistan",
    "Currency": null,
    "Notes": null
  },
  {
    "1949": null,
    "1950": null,
    "1951": null,
    "1952": null,
    "1953": null,
    "1954": null,
    "1955": null,
    "1956": null,
    "1957": null,
    "1958": null,
    "1959": null,
    "1960": null,
    "1961": null,
    "1962": null,
    "1963": null,
    "1964": null,
    "1965": null,
    "1966": null,
    "1967": null,
    "1968": null,
    "1969": null,
    "1970": null,
    "1971": null,
    "country": "Turkmenistan",
    "Currency": null,
    "Notes": null
  },
  {
    "1949": null,
    "1950": null,
    "1951": null,
    "1952": null,
    "1953": null,
    "1954": null,
    "1955": null,
    "1956": null,
    "1957": null,
    "1958": null,
    "1959": null,
    "1960": null,
    "1961": null,
    "1962": null,
    "1963": null,
    "1964": null,
    "1965": null,
    "1966": null,
    "1967": null,
    "1968": null,
    "1969": null,
    "1970": null,
    "1971": null,
    "country": "Uzbekistan",
    "Currency": null,
    "Notes": null
  },
  {
    "1949": null,
    "1950": null,
    "1951": null,
    "1952": null,
    "1953": null,
    "1954": null,
    "1955": null,
    "1956": null,
    "1957": null,
    "1958": null,
    "1959": null,
    "1960": null,
    "1961": null,
    "1962": null,
    "1963": null,
    "1964": null,
    "1965": null,
    "1966": null,
    "1967": null,
    "1968": null,
    "1969": null,
    "1970": null,
    "1971": null,
    "country": "Albania",
    "Currency": null,
    "Notes": null
  },
  {
    "1949": null,
    "1950": null,
    "1951": null,
    "1952": null,
    "1953": null,
    "1954": null,
    "1955": null,
    "1956": null,
    "1957": null,
    "1958": null,
    "1959": null,
    "1960": null,
    "1961": null,
    "1962": null,
    "1963": null,
    "1964": null,
    "1965": null,
    "1966": null,
    "1967": null,
    "1968": null,
    "1969": null,
    "1970": null,
    "1971": null,
    "country": "Bosnia and Herzegovina",
    "Currency": null,
    "Notes": null
  },
  {
    "1949": null,
    "1950": null,
    "1951": null,
    "1952": null,
    "1953": null,
    "1954": null,
    "1955": null,
    "1956": null,
    "1957": null,
    "1958": null,
    "1959": null,
    "1960": null,
    "1961": null,
    "1962": null,
    "1963": null,
    "1964": null,
    "1965": null,
    "1966": null,
    "1967": null,
    "1968": null,
    "1969": null,
    "1970": null,
    "1971": null,
    "country": "Bulgaria",
    "Currency": null,
    "Notes": null
  },
  {
    "1949": null,
    "1950": null,
    "1951": null,
    "1952": null,
    "1953": null,
    "1954": null,
    "1955": null,
    "1956": null,
    "1957": null,
    "1958": null,
    "1959": null,
    "1960": null,
    "1961": null,
    "1962": null,
    "1963": null,
    "1964": null,
    "1965": null,
    "1966": null,
    "1967": null,
    "1968": null,
    "1969": null,
    "1970": null,
    "1971": null,
    "country": "Croatia",
    "Currency": null,
    "Notes": 70
  },
  {
    "1949": null,
    "1950": null,
    "1951": null,
    "1952": null,
    "1953": null,
    "1954": null,
    "1955": null,
    "1956": null,
    "1957": null,
    "1958": null,
    "1959": null,
    "1960": null,
    "1961": null,
    "1962": null,
    "1963": null,
    "1964": null,
    "1965": null,
    "1966": null,
    "1967": null,
    "1968": null,
    "1969": null,
    "1970": null,
    "1971": null,
    "country": "Czechia",
    "Currency": null,
    "Notes": 71
  },
  {
    "1949": null,
    "1950": null,
    "1951": null,
    "1952": null,
    "1953": null,
    "1954": null,
    "1955": null,
    "1956": 7570000000,
    "1957": 7736000000,
    "1958": 7403000000,
    "1959": 7320000000,
    "1960": 7902000000,
    "1961": 9067000000,
    "1962": 9400000000,
    "1963": 8984000000,
    "1964": 8485000000,
    "1965": 8401000000,
    "1966": 9067000000,
    "1967": 10315000000,
    "1968": 10980000000,
    "1969": 11895000000,
    "1970": 12394000000,
    "1971": 13226000000,
    "country": "Czechoslovakia",
    "Currency": null,
    "Notes": 72
  },
  {
    "1949": null,
    "1950": null,
    "1951": null,
    "1952": null,
    "1953": null,
    "1954": null,
    "1955": null,
    "1956": null,
    "1957": null,
    "1958": null,
    "1959": null,
    "1960": null,
    "1961": null,
    "1962": null,
    "1963": null,
    "1964": null,
    "1965": null,
    "1966": null,
    "1967": null,
    "1968": null,
    "1969": null,
    "1970": null,
    "1971": null,
    "country": "Estonia",
    "Currency": null,
    "Notes": null
  },
  {
    "1949": null,
    "1950": null,
    "1951": null,
    "1952": null,
    "1953": null,
    "1954": null,
    "1955": null,
    "1956": null,
    "1957": null,
    "1958": null,
    "1959": null,
    "1960": 1200000000,
    "1961": 1200000000,
    "1962": 3200000000,
    "1963": 3300000000,
    "1964": 3400000000,
    "1965": 3600000000,
    "1966": 3700000000,
    "1967": 4200000000,
    "1968": 5600000000,
    "1969": 6100000000,
    "1970": 6700000000,
    "1971": 7200000000,
    "country": "German Democratic Republic",
    "Currency": null,
    "Notes": 74
  },
  {
    "1949": null,
    "1950": null,
    "1951": null,
    "1952": null,
    "1953": null,
    "1954": 7400000000,
    "1955": 7740000000,
    "1956": 5570000000,
    "1957": 2610000000,
    "1958": 2830000000,
    "1959": 3280000000,
    "1960": 4220000000,
    "1961": 4860000000,
    "1962": 6810000000,
    "1963": 8240000000,
    "1964": 8180000000,
    "1965": 6710000000,
    "1966": 6900000000,
    "1967": 7400000000,
    "1968": 9010000000,
    "1969": 10400000000,
    "1970": 13400000000,
    "1971": 13500000000,
    "country": "Hungary",
    "Currency": null,
    "Notes": null
  },
  {
    "1949": null,
    "1950": null,
    "1951": null,
    "1952": null,
    "1953": null,
    "1954": null,
    "1955": null,
    "1956": null,
    "1957": null,
    "1958": null,
    "1959": null,
    "1960": null,
    "1961": null,
    "1962": null,
    "1963": null,
    "1964": null,
    "1965": null,
    "1966": null,
    "1967": null,
    "1968": null,
    "1969": null,
    "1970": null,
    "1971": null,
    "country": "Kosovo",
    "Currency": null,
    "Notes": null
  },
  {
    "1949": null,
    "1950": null,
    "1951": null,
    "1952": null,
    "1953": null,
    "1954": null,
    "1955": null,
    "1956": null,
    "1957": null,
    "1958": null,
    "1959": null,
    "1960": null,
    "1961": null,
    "1962": null,
    "1963": null,
    "1964": null,
    "1965": null,
    "1966": null,
    "1967": null,
    "1968": null,
    "1969": null,
    "1970": null,
    "1971": null,
    "country": "Latvia",
    "Currency": null,
    "Notes": null
  },
  {
    "1949": null,
    "1950": null,
    "1951": null,
    "1952": null,
    "1953": null,
    "1954": null,
    "1955": null,
    "1956": null,
    "1957": null,
    "1958": null,
    "1959": null,
    "1960": null,
    "1961": null,
    "1962": null,
    "1963": null,
    "1964": null,
    "1965": null,
    "1966": null,
    "1967": null,
    "1968": null,
    "1969": null,
    "1970": null,
    "1971": null,
    "country": "Lithuania",
    "Currency": null,
    "Notes": null
  },
  {
    "1949": null,
    "1950": null,
    "1951": null,
    "1952": null,
    "1953": null,
    "1954": null,
    "1955": null,
    "1956": null,
    "1957": null,
    "1958": null,
    "1959": null,
    "1960": null,
    "1961": null,
    "1962": null,
    "1963": null,
    "1964": null,
    "1965": null,
    "1966": null,
    "1967": null,
    "1968": null,
    "1969": null,
    "1970": null,
    "1971": null,
    "country": "North Macedonia",
    "Currency": null,
    "Notes": null
  },
  {
    "1949": null,
    "1950": null,
    "1951": null,
    "1952": null,
    "1953": null,
    "1954": null,
    "1955": null,
    "1956": null,
    "1957": null,
    "1958": null,
    "1959": null,
    "1960": null,
    "1961": null,
    "1962": null,
    "1963": null,
    "1964": null,
    "1965": null,
    "1966": null,
    "1967": null,
    "1968": null,
    "1969": null,
    "1970": null,
    "1971": null,
    "country": "Montenegro",
    "Currency": null,
    "Notes": 76
  },
  {
    "1949": null,
    "1950": null,
    "1951": 380000,
    "1952": 610000,
    "1953": 910000,
    "1954": 990000,
    "1955": 1170000,
    "1956": 1160000,
    "1957": 970000,
    "1958": 1080000,
    "1959": 1350000,
    "1960": 1420000,
    "1961": 1610000,
    "1962": 1750000,
    "1963": 1980000,
    "1964": 2080000,
    "1965": 2210000,
    "1966": 2390000,
    "1967": 2510000,
    "1968": 2890000,
    "1969": 3190000,
    "1970": 3410000,
    "1971": 3680000,
    "country": "Poland",
    "Currency": null,
    "Notes": 78
  },
  {
    "1949": null,
    "1950": 425300,
    "1951": 571900,
    "1952": 672800,
    "1953": 691300,
    "1954": 487000,
    "1955": 553900,
    "1956": 522000,
    "1957": 500100,
    "1958": 471300,
    "1959": 451500,
    "1960": 444500,
    "1961": 476800,
    "1962": 541200,
    "1963": 542900,
    "1964": 569500,
    "1965": 620400,
    "1966": 645600,
    "1967": 674300,
    "1968": 753500,
    "1969": 828000,
    "1970": 925200,
    "1971": 971000,
    "country": "Romania",
    "Currency": null,
    "Notes": null
  },
  {
    "1949": null,
    "1950": null,
    "1951": null,
    "1952": null,
    "1953": null,
    "1954": null,
    "1955": null,
    "1956": null,
    "1957": null,
    "1958": null,
    "1959": null,
    "1960": null,
    "1961": null,
    "1962": null,
    "1963": null,
    "1964": null,
    "1965": null,
    "1966": null,
    "1967": null,
    "1968": null,
    "1969": null,
    "1970": null,
    "1971": null,
    "country": "Serbia",
    "Currency": null,
    "Notes": 79
  },
  {
    "1949": null,
    "1950": null,
    "1951": null,
    "1952": null,
    "1953": null,
    "1954": null,
    "1955": null,
    "1956": null,
    "1957": null,
    "1958": null,
    "1959": null,
    "1960": null,
    "1961": null,
    "1962": null,
    "1963": null,
    "1964": null,
    "1965": null,
    "1966": null,
    "1967": null,
    "1968": null,
    "1969": null,
    "1970": null,
    "1971": null,
    "country": "Slovakia",
    "Currency": null,
    "Notes": null
  },
  {
    "1949": null,
    "1950": null,
    "1951": null,
    "1952": null,
    "1953": null,
    "1954": null,
    "1955": null,
    "1956": null,
    "1957": null,
    "1958": null,
    "1959": null,
    "1960": null,
    "1961": null,
    "1962": null,
    "1963": null,
    "1964": null,
    "1965": null,
    "1966": null,
    "1967": null,
    "1968": null,
    "1969": null,
    "1970": null,
    "1971": null,
    "country": "Slovenia",
    "Currency": null,
    "Notes": null
  },
  {
    "1949": null,
    "1950": null,
    "1951": null,
    "1952": null,
    "1953": null,
    "1954": null,
    "1955": null,
    "1956": null,
    "1957": null,
    "1958": 1790000000,
    "1959": 1960000000,
    "1960": 2080000000,
    "1961": 2480000000,
    "1962": 2700000000,
    "1963": 2860000000,
    "1964": 3320000000,
    "1965": 4310000000,
    "1966": 5070000000,
    "1967": 5380000000,
    "1968": 6410000000,
    "1969": 6980000000,
    "1970": 7790000000,
    "1971": 8850000000,
    "country": "Yugoslavia",
    "Currency": null,
    "Notes": 80
  },
  {
    "1949": null,
    "1950": null,
    "1951": null,
    "1952": null,
    "1953": null,
    "1954": null,
    "1955": null,
    "1956": null,
    "1957": null,
    "1958": null,
    "1959": null,
    "1960": null,
    "1961": null,
    "1962": null,
    "1963": null,
    "1964": null,
    "1965": null,
    "1966": null,
    "1967": null,
    "1968": null,
    "1969": null,
    "1970": null,
    "1971": null,
    "country": "Armenia",
    "Currency": null,
    "Notes": null
  },
  {
    "1949": null,
    "1950": null,
    "1951": null,
    "1952": null,
    "1953": null,
    "1954": null,
    "1955": null,
    "1956": null,
    "1957": null,
    "1958": null,
    "1959": null,
    "1960": null,
    "1961": null,
    "1962": null,
    "1963": null,
    "1964": null,
    "1965": null,
    "1966": null,
    "1967": null,
    "1968": null,
    "1969": null,
    "1970": null,
    "1971": null,
    "country": "Azerbaijan",
    "Currency": null,
    "Notes": null
  },
  {
    "1949": null,
    "1950": null,
    "1951": null,
    "1952": null,
    "1953": null,
    "1954": null,
    "1955": null,
    "1956": null,
    "1957": null,
    "1958": null,
    "1959": null,
    "1960": null,
    "1961": null,
    "1962": null,
    "1963": null,
    "1964": null,
    "1965": null,
    "1966": null,
    "1967": null,
    "1968": null,
    "1969": null,
    "1970": null,
    "1971": null,
    "country": "Belarus",
    "Currency": null,
    "Notes": null
  },
  {
    "1949": null,
    "1950": null,
    "1951": null,
    "1952": null,
    "1953": null,
    "1954": null,
    "1955": null,
    "1956": null,
    "1957": null,
    "1958": null,
    "1959": null,
    "1960": null,
    "1961": null,
    "1962": null,
    "1963": null,
    "1964": null,
    "1965": null,
    "1966": null,
    "1967": null,
    "1968": null,
    "1969": null,
    "1970": null,
    "1971": null,
    "country": "Georgia",
    "Currency": null,
    "Notes": null
  },
  {
    "1949": null,
    "1950": null,
    "1951": null,
    "1952": null,
    "1953": null,
    "1954": null,
    "1955": null,
    "1956": null,
    "1957": null,
    "1958": null,
    "1959": null,
    "1960": null,
    "1961": null,
    "1962": null,
    "1963": null,
    "1964": null,
    "1965": null,
    "1966": null,
    "1967": null,
    "1968": null,
    "1969": null,
    "1970": null,
    "1971": null,
    "country": "Moldova",
    "Currency": null,
    "Notes": null
  },
  {
    "1949": null,
    "1950": null,
    "1951": null,
    "1952": null,
    "1953": null,
    "1954": null,
    "1955": null,
    "1956": null,
    "1957": null,
    "1958": null,
    "1959": null,
    "1960": null,
    "1961": null,
    "1962": null,
    "1963": null,
    "1964": null,
    "1965": null,
    "1966": null,
    "1967": null,
    "1968": null,
    "1969": null,
    "1970": null,
    "1971": null,
    "country": "Russia",
    "Currency": null,
    "Notes": 83
  },
  {
    "1949": null,
    "1950": null,
    "1951": null,
    "1952": null,
    "1953": null,
    "1954": null,
    "1955": null,
    "1956": null,
    "1957": null,
    "1958": null,
    "1959": null,
    "1960": null,
    "1961": null,
    "1962": null,
    "1963": null,
    "1964": null,
    "1965": null,
    "1966": null,
    "1967": null,
    "1968": null,
    "1969": null,
    "1970": null,
    "1971": null,
    "country": "Ukraine",
    "Currency": null,
    "Notes": 84
  },
  {
    "1949": null,
    "1950": null,
    "1951": null,
    "1952": null,
    "1953": null,
    "1954": null,
    "1955": null,
    "1956": null,
    "1957": null,
    "1958": null,
    "1959": null,
    "1960": null,
    "1961": null,
    "1962": null,
    "1963": null,
    "1964": null,
    "1965": null,
    "1966": null,
    "1967": null,
    "1968": null,
    "1969": null,
    "1970": null,
    "1971": null,
    "country": "USSR",
    "Currency": null,
    "Notes": null
  },
  {
    "1949": null,
    "1950": null,
    "1951": null,
    "1952": null,
    "1953": null,
    "1954": null,
    "1955": null,
    "1956": null,
    "1957": 156000000,
    "1958": 181000000,
    "1959": 181000000,
    "1960": 173000000,
    "1961": 172000000,
    "1962": 189000000,
    "1963": 238000000,
    "1964": 311000000,
    "1965": 270000000,
    "1966": 317000000,
    "1967": 334000000,
    "1968": 344000000,
    "1969": 365000000,
    "1970": 377000000,
    "1971": 380000000,
    "country": "Austria",
    "Currency": null,
    "Notes": null
  },
  {
    "1949": 205080000,
    "1950": 204700000,
    "1951": 331860000,
    "1952": 494920000,
    "1953": 491201000,
    "1954": 513310000,
    "1955": 423080000,
    "1956": 423030000,
    "1957": 455030000,
    "1958": 453940000,
    "1959": 463210000,
    "1960": 474990000,
    "1961": 484904000,
    "1962": 523330000,
    "1963": 551070000,
    "1964": 616090000,
    "1965": 620630000,
    "1966": 698290000,
    "1967": 753497000,
    "1968": 801170000,
    "1969": 836740000,
    "1970": 926820000,
    "1971": 1007800000,
    "country": "Belgium",
    "Currency": null,
    "Notes": null
  },
  {
    "1949": null,
    "1950": null,
    "1951": null,
    "1952": null,
    "1953": null,
    "1954": null,
    "1955": null,
    "1956": null,
    "1957": null,
    "1958": null,
    "1959": null,
    "1960": null,
    "1961": null,
    "1962": null,
    "1963": null,
    "1964": null,
    "1965": null,
    "1966": null,
    "1967": null,
    "1968": null,
    "1969": null,
    "1970": null,
    "1971": null,
    "country": "Cyprus",
    "Currency": null,
    "Notes": null
  },
  {
    "1949": 360000000,
    "1950": 359000000,
    "1951": 475000000,
    "1952": 676000000,
    "1953": 889000000,
    "1954": 885000000,
    "1955": 920000000,
    "1956": 936000000,
    "1957": 1012000000,
    "1958": 988000000,
    "1959": 986000000,
    "1960": 1113000000,
    "1961": 1180000000,
    "1962": 1551000000,
    "1963": 1651000000,
    "1964": 1764000000,
    "1965": 1974000000,
    "1966": 2080000000,
    "1967": 2249000000,
    "1968": 2591000000,
    "1969": 2640000000,
    "1970": 2967000000,
    "1971": 3195000000,
    "country": "Denmark",
    "Currency": null,
    "Notes": null
  },
  {
    "1949": null,
    "1950": null,
    "1951": null,
    "1952": null,
    "1953": null,
    "1954": null,
    "1955": null,
    "1956": null,
    "1957": null,
    "1958": 37200000,
    "1959": 44400000,
    "1960": 48200000,
    "1961": 56700000,
    "1962": 83100000,
    "1963": 69200000,
    "1964": 75300000,
    "1965": 80500000,
    "1966": 82300000,
    "1967": 85100000,
    "1968": 106000000,
    "1969": 99100000,
    "1970": 108000000,
    "1971": 125000000,
    "country": "Finland",
    "Currency": null,
    "Notes": 85
  },
  {
    "1949": 613013846,
    "1950": 715910799,
    "1951": 1128086592,
    "1952": 1604352488,
    "1953": 1752188109,
    "1954": 1499506793,
    "1955": 1411149809,
    "1956": 1881124291,
    "1957": 1997628841,
    "1958": 2121693167,
    "1959": 2295484020,
    "1960": 2453735333,
    "1961": 2611650657,
    "1962": 2840711873,
    "1963": 2925893750,
    "1964": 3109167923,
    "1965": 3239750456,
    "1966": 3423150624,
    "1967": 3702274358,
    "1968": 3875393231,
    "1969": 3930747592,
    "1970": 4183748100,
    "1971": 4469927624,
    "country": "France",
    "Currency": null,
    "Notes": 101
  },
  {
    "1949": null,
    "1950": null,
    "1951": null,
    "1952": null,
    "1953": 2967285027,
    "1954": 3011321148,
    "1955": 3536943788,
    "1956": 3454493178,
    "1957": 4293053361,
    "1958": 3283033386,
    "1959": 5311224702,
    "1960": 5803679710,
    "1961": 6311406820,
    "1962": 8255461036,
    "1963": 9544595065,
    "1964": 9366857783,
    "1965": 9539910371,
    "1966": 9702937714,
    "1967": 10255731577,
    "1968": 9250415035,
    "1969": 10336308310,
    "1970": 10813210134,
    "1971": 12191447038,
    "country": "Germany",
    "Currency": null,
    "Notes": null
  },
  {
    "1949": 4784000,
    "1950": 5784000,
    "1951": 7674000,
    "1952": 7792000,
    "1953": 8120300,
    "1954": 10060000,
    "1955": 10820000,
    "1956": 14490000,
    "1957": 13140000,
    "1958": 13120000,
    "1959": 13896000,
    "1960": 14996000,
    "1961": 14770000,
    "1962": 14970000,
    "1963": 15803000,
    "1964": 16570000,
    "1965": 18460000,
    "1966": 21040000,
    "1967": 27560000,
    "1968": 32291000,
    "1969": 37453000,
    "1970": 41696000,
    "1971": 45429000,
    "country": "Greece",
    "Currency": null,
    "Notes": null
  },
  {
    "1949": null,
    "1950": null,
    "1951": null,
    "1952": null,
    "1953": null,
    "1954": null,
    "1955": null,
    "1956": null,
    "1957": null,
    "1958": null,
    "1959": null,
    "1960": null,
    "1961": null,
    "1962": null,
    "1963": null,
    "1964": null,
    "1965": null,
    "1966": null,
    "1967": null,
    "1968": null,
    "1969": null,
    "1970": null,
    "1971": null,
    "country": "Iceland",
    "Currency": null,
    "Notes": 86
  },
  {
    "1949": null,
    "1950": null,
    "1951": null,
    "1952": null,
    "1953": null,
    "1954": null,
    "1955": null,
    "1956": null,
    "1957": null,
    "1958": 10450000,
    "1959": 10950000,
    "1960": 11700000,
    "1961": 12500000,
    "1962": 13225000,
    "1963": 13700000,
    "1964": 16350000,
    "1965": 17725000,
    "1966": 17375000,
    "1967": 18250000,
    "1968": 19650000,
    "1969": 22025000,
    "1970": 26975000,
    "1971": 33125000,
    "country": "Ireland",
    "Currency": null,
    "Notes": null
  },
  {
    "1949": 137928500,
    "1950": 161700100,
    "1951": 209349740,
    "1952": 238665090,
    "1953": 219887300,
    "1954": 248714800,
    "1955": 252440200,
    "1956": 267519200,
    "1957": 279937200,
    "1958": 296346700,
    "1959": 305553760,
    "1960": 325262900,
    "1961": 343091600,
    "1962": 394448900,
    "1963": 472327500,
    "1964": 512153800,
    "1965": 555173300,
    "1966": 614779700,
    "1967": 622585300,
    "1968": 642720200,
    "1969": 646800400,
    "1970": 715542900,
    "1971": 848415500,
    "country": "Italy",
    "Currency": null,
    "Notes": 87
  },
  {
    "1949": 2507974,
    "1950": 3807134,
    "1951": 5912170,
    "1952": 9764476,
    "1953": 10929021,
    "1954": 12653705,
    "1955": 13750492,
    "1956": 8846572,
    "1957": 9829524,
    "1958": 9603662,
    "1959": 9007386,
    "1960": 5890487,
    "1961": 6495798,
    "1962": 7950531,
    "1963": 7796764,
    "1964": 10389662,
    "1965": 10660697,
    "1966": 11112422,
    "1967": 9215179,
    "1968": 8374971,
    "1969": 8754420,
    "1970": 9305524,
    "1971": 9901800,
    "country": "Luxembourg",
    "Currency": null,
    "Notes": 88
  },
  {
    "1949": null,
    "1950": null,
    "1951": null,
    "1952": null,
    "1953": null,
    "1954": null,
    "1955": null,
    "1956": null,
    "1957": null,
    "1958": null,
    "1959": null,
    "1960": null,
    "1961": null,
    "1962": null,
    "1963": null,
    "1964": null,
    "1965": null,
    "1966": null,
    "1967": null,
    "1968": null,
    "1969": null,
    "1970": null,
    "1971": null,
    "country": "Malta",
    "Currency": null,
    "Notes": null
  },
  {
    "1949": 308600000,
    "1950": 408900000,
    "1951": 481007000,
    "1952": 568600000,
    "1953": 603500000,
    "1954": 718300000,
    "1955": 770970000,
    "1956": 841310000,
    "1957": 837200000,
    "1958": 751500000,
    "1959": 682900000,
    "1960": 784100000,
    "1961": 913500000,
    "1962": 991960000,
    "1963": 1047000000,
    "1964": 1208000000,
    "1965": 1232000000,
    "1966": 1266000000,
    "1967": 1452000000,
    "1968": 1488000000,
    "1969": 1671000000,
    "1970": 1774000000,
    "1971": 1994000000,
    "country": "Netherlands",
    "Currency": null,
    "Notes": null
  },
  {
    "1949": 370000000,
    "1950": 357000000,
    "1951": 572000000,
    "1952": 831000000,
    "1953": 1067000000,
    "1954": 1141000000,
    "1955": 953000000,
    "1956": 967000000,
    "1957": 1049000000,
    "1958": 1024000000,
    "1959": 1107000000,
    "1960": 1058000000,
    "1961": 1179000000,
    "1962": 1371000000,
    "1963": 1465000000,
    "1964": 1570000000,
    "1965": 1897000000,
    "1966": 1947000000,
    "1967": 2097000000,
    "1968": 2300000000,
    "1969": 2502000000,
    "1970": 2774000000,
    "1971": 3022000000,
    "country": "Norway",
    "Currency": null,
    "Notes": null
  },
  {
    "1949": 5345369,
    "1950": 5710890,
    "1951": 5849849,
    "1952": 6370188,
    "1953": 7439563,
    "1954": 7907038,
    "1955": 8450788,
    "1956": 8654695,
    "1957": 9009643,
    "1958": 9360815,
    "1959": 10625790,
    "1960": 11388551,
    "1961": 18540380,
    "1962": 21636737,
    "1963": 21561216,
    "1964": 24302624,
    "1965": 25163562,
    "1966": 27852106,
    "1967": 36068780,
    "1968": 40276049,
    "1969": 40603809,
    "1970": 47230013,
    "1971": 55370410,
    "country": "Portugal",
    "Currency": null,
    "Notes": null
  },
  {
    "1949": 34219606,
    "1950": 35559761,
    "1951": 36824516,
    "1952": 45746592,
    "1953": 45582041,
    "1954": 46371974,
    "1955": 52189470,
    "1956": 58626169,
    "1957": 67958168,
    "1958": 67594645,
    "1959": 69112874,
    "1960": 83963668,
    "1961": 86310843,
    "1962": 111352446,
    "1963": 114139440,
    "1964": 139490000,
    "1965": 158460000,
    "1966": 202280000,
    "1967": 202330000,
    "1968": 281350000,
    "1969": 338970000,
    "1970": 361450000,
    "1971": 376020000,
    "country": "Spain",
    "Currency": null,
    "Notes": 89
  },
  {
    "1949": null,
    "1950": null,
    "1951": null,
    "1952": null,
    "1953": null,
    "1954": null,
    "1955": null,
    "1956": null,
    "1957": null,
    "1958": null,
    "1959": null,
    "1960": 2725500000,
    "1961": 2921500000,
    "1962": 3291500000,
    "1963": 3610500000,
    "1964": 3924500000,
    "1965": 4369000000,
    "1966": 4692000000,
    "1967": 4769500000,
    "1968": 4868000000,
    "1969": 5262500000,
    "1970": 5784500000,
    "1971": 6350000000,
    "country": "Sweden",
    "Currency": null,
    "Notes": null
  },
  {
    "1949": null,
    "1950": null,
    "1951": null,
    "1952": null,
    "1953": null,
    "1954": null,
    "1955": null,
    "1956": null,
    "1957": 881000000,
    "1958": 956000000,
    "1959": 921000000,
    "1960": 875000000,
    "1961": 1038000000,
    "1962": 1197000000,
    "1963": 1290000000,
    "1964": 1441000000,
    "1965": 1502000000,
    "1966": 1654000000,
    "1967": 1676000000,
    "1968": 1635000000,
    "1969": 1789000000,
    "1970": 1907000000,
    "1971": 2114000000,
    "country": "Switzerland",
    "Currency": null,
    "Notes": null
  },
  {
    "1949": null,
    "1950": 929743641,
    "1951": 1200895575,
    "1952": 1630266060,
    "1953": 1846069454,
    "1954": 1785689230,
    "1955": 1752703737,
    "1956": 1792398144,
    "1957": 1771432788,
    "1958": 1774228169,
    "1959": 1777303088,
    "1960": 1832092551,
    "1961": 1895827232,
    "1962": 1998976782,
    "1963": 2075290677,
    "1964": 2199964659,
    "1965": 2312618503,
    "1966": 2390050551,
    "1967": 2510531461,
    "1968": 2591877041,
    "1969": 2583211361,
    "1970": 2830043482,
    "1971": 3089454817,
    "country": "United Kingdom",
    "Currency": null,
    "Notes": 91
  },
  {
    "1949": null,
    "1950": null,
    "1951": null,
    "1952": null,
    "1953": null,
    "1954": null,
    "1955": null,
    "1956": null,
    "1957": null,
    "1958": null,
    "1959": null,
    "1960": null,
    "1961": null,
    "1962": null,
    "1963": null,
    "1964": null,
    "1965": null,
    "1966": null,
    "1967": null,
    "1968": null,
    "1969": null,
    "1970": null,
    "1971": null,
    "country": "European Union",
    "Currency": null,
    "Notes": null
  },
  {
    "1949": null,
    "1950": null,
    "1951": null,
    "1952": null,
    "1953": null,
    "1954": null,
    "1955": null,
    "1956": null,
    "1957": null,
    "1958": null,
    "1959": null,
    "1960": null,
    "1961": null,
    "1962": null,
    "1963": null,
    "1964": null,
    "1965": null,
    "1966": null,
    "1967": null,
    "1968": null,
    "1969": null,
    "1970": null,
    "1971": 5500000,
    "country": "Bahrain",
    "Currency": null,
    "Notes": 8
  },
  {
    "1949": null,
    "1950": null,
    "1951": null,
    "1952": null,
    "1953": null,
    "1954": null,
    "1955": null,
    "1956": null,
    "1957": null,
    "1958": null,
    "1959": null,
    "1960": null,
    "1961": null,
    "1962": 101000000,
    "1963": 146000000,
    "1964": 195000000,
    "1965": 224000000,
    "1966": 209500000,
    "1967": 221000000,
    "1968": 282000000,
    "1969": 386500000,
    "1970": 475000000,
    "1971": 550500000,
    "country": "Egypt",
    "Currency": null,
    "Notes": null
  },
  {
    "1949": null,
    "1950": null,
    "1951": null,
    "1952": null,
    "1953": null,
    "1954": null,
    "1955": null,
    "1956": null,
    "1957": null,
    "1958": null,
    "1959": null,
    "1960": 7475000000,
    "1961": 8025000000,
    "1962": 8325000000,
    "1963": 9750000000,
    "1964": 11775000000,
    "1965": 15150000000,
    "1966": 19400000000,
    "1967": 25075000000,
    "1968": 33125000000,
    "1969": 42875000000,
    "1970": 46975000000,
    "1971": 30475000000,
    "country": "Iran",
    "Currency": null,
    "Notes": 92
  },
  {
    "1949": null,
    "1950": null,
    "1951": null,
    "1952": null,
    "1953": null,
    "1954": null,
    "1955": null,
    "1956": null,
    "1957": 29730000,
    "1958": 30960000,
    "1959": 35772500,
    "1960": 42402500,
    "1961": 44815000,
    "1962": 48237500,
    "1963": 58292500,
    "1964": 66142500,
    "1965": 80622500,
    "1966": 83927500,
    "1967": 83765000,
    "1968": 104085000,
    "1969": 134285000,
    "1970": 143232500,
    "1971": 150780000,
    "country": "Iraq",
    "Currency": null,
    "Notes": null
  },
  {
    "1949": null,
    "1950": null,
    "1951": 5025,
    "1952": 6200,
    "1953": 7550,
    "1954": 10375,
    "1955": 15250,
    "1956": 31300,
    "1957": 29450,
    "1958": 28625,
    "1959": 30825,
    "1960": 34250,
    "1961": 43525,
    "1962": 61075,
    "1963": 77775,
    "1964": 83575,
    "1965": 94175,
    "1966": 112650,
    "1967": 186700,
    "1968": 241500,
    "1969": 305200,
    "1970": 440875,
    "1971": 533675,
    "country": "Israel",
    "Currency": null,
    "Notes": 94
  },
  {
    "1949": null,
    "1950": null,
    "1951": null,
    "1952": null,
    "1953": null,
    "1954": null,
    "1955": null,
    "1956": null,
    "1957": 16200000,
    "1958": 17275000,
    "1959": 21075000,
    "1960": 20050000,
    "1961": 19825000,
    "1962": 21575000,
    "1963": 22100000,
    "1964": 22100000,
    "1965": 22475000,
    "1966": 27175000,
    "1967": 37400000,
    "1968": 45625000,
    "1969": null,
    "1970": 39200000,
    "1971": 38800000,
    "country": "Jordan",
    "Currency": null,
    "Notes": null
  },
  {
    "1949": null,
    "1950": null,
    "1951": null,
    "1952": null,
    "1953": null,
    "1954": null,
    "1955": null,
    "1956": null,
    "1957": null,
    "1958": null,
    "1959": null,
    "1960": null,
    "1961": null,
    "1962": null,
    "1963": null,
    "1964": null,
    "1965": null,
    "1966": null,
    "1967": null,
    "1968": null,
    "1969": null,
    "1970": 24550000,
    "1971": 26150000,
    "country": "Kuwait",
    "Currency": null,
    "Notes": 95
  },
  {
    "1949": null,
    "1950": null,
    "1951": null,
    "1952": null,
    "1953": null,
    "1954": null,
    "1955": 40700000,
    "1956": 57800000,
    "1957": 59400000,
    "1958": 69300000,
    "1959": 65400000,
    "1960": 72600000,
    "1961": 85700000,
    "1962": 123000000,
    "1963": 105000000,
    "1964": 117000000,
    "1965": 137000000,
    "1966": 161000000,
    "1967": 185000000,
    "1968": 207000000,
    "1969": 212000000,
    "1970": 211000000,
    "1971": 216000000,
    "country": "Lebanon",
    "Currency": null,
    "Notes": null
  },
  {
    "1949": null,
    "1950": null,
    "1951": null,
    "1952": null,
    "1953": null,
    "1954": null,
    "1955": null,
    "1956": null,
    "1957": null,
    "1958": null,
    "1959": null,
    "1960": null,
    "1961": null,
    "1962": null,
    "1963": null,
    "1964": null,
    "1965": null,
    "1966": null,
    "1967": null,
    "1968": null,
    "1969": null,
    "1970": null,
    "1971": 12075000,
    "country": "Oman",
    "Currency": null,
    "Notes": null
  },
  {
    "1949": null,
    "1950": null,
    "1951": null,
    "1952": null,
    "1953": null,
    "1954": null,
    "1955": null,
    "1956": null,
    "1957": null,
    "1958": null,
    "1959": null,
    "1960": null,
    "1961": null,
    "1962": null,
    "1963": null,
    "1964": null,
    "1965": null,
    "1966": null,
    "1967": null,
    "1968": null,
    "1969": null,
    "1970": null,
    "1971": null,
    "country": "Qatar",
    "Currency": null,
    "Notes": null
  },
  {
    "1949": null,
    "1950": null,
    "1951": null,
    "1952": null,
    "1953": null,
    "1954": null,
    "1955": null,
    "1956": null,
    "1957": null,
    "1958": 267000000,
    "1959": 271000000,
    "1960": 634000000,
    "1961": 322000000,
    "1962": 379000000,
    "1963": 512000000,
    "1964": 556000000,
    "1965": 800000000,
    "1966": 1352000000,
    "1967": 1513000000,
    "1968": 1524000000,
    "1969": 1932000000,
    "1970": 2122000000,
    "1971": 2635000000,
    "country": "Saudi Arabia",
    "Currency": null,
    "Notes": 97
  },
  {
    "1949": null,
    "1950": null,
    "1951": null,
    "1952": null,
    "1953": null,
    "1954": null,
    "1955": null,
    "1956": 199000000,
    "1957": 173000000,
    "1958": 290000000,
    "1959": 297000000,
    "1960": 323000000,
    "1961": 323000000,
    "1962": 552000000,
    "1963": null,
    "1964": 428000000,
    "1965": 451000000,
    "1966": 391000000,
    "1967": 453000000,
    "1968": 726000000,
    "1969": 743000000,
    "1970": 763000000,
    "1971": 676000000,
    "country": "Syria",
    "Currency": null,
    "Notes": null
  },
  {
    "1949": 556,
    "1950": 599,
    "1951": 652,
    "1952": 725,
    "1953": 827,
    "1954": 934,
    "1955": 1077,
    "1956": 1159,
    "1957": 1266,
    "1958": 1470,
    "1959": 2153,
    "1960": 2405,
    "1961": 2718,
    "1962": 2980,
    "1963": 3157,
    "1964": 3443,
    "1965": 3821,
    "1966": 3996,
    "1967": 4596,
    "1968": 5159,
    "1969": 5395,
    "1970": 6399,
    "1971": 8487,
    "country": "Türkiye",
    "Currency": null,
    "Notes": null
  },
  {
    "1949": null,
    "1950": null,
    "1951": null,
    "1952": null,
    "1953": null,
    "1954": null,
    "1955": null,
    "1956": null,
    "1957": null,
    "1958": null,
    "1959": null,
    "1960": null,
    "1961": null,
    "1962": null,
    "1963": null,
    "1964": null,
    "1965": null,
    "1966": null,
    "1967": null,
    "1968": null,
    "1969": null,
    "1970": null,
    "1971": null,
    "country": "United Arab Emirates",
    "Currency": null,
    "Notes": null
  },
  {
    "1949": null,
    "1950": null,
    "1951": null,
    "1952": null,
    "1953": null,
    "1954": null,
    "1955": null,
    "1956": null,
    "1957": null,
    "1958": null,
    "1959": null,
    "1960": null,
    "1961": null,
    "1962": null,
    "1963": null,
    "1964": null,
    "1965": null,
    "1966": null,
    "1967": null,
    "1968": null,
    "1969": null,
    "1970": null,
    "1971": null,
    "country": "Yemen, North",
    "Currency": null,
    "Notes": null
  },
  {
    "1949": null,
    "1950": null,
    "1951": null,
    "1952": null,
    "1953": null,
    "1954": null,
    "1955": null,
    "1956": null,
    "1957": null,
    "1958": null,
    "1959": null,
    "1960": null,
    "1961": null,
    "1962": null,
    "1963": null,
    "1964": null,
    "1965": null,
    "1966": null,
    "1967": null,
    "1968": null,
    "1969": null,
    "1970": null,
    "1971": null,
    "country": "Yemen",
    "Currency": null,
    "Notes": null
  }
]