[
  {
    "1949": null,
    "1950": null,
    "1951": null,
    "1952": null,
    "1953": null,
    "1954": null,
    "1955": null,
    "1956": null,
    "1957": null,
    "1958": null,
    "1959": null,
    "1960": 213000000,
    "1961": 227000000,
    "1962": null,
    "1963": 328000000,
    "1964": 493000000,
    "1965": 521000000,
    "1966": 516000000,
    "1967": 490000000,
    "1968": 490000000,
    "1969": 490000000,
    "1970": 488000000,
    "country": "Algeria",
    "Currency": null,
    "Fiscal Year (Jan-Dec if not stated)": null,
    "Notes": null
  },
  {
    "1949": null,
    "1950": null,
    "1951": null,
    "1952": null,
    "1953": null,
    "1954": null,
    "1955": null,
    "1956": null,
    "1957": null,
    "1958": null,
    "1959": 1990000,
    "1960": 1990000,
    "1961": 2560000,
    "1962": 5960000,
    "1963": 6670000,
    "1964": 7670000,
    "1965": 10400000,
    "1966": 20900000,
    "1967": 28400000,
    "1968": 34100000,
    "1969": 51100000,
    "1970": 86600000,
    "country": "Libya",
    "Currency": null,
    "Fiscal Year (Jan-Dec if not stated)": null,
    "Notes": null
  },
  {
    "1949": null,
    "1950": null,
    "1951": null,
    "1952": null,
    "1953": null,
    "1954": null,
    "1955": null,
    "1956": 83000000,
    "1957": 127000000,
    "1958": 175000000,
    "1959": 204000000,
    "1960": 210500000,
    "1961": 244300000,
    "1962": 272500000,
    "1963": 379000000,
    "1964": 354200000,
    "1965": 319700000,
    "1966": 343800000,
    "1967": 356000000,
    "1968": 460000000,
    "1969": 430000000,
    "1970": 450000000,
    "country": "Morocco",
    "Currency": null,
    "Fiscal Year (Jan-Dec if not stated)": null,
    "Notes": null
  },
  {
    "1949": null,
    "1950": null,
    "1951": null,
    "1952": null,
    "1953": null,
    "1954": null,
    "1955": null,
    "1956": 1300000,
    "1957": 2300000,
    "1958": 4000000,
    "1959": 6000000,
    "1960": 6700000,
    "1961": 7800000,
    "1962": 6000000,
    "1963": 6400000,
    "1964": 7800000,
    "1965": 6700000,
    "1966": 7200000,
    "1967": 8100000,
    "1968": 9200000,
    "1969": 8900000,
    "1970": 11800000,
    "country": "Tunisia",
    "Currency": null,
    "Fiscal Year (Jan-Dec if not stated)": null,
    "Notes": null
  },
  {
    "1949": null,
    "1950": null,
    "1951": null,
    "1952": null,
    "1953": null,
    "1954": null,
    "1955": null,
    "1956": null,
    "1957": null,
    "1958": null,
    "1959": null,
    "1960": null,
    "1961": null,
    "1962": null,
    "1963": null,
    "1964": null,
    "1965": null,
    "1966": null,
    "1967": null,
    "1968": null,
    "1969": null,
    "1970": null,
    "country": "Angola",
    "Currency": null,
    "Fiscal Year (Jan-Dec if not stated)": null,
    "Notes": null
  },
  {
    "1949": null,
    "1950": null,
    "1951": null,
    "1952": null,
    "1953": null,
    "1954": null,
    "1955": null,
    "1956": null,
    "1957": null,
    "1958": null,
    "1959": null,
    "1960": 319000000,
    "1961": 533000000,
    "1962": 670000000,
    "1963": 726000000,
    "1964": 932000000,
    "1965": 979000000,
    "1966": 915000000,
    "1967": 962000000,
    "1968": 1063000000,
    "1969": 1044000000,
    "1970": 1133000000,
    "country": "Benin",
    "Currency": null,
    "Fiscal Year (Jan-Dec if not stated)": null,
    "Notes": null
  },
  {
    "1949": null,
    "1950": null,
    "1951": null,
    "1952": null,
    "1953": null,
    "1954": null,
    "1955": null,
    "1956": null,
    "1957": null,
    "1958": null,
    "1959": null,
    "1960": null,
    "1961": null,
    "1962": null,
    "1963": null,
    "1964": null,
    "1965": null,
    "1966": null,
    "1967": null,
    "1968": null,
    "1969": null,
    "1970": null,
    "country": "Botswana",
    "Currency": null,
    "Fiscal Year (Jan-Dec if not stated)": null,
    "Notes": null
  },
  {
    "1949": null,
    "1950": null,
    "1951": null,
    "1952": null,
    "1953": null,
    "1954": null,
    "1955": null,
    "1956": null,
    "1957": null,
    "1958": null,
    "1959": null,
    "1960": 311000000,
    "1961": 403000000,
    "1962": 1201000000,
    "1963": 1294000000,
    "1964": 1313000000,
    "1965": 860000000,
    "1966": 960000000,
    "1967": 909000000,
    "1968": 931000000,
    "1969": 1046000000,
    "1970": 1157000000,
    "country": "Burkina Faso",
    "Currency": null,
    "Fiscal Year (Jan-Dec if not stated)": null,
    "Notes": null
  },
  {
    "1949": null,
    "1950": null,
    "1951": null,
    "1952": null,
    "1953": null,
    "1954": null,
    "1955": null,
    "1956": null,
    "1957": null,
    "1958": null,
    "1959": null,
    "1960": null,
    "1961": 19000000,
    "1962": 421000000,
    "1963": 50600000,
    "1964": 58100000,
    "1965": 181700000,
    "1966": 200100000,
    "1967": 207900000,
    "1968": 226700000,
    "1969": 292000000,
    "1970": null,
    "country": "Burundi",
    "Currency": null,
    "Fiscal Year (Jan-Dec if not stated)": null,
    "Notes": null
  },
  {
    "1949": null,
    "1950": null,
    "1951": null,
    "1952": null,
    "1953": null,
    "1954": null,
    "1955": null,
    "1956": null,
    "1957": null,
    "1958": null,
    "1959": null,
    "1960": null,
    "1961": null,
    "1962": null,
    "1963": null,
    "1964": null,
    "1965": null,
    "1966": null,
    "1967": null,
    "1968": null,
    "1969": 5427000000,
    "1970": 5817000000,
    "country": "Cameroon",
    "Currency": null,
    "Fiscal Year (Jan-Dec if not stated)": null,
    "Notes": null
  },
  {
    "1949": null,
    "1950": null,
    "1951": null,
    "1952": null,
    "1953": null,
    "1954": null,
    "1955": null,
    "1956": null,
    "1957": null,
    "1958": null,
    "1959": null,
    "1960": null,
    "1961": null,
    "1962": null,
    "1963": null,
    "1964": null,
    "1965": null,
    "1966": null,
    "1967": null,
    "1968": null,
    "1969": null,
    "1970": null,
    "country": "Cape Verde",
    "Currency": null,
    "Fiscal Year (Jan-Dec if not stated)": null,
    "Notes": null
  },
  {
    "1949": null,
    "1950": null,
    "1951": null,
    "1952": null,
    "1953": null,
    "1954": null,
    "1955": null,
    "1956": null,
    "1957": null,
    "1958": null,
    "1959": null,
    "1960": null,
    "1961": null,
    "1962": null,
    "1963": null,
    "1964": null,
    "1965": null,
    "1966": null,
    "1967": null,
    "1968": null,
    "1969": null,
    "1970": null,
    "country": "Central African Republic",
    "Currency": null,
    "Fiscal Year (Jan-Dec if not stated)": null,
    "Notes": 14
  },
  {
    "1949": null,
    "1950": null,
    "1951": null,
    "1952": null,
    "1953": null,
    "1954": null,
    "1955": null,
    "1956": null,
    "1957": null,
    "1958": null,
    "1959": null,
    "1960": null,
    "1961": null,
    "1962": null,
    "1963": null,
    "1964": null,
    "1965": null,
    "1966": null,
    "1967": null,
    "1968": null,
    "1969": null,
    "1970": null,
    "country": "Chad",
    "Currency": null,
    "Fiscal Year (Jan-Dec if not stated)": null,
    "Notes": null
  },
  {
    "1949": null,
    "1950": null,
    "1951": null,
    "1952": null,
    "1953": null,
    "1954": null,
    "1955": null,
    "1956": null,
    "1957": null,
    "1958": null,
    "1959": null,
    "1960": null,
    "1961": null,
    "1962": null,
    "1963": null,
    "1964": null,
    "1965": null,
    "1966": null,
    "1967": null,
    "1968": null,
    "1969": null,
    "1970": null,
    "country": "Congo, DR",
    "Currency": null,
    "Fiscal Year (Jan-Dec if not stated)": null,
    "Notes": null
  },
  {
    "1949": null,
    "1950": null,
    "1951": null,
    "1952": null,
    "1953": null,
    "1954": null,
    "1955": null,
    "1956": null,
    "1957": null,
    "1958": null,
    "1959": null,
    "1960": null,
    "1961": null,
    "1962": null,
    "1963": null,
    "1964": null,
    "1965": null,
    "1966": null,
    "1967": null,
    "1968": null,
    "1969": null,
    "1970": 3621000000,
    "country": "Congo, Republic",
    "Currency": null,
    "Fiscal Year (Jan-Dec if not stated)": null,
    "Notes": null
  },
  {
    "1949": null,
    "1950": null,
    "1951": null,
    "1952": null,
    "1953": null,
    "1954": null,
    "1955": null,
    "1956": null,
    "1957": null,
    "1958": null,
    "1959": null,
    "1960": null,
    "1961": null,
    "1962": 2148000000,
    "1963": 1976000000,
    "1964": 2742000000,
    "1965": 3162000000,
    "1966": 3260000000,
    "1967": 3619000000,
    "1968": 3789000000,
    "1969": 4200000000,
    "1970": 4900000000,
    "country": "Cote d'Ivoire",
    "Currency": null,
    "Fiscal Year (Jan-Dec if not stated)": null,
    "Notes": 18
  },
  {
    "1949": null,
    "1950": null,
    "1951": null,
    "1952": null,
    "1953": null,
    "1954": null,
    "1955": null,
    "1956": null,
    "1957": null,
    "1958": null,
    "1959": null,
    "1960": null,
    "1961": null,
    "1962": null,
    "1963": null,
    "1964": null,
    "1965": null,
    "1966": null,
    "1967": null,
    "1968": null,
    "1969": null,
    "1970": null,
    "country": "Djibouti",
    "Currency": null,
    "Fiscal Year (Jan-Dec if not stated)": null,
    "Notes": null
  },
  {
    "1949": null,
    "1950": null,
    "1951": null,
    "1952": null,
    "1953": null,
    "1954": null,
    "1955": null,
    "1956": null,
    "1957": null,
    "1958": null,
    "1959": null,
    "1960": null,
    "1961": null,
    "1962": null,
    "1963": null,
    "1964": null,
    "1965": null,
    "1966": null,
    "1967": null,
    "1968": null,
    "1969": null,
    "1970": null,
    "country": "Equatorial Guinea",
    "Currency": null,
    "Fiscal Year (Jan-Dec if not stated)": null,
    "Notes": null
  },
  {
    "1949": null,
    "1950": null,
    "1951": null,
    "1952": null,
    "1953": null,
    "1954": null,
    "1955": null,
    "1956": null,
    "1957": null,
    "1958": null,
    "1959": null,
    "1960": null,
    "1961": null,
    "1962": null,
    "1963": null,
    "1964": null,
    "1965": null,
    "1966": null,
    "1967": null,
    "1968": null,
    "1969": null,
    "1970": null,
    "country": "Eritrea",
    "Currency": null,
    "Fiscal Year (Jan-Dec if not stated)": null,
    "Notes": null
  },
  {
    "1949": null,
    "1950": null,
    "1951": null,
    "1952": null,
    "1953": null,
    "1954": null,
    "1955": null,
    "1956": 36400000,
    "1957": 38500000,
    "1958": 42000000,
    "1959": 33500000,
    "1960": 42700000,
    "1961": 49500000,
    "1962": 50800000,
    "1963": 84800000,
    "1964": 95900000,
    "1965": 118600000,
    "1966": 98500000,
    "1967": 86500000,
    "1968": 86800000,
    "1969": 85300000,
    "1970": 87400000,
    "country": "Ethiopia",
    "Currency": null,
    "Fiscal Year (Jan-Dec if not stated)": null,
    "Notes": null
  },
  {
    "1949": null,
    "1950": null,
    "1951": null,
    "1952": null,
    "1953": null,
    "1954": null,
    "1955": null,
    "1956": null,
    "1957": null,
    "1958": null,
    "1959": null,
    "1960": null,
    "1961": null,
    "1962": null,
    "1963": null,
    "1964": null,
    "1965": null,
    "1966": null,
    "1967": 740000000,
    "1968": 740000000,
    "1969": 1131000000,
    "1970": 1282000000,
    "country": "Gabon",
    "Currency": null,
    "Fiscal Year (Jan-Dec if not stated)": null,
    "Notes": null
  },
  {
    "1949": null,
    "1950": null,
    "1951": null,
    "1952": null,
    "1953": null,
    "1954": null,
    "1955": null,
    "1956": null,
    "1957": null,
    "1958": null,
    "1959": null,
    "1960": null,
    "1961": null,
    "1962": null,
    "1963": null,
    "1964": null,
    "1965": null,
    "1966": null,
    "1967": null,
    "1968": null,
    "1969": null,
    "1970": null,
    "country": "Gambia, The",
    "Currency": null,
    "Fiscal Year (Jan-Dec if not stated)": null,
    "Notes": null
  },
  {
    "1949": null,
    "1950": null,
    "1951": null,
    "1952": null,
    "1953": null,
    "1954": null,
    "1955": null,
    "1956": null,
    "1957": 728,
    "1958": 699,
    "1959": 973,
    "1960": 2000,
    "1961": 2400,
    "1962": 2220,
    "1963": 2220,
    "1964": 2850,
    "1965": 2540,
    "1966": 3380,
    "1967": 4420,
    "1968": 4610,
    "1969": 5390,
    "1970": 4180,
    "country": "Ghana",
    "Currency": null,
    "Fiscal Year (Jan-Dec if not stated)": null,
    "Notes": null
  },
  {
    "1949": null,
    "1950": null,
    "1951": null,
    "1952": null,
    "1953": null,
    "1954": null,
    "1955": null,
    "1956": null,
    "1957": null,
    "1958": null,
    "1959": null,
    "1960": null,
    "1961": null,
    "1962": null,
    "1963": null,
    "1964": null,
    "1965": 259000000,
    "1966": 343000000,
    "1967": null,
    "1968": 350000000,
    "1969": 363000000,
    "1970": 372000000,
    "country": "Guinea",
    "Currency": null,
    "Fiscal Year (Jan-Dec if not stated)": null,
    "Notes": 23
  },
  {
    "1949": null,
    "1950": null,
    "1951": null,
    "1952": null,
    "1953": null,
    "1954": null,
    "1955": null,
    "1956": null,
    "1957": null,
    "1958": null,
    "1959": null,
    "1960": null,
    "1961": null,
    "1962": null,
    "1963": null,
    "1964": null,
    "1965": null,
    "1966": null,
    "1967": null,
    "1968": null,
    "1969": null,
    "1970": null,
    "country": "Guinea-Bissau",
    "Currency": null,
    "Fiscal Year (Jan-Dec if not stated)": null,
    "Notes": null
  },
  {
    "1949": null,
    "1950": null,
    "1951": null,
    "1952": null,
    "1953": null,
    "1954": null,
    "1955": null,
    "1956": null,
    "1957": null,
    "1958": null,
    "1959": 30400000,
    "1960": 6600000,
    "1961": 6200000,
    "1962": 3400000,
    "1963": 23200000,
    "1964": 60800000,
    "1965": 80600000,
    "1966": 105800000,
    "1967": 122600000,
    "1968": 111200000,
    "1969": 113800000,
    "1970": 129400000,
    "country": "Kenya",
    "Currency": null,
    "Fiscal Year (Jan-Dec if not stated)": null,
    "Notes": null
  },
  {
    "1949": null,
    "1950": null,
    "1951": null,
    "1952": null,
    "1953": null,
    "1954": null,
    "1955": null,
    "1956": null,
    "1957": null,
    "1958": null,
    "1959": null,
    "1960": null,
    "1961": null,
    "1962": null,
    "1963": null,
    "1964": null,
    "1965": null,
    "1966": null,
    "1967": null,
    "1968": null,
    "1969": null,
    "1970": null,
    "country": "Lesotho",
    "Currency": null,
    "Fiscal Year (Jan-Dec if not stated)": null,
    "Notes": null
  },
  {
    "1949": null,
    "1950": null,
    "1951": null,
    "1952": null,
    "1953": null,
    "1954": null,
    "1955": null,
    "1956": null,
    "1957": null,
    "1958": null,
    "1959": null,
    "1960": null,
    "1961": null,
    "1962": null,
    "1963": null,
    "1964": 2600000,
    "1965": 2800000,
    "1966": 2800000,
    "1967": 3300000,
    "1968": 2800000,
    "1969": 3300000,
    "1970": 3800000,
    "country": "Liberia",
    "Currency": null,
    "Fiscal Year (Jan-Dec if not stated)": null,
    "Notes": 25
  },
  {
    "1949": null,
    "1950": null,
    "1951": null,
    "1952": null,
    "1953": null,
    "1954": null,
    "1955": null,
    "1956": null,
    "1957": null,
    "1958": null,
    "1959": null,
    "1960": 79200000,
    "1961": 418800000,
    "1962": 453200000,
    "1963": 442200000,
    "1964": 466800000,
    "1965": 528800000,
    "1966": 560000000,
    "1967": 598000000,
    "1968": 644000000,
    "1969": 676000000,
    "1970": 674000000,
    "country": "Madagascar",
    "Currency": null,
    "Fiscal Year (Jan-Dec if not stated)": null,
    "Notes": null
  },
  {
    "1949": null,
    "1950": null,
    "1951": null,
    "1952": null,
    "1953": null,
    "1954": null,
    "1955": null,
    "1956": null,
    "1957": null,
    "1958": null,
    "1959": null,
    "1960": null,
    "1961": null,
    "1962": null,
    "1963": null,
    "1964": 1100000,
    "1965": 1320000,
    "1966": 1320000,
    "1967": 1620000,
    "1968": 1550000,
    "1969": 1660000,
    "1970": 1730000,
    "country": "Malawi",
    "Currency": null,
    "Fiscal Year (Jan-Dec if not stated)": null,
    "Notes": null
  },
  {
    "1949": null,
    "1950": null,
    "1951": null,
    "1952": null,
    "1953": null,
    "1954": null,
    "1955": null,
    "1956": null,
    "1957": null,
    "1958": null,
    "1959": null,
    "1960": null,
    "1961": 962000000,
    "1962": 1064000000,
    "1963": 1072000000,
    "1964": 1268000000,
    "1965": 1139000000,
    "1966": 1139000000,
    "1967": 1250000000,
    "1968": 1300000000,
    "1969": 1475000000,
    "1970": 1700000000,
    "country": "Mali",
    "Currency": null,
    "Fiscal Year (Jan-Dec if not stated)": null,
    "Notes": null
  },
  {
    "1949": null,
    "1950": null,
    "1951": null,
    "1952": null,
    "1953": null,
    "1954": null,
    "1955": null,
    "1956": null,
    "1957": null,
    "1958": null,
    "1959": null,
    "1960": null,
    "1961": null,
    "1962": null,
    "1963": null,
    "1964": null,
    "1965": null,
    "1966": null,
    "1967": null,
    "1968": null,
    "1969": null,
    "1970": null,
    "country": "Mauritania",
    "Currency": null,
    "Fiscal Year (Jan-Dec if not stated)": null,
    "Notes": null
  },
  {
    "1949": null,
    "1950": null,
    "1951": null,
    "1952": null,
    "1953": null,
    "1954": null,
    "1955": null,
    "1956": null,
    "1957": null,
    "1958": null,
    "1959": null,
    "1960": 2090000,
    "1961": null,
    "1962": 1420000,
    "1963": 1460000,
    "1964": 1540000,
    "1965": 1470000,
    "1966": 1550000,
    "1967": 1470000,
    "1968": 1540000,
    "1969": 2200000,
    "1970": 2400000,
    "country": "Mauritius",
    "Currency": null,
    "Fiscal Year (Jan-Dec if not stated)": null,
    "Notes": null
  },
  {
    "1949": null,
    "1950": null,
    "1951": null,
    "1952": null,
    "1953": null,
    "1954": null,
    "1955": null,
    "1956": null,
    "1957": null,
    "1958": null,
    "1959": null,
    "1960": null,
    "1961": null,
    "1962": null,
    "1963": null,
    "1964": null,
    "1965": null,
    "1966": null,
    "1967": null,
    "1968": null,
    "1969": null,
    "1970": null,
    "country": "Mozambique",
    "Currency": null,
    "Fiscal Year (Jan-Dec if not stated)": null,
    "Notes": null
  },
  {
    "1949": null,
    "1950": null,
    "1951": null,
    "1952": null,
    "1953": null,
    "1954": null,
    "1955": null,
    "1956": null,
    "1957": null,
    "1958": null,
    "1959": null,
    "1960": null,
    "1961": null,
    "1962": null,
    "1963": null,
    "1964": null,
    "1965": null,
    "1966": null,
    "1967": null,
    "1968": null,
    "1969": null,
    "1970": null,
    "country": "Namibia",
    "Currency": null,
    "Fiscal Year (Jan-Dec if not stated)": null,
    "Notes": null
  },
  {
    "1949": null,
    "1950": null,
    "1951": null,
    "1952": null,
    "1953": null,
    "1954": null,
    "1955": null,
    "1956": null,
    "1957": null,
    "1958": null,
    "1959": null,
    "1960": null,
    "1961": null,
    "1962": null,
    "1963": null,
    "1964": null,
    "1965": null,
    "1966": null,
    "1967": null,
    "1968": null,
    "1969": null,
    "1970": null,
    "country": "Niger",
    "Currency": null,
    "Fiscal Year (Jan-Dec if not stated)": null,
    "Notes": null
  },
  {
    "1949": null,
    "1950": null,
    "1951": null,
    "1952": null,
    "1953": null,
    "1954": null,
    "1955": null,
    "1956": null,
    "1957": null,
    "1958": null,
    "1959": null,
    "1960": 16700000,
    "1961": 20200000,
    "1962": 27600000,
    "1963": 32500000,
    "1964": 38800000,
    "1965": 47100000,
    "1966": 39800000,
    "1967": 171400000,
    "1968": 263600000,
    "1969": 488900000,
    "1970": 473100000,
    "country": "Nigeria",
    "Currency": null,
    "Fiscal Year (Jan-Dec if not stated)": null,
    "Notes": null
  },
  {
    "1949": null,
    "1950": null,
    "1951": null,
    "1952": null,
    "1953": null,
    "1954": null,
    "1955": null,
    "1956": null,
    "1957": null,
    "1958": null,
    "1959": null,
    "1960": null,
    "1961": null,
    "1962": null,
    "1963": null,
    "1964": null,
    "1965": null,
    "1966": null,
    "1967": null,
    "1968": null,
    "1969": null,
    "1970": null,
    "country": "Rwanda",
    "Currency": null,
    "Fiscal Year (Jan-Dec if not stated)": null,
    "Notes": 29
  },
  {
    "1949": null,
    "1950": null,
    "1951": null,
    "1952": null,
    "1953": null,
    "1954": null,
    "1955": null,
    "1956": null,
    "1957": null,
    "1958": null,
    "1959": null,
    "1960": null,
    "1961": null,
    "1962": null,
    "1963": null,
    "1964": null,
    "1965": null,
    "1966": null,
    "1967": null,
    "1968": null,
    "1969": null,
    "1970": null,
    "country": "Senegal",
    "Currency": null,
    "Fiscal Year (Jan-Dec if not stated)": null,
    "Notes": null
  },
  {
    "1949": null,
    "1950": null,
    "1951": null,
    "1952": null,
    "1953": null,
    "1954": null,
    "1955": null,
    "1956": null,
    "1957": null,
    "1958": null,
    "1959": null,
    "1960": null,
    "1961": null,
    "1962": null,
    "1963": null,
    "1964": null,
    "1965": null,
    "1966": null,
    "1967": null,
    "1968": null,
    "1969": null,
    "1970": null,
    "country": "Seychelles",
    "Currency": null,
    "Fiscal Year (Jan-Dec if not stated)": null,
    "Notes": null
  },
  {
    "1949": null,
    "1950": null,
    "1951": null,
    "1952": null,
    "1953": null,
    "1954": null,
    "1955": null,
    "1956": null,
    "1957": null,
    "1958": null,
    "1959": 1600,
    "1960": 1400,
    "1961": 1379,
    "1962": 1417,
    "1963": 1540,
    "1964": 1681,
    "1965": 1790,
    "1966": 1814,
    "1967": 2088,
    "1968": 2215,
    "1969": 2748,
    "1970": 3322,
    "country": "Sierra Leone",
    "Currency": null,
    "Fiscal Year (Jan-Dec if not stated)": null,
    "Notes": 31
  },
  {
    "1949": null,
    "1950": null,
    "1951": null,
    "1952": null,
    "1953": null,
    "1954": null,
    "1955": null,
    "1956": null,
    "1957": null,
    "1958": null,
    "1959": null,
    "1960": null,
    "1961": 3160000,
    "1962": 3700000,
    "1963": 4480000,
    "1964": 5420000,
    "1965": 5170000,
    "1966": 6500000,
    "1967": 7530000,
    "1968": 8340000,
    "1969": 9000000,
    "1970": 11200000,
    "country": "Somalia",
    "Currency": null,
    "Fiscal Year (Jan-Dec if not stated)": null,
    "Notes": 32
  },
  {
    "1949": null,
    "1950": 23000000,
    "1951": 54000000,
    "1952": 53000000,
    "1953": 45000000,
    "1954": 45000000,
    "1955": 49000000,
    "1956": 57000000,
    "1957": 59000000,
    "1958": 41000000,
    "1959": 44000000,
    "1960": 52000000,
    "1961": 91000000,
    "1962": 147000000,
    "1963": 131000000,
    "1964": 215000000,
    "1965": 204000000,
    "1966": 241000000,
    "1967": 275000000,
    "1968": 289000000,
    "1969": 309000000,
    "1970": 295000000,
    "country": "South Africa",
    "Currency": null,
    "Fiscal Year (Jan-Dec if not stated)": null,
    "Notes": null
  },
  {
    "1949": null,
    "1950": null,
    "1951": null,
    "1952": null,
    "1953": null,
    "1954": null,
    "1955": null,
    "1956": null,
    "1957": null,
    "1958": null,
    "1959": null,
    "1960": null,
    "1961": null,
    "1962": null,
    "1963": null,
    "1964": null,
    "1965": null,
    "1966": null,
    "1967": null,
    "1968": null,
    "1969": null,
    "1970": null,
    "country": "South Sudan",
    "Currency": null,
    "Fiscal Year (Jan-Dec if not stated)": null,
    "Notes": 33
  },
  {
    "1949": null,
    "1950": 1670,
    "1951": 1340,
    "1952": 1720,
    "1953": 1920,
    "1954": 2910,
    "1955": 2710,
    "1956": 3360,
    "1957": 4910,
    "1958": 5000,
    "1959": 5780,
    "1960": 6500,
    "1961": 7140,
    "1962": 8650,
    "1963": 9800,
    "1964": 14580,
    "1965": 19630,
    "1966": 17520,
    "1967": 18200,
    "1968": 20100,
    "1969": 30300,
    "1970": 37700,
    "country": "Sudan",
    "Currency": null,
    "Fiscal Year (Jan-Dec if not stated)": null,
    "Notes": null
  },
  {
    "1949": null,
    "1950": null,
    "1951": null,
    "1952": null,
    "1953": null,
    "1954": null,
    "1955": null,
    "1956": null,
    "1957": null,
    "1958": null,
    "1959": null,
    "1960": null,
    "1961": null,
    "1962": null,
    "1963": null,
    "1964": null,
    "1965": null,
    "1966": null,
    "1967": null,
    "1968": null,
    "1969": null,
    "1970": null,
    "country": "Eswatini",
    "Currency": null,
    "Fiscal Year (Jan-Dec if not stated)": null,
    "Notes": null
  },
  {
    "1949": null,
    "1950": null,
    "1951": null,
    "1952": null,
    "1953": null,
    "1954": null,
    "1955": null,
    "1956": null,
    "1957": null,
    "1958": null,
    "1959": null,
    "1960": null,
    "1961": null,
    "1962": null,
    "1963": null,
    "1964": null,
    "1965": null,
    "1966": 86000000,
    "1967": 123000000,
    "1968": 109000000,
    "1969": 178000000,
    "1970": 244000000,
    "country": "Tanzania",
    "Currency": null,
    "Fiscal Year (Jan-Dec if not stated)": null,
    "Notes": null
  },
  {
    "1949": null,
    "1950": null,
    "1951": null,
    "1952": null,
    "1953": null,
    "1954": null,
    "1955": null,
    "1956": null,
    "1957": null,
    "1958": null,
    "1959": null,
    "1960": null,
    "1961": 80200000,
    "1962": 175000000,
    "1963": 278000000,
    "1964": 829000000,
    "1965": 824000000,
    "1966": 710000000,
    "1967": 764000000,
    "1968": 814000000,
    "1969": 893000000,
    "1970": 1009000000,
    "country": "Togo",
    "Currency": null,
    "Fiscal Year (Jan-Dec if not stated)": null,
    "Notes": null
  },
  {
    "1949": null,
    "1950": null,
    "1951": null,
    "1952": null,
    "1953": null,
    "1954": null,
    "1955": null,
    "1956": null,
    "1957": null,
    "1958": null,
    "1959": null,
    "1960": 16000,
    "1961": 4000,
    "1962": 100000,
    "1963": 290000,
    "1964": 494000,
    "1965": 1040000,
    "1966": 998000,
    "1967": 1408000,
    "1968": 1441000,
    "1969": 1825000,
    "1970": 1979000,
    "country": "Uganda",
    "Currency": null,
    "Fiscal Year (Jan-Dec if not stated)": null,
    "Notes": null
  },
  {
    "1949": null,
    "1950": null,
    "1951": null,
    "1952": null,
    "1953": null,
    "1954": null,
    "1955": null,
    "1956": null,
    "1957": null,
    "1958": null,
    "1959": null,
    "1960": null,
    "1961": null,
    "1962": null,
    "1963": null,
    "1964": null,
    "1965": null,
    "1966": null,
    "1967": null,
    "1968": null,
    "1969": null,
    "1970": null,
    "country": "Zambia",
    "Currency": null,
    "Fiscal Year (Jan-Dec if not stated)": null,
    "Notes": null
  },
  {
    "1949": null,
    "1950": null,
    "1951": null,
    "1952": null,
    "1953": null,
    "1954": null,
    "1955": null,
    "1956": null,
    "1957": null,
    "1958": null,
    "1959": null,
    "1960": null,
    "1961": null,
    "1962": null,
    "1963": 10200000,
    "1964": 15100000,
    "1965": 16100000,
    "1966": 17800000,
    "1967": 20200000,
    "1968": 41000000,
    "1969": 43700000,
    "1970": 48200000,
    "country": "Zimbabwe",
    "Currency": null,
    "Fiscal Year (Jan-Dec if not stated)": null,
    "Notes": null
  },
  {
    "1949": null,
    "1950": null,
    "1951": null,
    "1952": null,
    "1953": null,
    "1954": null,
    "1955": null,
    "1956": null,
    "1957": null,
    "1958": null,
    "1959": null,
    "1960": null,
    "1961": null,
    "1962": null,
    "1963": null,
    "1964": null,
    "1965": null,
    "1966": null,
    "1967": null,
    "1968": null,
    "1969": null,
    "1970": null,
    "country": "Belize",
    "Currency": null,
    "Fiscal Year (Jan-Dec if not stated)": null,
    "Notes": null
  },
  {
    "1949": null,
    "1950": null,
    "1951": null,
    "1952": null,
    "1953": null,
    "1954": null,
    "1955": null,
    "1956": null,
    "1957": null,
    "1958": null,
    "1959": null,
    "1960": null,
    "1961": null,
    "1962": null,
    "1963": null,
    "1964": null,
    "1965": null,
    "1966": null,
    "1967": null,
    "1968": null,
    "1969": null,
    "1970": null,
    "country": "Costa Rica",
    "Currency": null,
    "Fiscal Year (Jan-Dec if not stated)": null,
    "Notes": 37
  },
  {
    "1949": null,
    "1950": null,
    "1951": null,
    "1952": null,
    "1953": null,
    "1954": null,
    "1955": null,
    "1956": null,
    "1957": null,
    "1958": null,
    "1959": null,
    "1960": null,
    "1961": null,
    "1962": null,
    "1963": null,
    "1964": null,
    "1965": null,
    "1966": null,
    "1967": null,
    "1968": null,
    "1969": null,
    "1970": null,
    "country": "Cuba",
    "Currency": null,
    "Fiscal Year (Jan-Dec if not stated)": null,
    "Notes": null
  },
  {
    "1949": null,
    "1950": null,
    "1951": null,
    "1952": null,
    "1953": null,
    "1954": null,
    "1955": null,
    "1956": null,
    "1957": null,
    "1958": 39600000,
    "1959": null,
    "1960": 38300000,
    "1961": 36300000,
    "1962": 38000000,
    "1963": 39000000,
    "1964": 42500000,
    "1965": 40200000,
    "1966": 37200000,
    "1967": 35800000,
    "1968": 37300000,
    "1969": 35600000,
    "1970": 35900000,
    "country": "Dominican Republic",
    "Currency": null,
    "Fiscal Year (Jan-Dec if not stated)": null,
    "Notes": null
  },
  {
    "1949": null,
    "1950": null,
    "1951": null,
    "1952": null,
    "1953": 4432235,
    "1954": null,
    "1955": null,
    "1956": 4986264,
    "1957": 5502085,
    "1958": 5444771,
    "1959": 4470444,
    "1960": 4384474,
    "1961": 4441787,
    "1962": 6218502,
    "1963": 6103875,
    "1964": 5724174,
    "1965": 6483576,
    "1966": 6591039,
    "1967": 6777307,
    "1968": 6619696,
    "1969": 7508053,
    "1970": 7135516,
    "country": "El Salvador",
    "Currency": null,
    "Fiscal Year (Jan-Dec if not stated)": null,
    "Notes": 39
  },
  {
    "1949": null,
    "1950": null,
    "1951": null,
    "1952": null,
    "1953": null,
    "1954": null,
    "1955": 10654777,
    "1956": 11434395,
    "1957": 12214013,
    "1958": 12084076,
    "1959": 13123567,
    "1960": 12084076,
    "1961": 12084076,
    "1962": 11954140,
    "1963": 14812739,
    "1964": 12993631,
    "1965": 18580892,
    "1966": 19100637,
    "1967": 21179618,
    "1968": 20400000,
    "1969": 17600000,
    "1970": 32300000,
    "country": "Guatemala",
    "Currency": null,
    "Fiscal Year (Jan-Dec if not stated)": null,
    "Notes": null
  },
  {
    "1949": null,
    "1950": null,
    "1951": null,
    "1952": null,
    "1953": null,
    "1954": null,
    "1955": null,
    "1956": null,
    "1957": null,
    "1958": null,
    "1959": null,
    "1960": null,
    "1961": null,
    "1962": null,
    "1963": null,
    "1964": null,
    "1965": null,
    "1966": null,
    "1967": null,
    "1968": null,
    "1969": null,
    "1970": null,
    "country": "Haiti",
    "Currency": null,
    "Fiscal Year (Jan-Dec if not stated)": null,
    "Notes": null
  },
  {
    "1949": null,
    "1950": 4020000,
    "1951": 4810000,
    "1952": 4480000,
    "1953": 5450000,
    "1954": 4980000,
    "1955": 6400000,
    "1956": 6470000,
    "1957": 8190000,
    "1958": 10900000,
    "1959": 9960000,
    "1960": 7840000,
    "1961": 7660000,
    "1962": 7660000,
    "1963": 7640000,
    "1964": 11700000,
    "1965": 12500000,
    "1966": 13000000,
    "1967": 13600000,
    "1968": 14100000,
    "1969": 14400000,
    "1970": 19800000,
    "country": "Honduras",
    "Currency": null,
    "Fiscal Year (Jan-Dec if not stated)": null,
    "Notes": 41
  },
  {
    "1949": null,
    "1950": null,
    "1951": null,
    "1952": null,
    "1953": null,
    "1954": null,
    "1955": null,
    "1956": null,
    "1957": null,
    "1958": null,
    "1959": null,
    "1960": null,
    "1961": null,
    "1962": null,
    "1963": null,
    "1964": null,
    "1965": null,
    "1966": null,
    "1967": null,
    "1968": null,
    "1969": null,
    "1970": null,
    "country": "Jamaica",
    "Currency": null,
    "Fiscal Year (Jan-Dec if not stated)": null,
    "Notes": null
  },
  {
    "1949": 301000,
    "1950": 355000,
    "1951": 405000,
    "1952": 428000,
    "1953": 478000,
    "1954": 632000,
    "1955": 694000,
    "1956": 743000,
    "1957": 848000,
    "1958": 884000,
    "1959": 888000,
    "1960": 1050000,
    "1961": 1080000,
    "1962": 1240000,
    "1963": 1400000,
    "1964": 1500000,
    "1965": 1490000,
    "1966": 1630000,
    "1967": 1670000,
    "1968": 1860000,
    "1969": 2250000,
    "1970": 2210000,
    "country": "Mexico",
    "Currency": null,
    "Fiscal Year (Jan-Dec if not stated)": null,
    "Notes": null
  },
  {
    "1949": null,
    "1950": null,
    "1951": null,
    "1952": null,
    "1953": null,
    "1954": null,
    "1955": null,
    "1956": null,
    "1957": null,
    "1958": null,
    "1959": null,
    "1960": null,
    "1961": null,
    "1962": null,
    "1963": null,
    "1964": null,
    "1965": null,
    "1966": null,
    "1967": null,
    "1968": null,
    "1969": null,
    "1970": null,
    "country": "Nicaragua",
    "Currency": null,
    "Fiscal Year (Jan-Dec if not stated)": null,
    "Notes": 42
  },
  {
    "1949": null,
    "1950": null,
    "1951": null,
    "1952": null,
    "1953": null,
    "1954": null,
    "1955": null,
    "1956": null,
    "1957": null,
    "1958": null,
    "1959": null,
    "1960": null,
    "1961": null,
    "1962": null,
    "1963": null,
    "1964": null,
    "1965": null,
    "1966": null,
    "1967": null,
    "1968": null,
    "1969": null,
    "1970": null,
    "country": "Panama",
    "Currency": null,
    "Fiscal Year (Jan-Dec if not stated)": null,
    "Notes": 43
  },
  {
    "1949": null,
    "1950": null,
    "1951": null,
    "1952": null,
    "1953": null,
    "1954": null,
    "1955": null,
    "1956": null,
    "1957": null,
    "1958": null,
    "1959": null,
    "1960": null,
    "1961": null,
    "1962": null,
    "1963": null,
    "1964": null,
    "1965": null,
    "1966": null,
    "1967": 10100000,
    "1968": 10400000,
    "1969": 10900000,
    "1970": 16900000,
    "country": "Trinidad and Tobago",
    "Currency": null,
    "Fiscal Year (Jan-Dec if not stated)": null,
    "Notes": null
  },
  {
    "1949": 372000000,
    "1950": 495000000,
    "1951": 1220000000,
    "1952": 1875000000,
    "1953": 1970000000,
    "1954": 1771000000,
    "1955": 1819000000,
    "1956": 1888000000,
    "1957": 1829000000,
    "1958": 1740000000,
    "1959": 1642000000,
    "1960": 1654000000,
    "1961": 1715000000,
    "1962": 1810000000,
    "1963": 1712000000,
    "1964": 1813000000,
    "1965": 1659000000,
    "1966": 1766000000,
    "1967": 1965000000,
    "1968": 1927000000,
    "1969": 1899000000,
    "1970": 1999000000,
    "country": "Canada",
    "Currency": null,
    "Fiscal Year (Jan-Dec if not stated)": null,
    "Notes": null
  },
  {
    "1949": 14088155591,
    "1950": 14926997114,
    "1951": 34491619320,
    "1952": 49660670207,
    "1953": 51516763579,
    "1954": 44640141087,
    "1955": 42120486511,
    "1956": 43311975342,
    "1957": 46072640356,
    "1958": 47050245465,
    "1959": 47819183529,
    "1960": 47346552670,
    "1961": 49879770605,
    "1962": 54650942605,
    "1963": 54561215775,
    "1964": 53432327058,
    "1965": 54561791263,
    "1966": 66442751527,
    "1967": 78398442241,
    "1968": 84329031218,
    "1969": 84990165431,
    "1970": 83407993005,
    "country": "United States of America",
    "Currency": null,
    "Fiscal Year (Jan-Dec if not stated)": null,
    "Notes": 44
  },
  {
    "1949": null,
    "1950": null,
    "1951": null,
    "1952": null,
    "1953": null,
    "1954": null,
    "1955": null,
    "1956": null,
    "1957": null,
    "1958": null,
    "1959": null,
    "1960": null,
    "1961": null,
    "1962": null,
    "1963": null,
    "1964": null,
    "1965": null,
    "1966": null,
    "1967": null,
    "1968": null,
    "1969": null,
    "1970": null,
    "country": "Argentina",
    "Currency": null,
    "Fiscal Year (Jan-Dec if not stated)": null,
    "Notes": 5
  },
  {
    "1949": null,
    "1950": null,
    "1951": null,
    "1952": null,
    "1953": 2,
    "1954": null,
    "1955": 5,
    "1956": 10,
    "1957": 24,
    "1958": null,
    "1959": null,
    "1960": null,
    "1961": 59,
    "1962": 62,
    "1963": 76,
    "1964": null,
    "1965": null,
    "1966": null,
    "1967": null,
    "1968": 138,
    "1969": 146,
    "1970": 199,
    "country": "Bolivia",
    "Currency": null,
    "Fiscal Year (Jan-Dec if not stated)": null,
    "Notes": 10
  },
  {
    "1949": null,
    "1950": null,
    "1951": null,
    "1952": null,
    "1953": null,
    "1954": null,
    "1955": null,
    "1956": null,
    "1957": null,
    "1958": null,
    "1959": null,
    "1960": null,
    "1961": null,
    "1962": null,
    "1963": null,
    "1964": null,
    "1965": null,
    "1966": null,
    "1967": null,
    "1968": null,
    "1969": null,
    "1970": null,
    "country": "Brazil",
    "Currency": null,
    "Fiscal Year (Jan-Dec if not stated)": null,
    "Notes": null
  },
  {
    "1949": null,
    "1950": 4200,
    "1951": 6000,
    "1952": 6800,
    "1953": 9700,
    "1954": 9400,
    "1955": 23000,
    "1956": 46000,
    "1957": 61000,
    "1958": 81000,
    "1959": 86000,
    "1960": 133000,
    "1961": 169000,
    "1962": 172000,
    "1963": 248000,
    "1964": 346000,
    "1965": 531000,
    "1966": 719000,
    "1967": 926000,
    "1968": 1195000,
    "1969": 1551000,
    "1970": 4380000,
    "country": "Chile",
    "Currency": null,
    "Fiscal Year (Jan-Dec if not stated)": null,
    "Notes": 45
  },
  {
    "1949": null,
    "1950": null,
    "1951": null,
    "1952": null,
    "1953": null,
    "1954": null,
    "1955": null,
    "1956": null,
    "1957": null,
    "1958": 487000000,
    "1959": 433000000,
    "1960": 504000000,
    "1961": 652000000,
    "1962": 1060000000,
    "1963": 1530000000,
    "1964": 1710000000,
    "1965": 1940000000,
    "1966": 2330000000,
    "1967": 2590000000,
    "1968": 2300000000,
    "1969": 2280000000,
    "1970": 3000000000,
    "country": "Colombia",
    "Currency": null,
    "Fiscal Year (Jan-Dec if not stated)": null,
    "Notes": 46
  },
  {
    "1949": null,
    "1950": null,
    "1951": null,
    "1952": null,
    "1953": 12100000,
    "1954": null,
    "1955": null,
    "1956": null,
    "1957": 19300000,
    "1958": 18800000,
    "1959": 16500000,
    "1960": 22400000,
    "1961": 18700000,
    "1962": 18300000,
    "1963": 17100000,
    "1964": 20600000,
    "1965": 23800000,
    "1966": 22900000,
    "1967": 25300000,
    "1968": 29300000,
    "1969": 39700000,
    "1970": 30700000,
    "country": "Ecuador",
    "Currency": null,
    "Fiscal Year (Jan-Dec if not stated)": null,
    "Notes": 47
  },
  {
    "1949": null,
    "1950": null,
    "1951": null,
    "1952": null,
    "1953": null,
    "1954": null,
    "1955": null,
    "1956": null,
    "1957": null,
    "1958": null,
    "1959": null,
    "1960": null,
    "1961": null,
    "1962": null,
    "1963": null,
    "1964": null,
    "1965": null,
    "1966": null,
    "1967": null,
    "1968": null,
    "1969": null,
    "1970": null,
    "country": "Guyana",
    "Currency": null,
    "Fiscal Year (Jan-Dec if not stated)": null,
    "Notes": 48
  },
  {
    "1949": null,
    "1950": null,
    "1951": null,
    "1952": null,
    "1953": null,
    "1954": null,
    "1955": null,
    "1956": null,
    "1957": null,
    "1958": null,
    "1959": null,
    "1960": 873074403,
    "1961": 905620126,
    "1962": 1042878176,
    "1963": 1160325786,
    "1964": 1236737484,
    "1965": 1471632704,
    "1966": 1712188050,
    "1967": 1881991824,
    "1968": 2094246541,
    "1969": 2249900000,
    "1970": 2433900000,
    "country": "Paraguay",
    "Currency": null,
    "Fiscal Year (Jan-Dec if not stated)": null,
    "Notes": 49
  },
  {
    "1949": null,
    "1950": null,
    "1951": 1,
    "1952": 1,
    "1953": 1,
    "1954": 1,
    "1955": 1,
    "1956": 1,
    "1957": 1,
    "1958": 1,
    "1959": 1,
    "1960": 1,
    "1961": 2,
    "1962": 2,
    "1963": 3,
    "1964": 3,
    "1965": 4,
    "1966": 4,
    "1967": 7,
    "1968": 4,
    "1969": 5,
    "1970": 8,
    "country": "Peru",
    "Currency": null,
    "Fiscal Year (Jan-Dec if not stated)": null,
    "Notes": 50
  },
  {
    "1949": null,
    "1950": null,
    "1951": null,
    "1952": null,
    "1953": null,
    "1954": null,
    "1955": null,
    "1956": null,
    "1957": null,
    "1958": null,
    "1959": null,
    "1960": null,
    "1961": null,
    "1962": null,
    "1963": null,
    "1964": null,
    "1965": null,
    "1966": null,
    "1967": null,
    "1968": null,
    "1969": null,
    "1970": null,
    "country": "Uruguay",
    "Currency": null,
    "Fiscal Year (Jan-Dec if not stated)": null,
    "Notes": null
  },
  {
    "1949": null,
    "1950": null,
    "1951": null,
    "1952": null,
    "1953": null,
    "1954": null,
    "1955": 461000,
    "1956": 562000,
    "1957": 767000,
    "1958": 844000,
    "1959": 756000,
    "1960": 785000,
    "1961": 384000,
    "1962": 683000,
    "1963": 822000,
    "1964": 872000,
    "1965": 1000000,
    "1966": 1050000,
    "1967": 1190000,
    "1968": 1200000,
    "1969": 1160000,
    "1970": 1200000,
    "country": "Venezuela",
    "Currency": null,
    "Fiscal Year (Jan-Dec if not stated)": null,
    "Notes": null
  },
  {
    "1949": 114000000,
    "1950": 191000000,
    "1951": 334000000,
    "1952": 452000000,
    "1953": 373000000,
    "1954": 372000000,
    "1955": 400000000,
    "1956": 395000000,
    "1957": 387000000,
    "1958": 398000000,
    "1959": 406000000,
    "1960": 415000000,
    "1961": 426000000,
    "1962": 448000000,
    "1963": 540000000,
    "1964": 631000000,
    "1965": 775000000,
    "1966": 987000000,
    "1967": 1152000000,
    "1968": 1208000000,
    "1969": 1140000000,
    "1970": 1141000000,
    "country": "Australia",
    "Currency": null,
    "Fiscal Year (Jan-Dec if not stated)": null,
    "Notes": null
  },
  {
    "1949": null,
    "1950": null,
    "1951": null,
    "1952": null,
    "1953": null,
    "1954": null,
    "1955": null,
    "1956": null,
    "1957": null,
    "1958": null,
    "1959": null,
    "1960": null,
    "1961": null,
    "1962": null,
    "1963": null,
    "1964": null,
    "1965": null,
    "1966": null,
    "1967": null,
    "1968": 300000,
    "1969": 300000,
    "1970": 360000,
    "country": "Fiji",
    "Currency": null,
    "Fiscal Year (Jan-Dec if not stated)": null,
    "Notes": null
  },
  {
    "1949": null,
    "1950": null,
    "1951": null,
    "1952": null,
    "1953": 73200000,
    "1954": null,
    "1955": 63100000,
    "1956": 65100000,
    "1957": 63100000,
    "1958": 66400000,
    "1959": 71100000,
    "1960": 72700000,
    "1961": 68000000,
    "1962": 69700000,
    "1963": 72700000,
    "1964": 94100000,
    "1965": 90400000,
    "1966": 112000000,
    "1967": 109000000,
    "1968": 125000000,
    "1969": 134000000,
    "1970": 160000000,
    "country": "New Zealand",
    "Currency": null,
    "Fiscal Year (Jan-Dec if not stated)": null,
    "Notes": null
  },
  {
    "1949": null,
    "1950": null,
    "1951": null,
    "1952": null,
    "1953": null,
    "1954": null,
    "1955": null,
    "1956": null,
    "1957": null,
    "1958": null,
    "1959": null,
    "1960": null,
    "1961": null,
    "1962": null,
    "1963": null,
    "1964": null,
    "1965": null,
    "1966": null,
    "1967": null,
    "1968": null,
    "1969": null,
    "1970": null,
    "country": "Papua New Guinea",
    "Currency": null,
    "Fiscal Year (Jan-Dec if not stated)": null,
    "Notes": null
  },
  {
    "1949": null,
    "1950": null,
    "1951": null,
    "1952": null,
    "1953": null,
    "1954": null,
    "1955": null,
    "1956": null,
    "1957": null,
    "1958": null,
    "1959": null,
    "1960": null,
    "1961": null,
    "1962": null,
    "1963": null,
    "1964": null,
    "1965": null,
    "1966": null,
    "1967": null,
    "1968": null,
    "1969": 1350000000,
    "1970": 1260000000,
    "country": "Afghanistan",
    "Currency": null,
    "Fiscal Year (Jan-Dec if not stated)": null,
    "Notes": 2
  },
  {
    "1949": null,
    "1950": null,
    "1951": null,
    "1952": null,
    "1953": null,
    "1954": null,
    "1955": null,
    "1956": null,
    "1957": null,
    "1958": null,
    "1959": null,
    "1960": null,
    "1961": null,
    "1962": null,
    "1963": null,
    "1964": null,
    "1965": null,
    "1966": null,
    "1967": null,
    "1968": null,
    "1969": null,
    "1970": null,
    "country": "Bangladesh",
    "Currency": null,
    "Fiscal Year (Jan-Dec if not stated)": null,
    "Notes": 9
  },
  {
    "1949": null,
    "1950": null,
    "1951": null,
    "1952": null,
    "1953": null,
    "1954": null,
    "1955": 2242000000,
    "1956": 2544000000,
    "1957": 3310000000,
    "1958": 3262000000,
    "1959": 3125000000,
    "1960": 3287000000,
    "1961": 3656000000,
    "1962": 5546000000,
    "1963": 9551000000,
    "1964": 9430000000,
    "1965": 10355000000,
    "1966": 10633000000,
    "1967": 11333000000,
    "1968": 12091000000,
    "1969": 12884000000,
    "1970": 14035000000,
    "country": "India",
    "Currency": null,
    "Fiscal Year (Jan-Dec if not stated)": null,
    "Notes": 59
  },
  {
    "1949": null,
    "1950": null,
    "1951": null,
    "1952": null,
    "1953": null,
    "1954": null,
    "1955": null,
    "1956": null,
    "1957": null,
    "1958": null,
    "1959": null,
    "1960": null,
    "1961": null,
    "1962": null,
    "1963": null,
    "1964": null,
    "1965": null,
    "1966": null,
    "1967": null,
    "1968": null,
    "1969": 48900000,
    "1970": 56100000,
    "country": "Nepal",
    "Currency": null,
    "Fiscal Year (Jan-Dec if not stated)": null,
    "Notes": null
  },
  {
    "1949": null,
    "1950": 685000000,
    "1951": 873000000,
    "1952": 977000000,
    "1953": 782000000,
    "1954": 695000000,
    "1955": 835000000,
    "1956": 797000000,
    "1957": 708000000,
    "1958": 1011000000,
    "1959": 976000000,
    "1960": 1013000000,
    "1961": 988000000,
    "1962": 920000000,
    "1963": 1172000000,
    "1964": 1284000000,
    "1965": 2903000000,
    "1966": 2332000000,
    "1967": 2223000000,
    "1968": 2468000000,
    "1969": 2796000000,
    "1970": 3254000000,
    "country": "Pakistan",
    "Currency": null,
    "Fiscal Year (Jan-Dec if not stated)": null,
    "Notes": 60
  },
  {
    "1949": null,
    "1950": 10800000,
    "1951": 14900000,
    "1952": 16600000,
    "1953": 34900000,
    "1954": 29500000,
    "1955": 33800000,
    "1956": 44400000,
    "1957": 71300000,
    "1958": 80500000,
    "1959": 78300000,
    "1960": 82300000,
    "1961": 78500000,
    "1962": 66400000,
    "1963": 65900000,
    "1964": 67800000,
    "1965": 72300000,
    "1966": 74200000,
    "1967": 82900000,
    "1968": 91900000,
    "1969": 102000000,
    "1970": 195000000,
    "country": "Sri Lanka",
    "Currency": null,
    "Fiscal Year (Jan-Dec if not stated)": null,
    "Notes": 61
  },
  {
    "1949": null,
    "1950": null,
    "1951": null,
    "1952": null,
    "1953": null,
    "1954": null,
    "1955": null,
    "1956": null,
    "1957": null,
    "1958": null,
    "1959": null,
    "1960": null,
    "1961": null,
    "1962": null,
    "1963": null,
    "1964": null,
    "1965": null,
    "1966": null,
    "1967": null,
    "1968": null,
    "1969": null,
    "1970": null,
    "country": "China",
    "Currency": null,
    "Fiscal Year (Jan-Dec if not stated)": null,
    "Notes": 55
  },
  {
    "1949": null,
    "1950": null,
    "1951": 128000000000,
    "1952": 129000000000,
    "1953": 147000000000,
    "1954": 179000000000,
    "1955": 175000000000,
    "1956": 161000000000,
    "1957": 163000000000,
    "1958": 166000000000,
    "1959": 167000000000,
    "1960": 175000000000,
    "1961": 178000000000,
    "1962": 199000000000,
    "1963": 236000000000,
    "1964": 266000000000,
    "1965": 305600000000,
    "1966": 345700000000,
    "1967": 383500000000,
    "1968": 432900000000,
    "1969": 496700000000,
    "1970": 590600000000,
    "country": "Japan",
    "Currency": null,
    "Fiscal Year (Jan-Dec if not stated)": null,
    "Notes": 56
  },
  {
    "1949": null,
    "1950": null,
    "1951": null,
    "1952": null,
    "1953": null,
    "1954": null,
    "1955": null,
    "1956": null,
    "1957": null,
    "1958": null,
    "1959": null,
    "1960": null,
    "1961": null,
    "1962": null,
    "1963": null,
    "1964": null,
    "1965": null,
    "1966": null,
    "1967": null,
    "1968": null,
    "1969": null,
    "1970": null,
    "country": "Korea, North",
    "Currency": null,
    "Fiscal Year (Jan-Dec if not stated)": null,
    "Notes": 57
  },
  {
    "1949": null,
    "1950": 271000000,
    "1951": null,
    "1952": 389000000,
    "1953": 1120000000,
    "1954": 3840000000,
    "1955": 7060000000,
    "1956": 12500000000,
    "1957": 13300000000,
    "1958": 15100000000,
    "1959": 16500000000,
    "1960": 17400000000,
    "1961": 19600000000,
    "1962": 24200000000,
    "1963": 24100000000,
    "1964": 29400000000,
    "1965": 35200000000,
    "1966": 48000000000,
    "1967": 59000000000,
    "1968": 77100000000,
    "1969": 100000000000,
    "1970": 120000000000,
    "country": "Korea, South",
    "Currency": null,
    "Fiscal Year (Jan-Dec if not stated)": null,
    "Notes": 58
  },
  {
    "1949": null,
    "1950": null,
    "1951": null,
    "1952": null,
    "1953": null,
    "1954": null,
    "1955": null,
    "1956": null,
    "1957": null,
    "1958": null,
    "1959": null,
    "1960": null,
    "1961": null,
    "1962": null,
    "1963": null,
    "1964": null,
    "1965": null,
    "1966": null,
    "1967": null,
    "1968": null,
    "1969": null,
    "1970": null,
    "country": "Mongolia",
    "Currency": null,
    "Fiscal Year (Jan-Dec if not stated)": null,
    "Notes": null
  },
  {
    "1949": null,
    "1950": null,
    "1951": null,
    "1952": null,
    "1953": null,
    "1954": null,
    "1955": null,
    "1956": null,
    "1957": null,
    "1958": null,
    "1959": null,
    "1960": null,
    "1961": null,
    "1962": null,
    "1963": null,
    "1964": null,
    "1965": null,
    "1966": null,
    "1967": null,
    "1968": null,
    "1969": null,
    "1970": null,
    "country": "Taiwan",
    "Currency": null,
    "Fiscal Year (Jan-Dec if not stated)": null,
    "Notes": null
  },
  {
    "1949": null,
    "1950": null,
    "1951": null,
    "1952": null,
    "1953": null,
    "1954": null,
    "1955": null,
    "1956": null,
    "1957": null,
    "1958": null,
    "1959": null,
    "1960": null,
    "1961": null,
    "1962": null,
    "1963": null,
    "1964": null,
    "1965": null,
    "1966": null,
    "1967": null,
    "1968": null,
    "1969": null,
    "1970": null,
    "country": "Brunei",
    "Currency": null,
    "Fiscal Year (Jan-Dec if not stated)": null,
    "Notes": null
  },
  {
    "1949": null,
    "1950": null,
    "1951": null,
    "1952": null,
    "1953": null,
    "1954": null,
    "1955": null,
    "1956": null,
    "1957": null,
    "1958": null,
    "1959": null,
    "1960": null,
    "1961": null,
    "1962": null,
    "1963": null,
    "1964": null,
    "1965": null,
    "1966": null,
    "1967": null,
    "1968": null,
    "1969": null,
    "1970": null,
    "country": "Cambodia",
    "Currency": null,
    "Fiscal Year (Jan-Dec if not stated)": null,
    "Notes": null
  },
  {
    "1949": null,
    "1950": null,
    "1951": null,
    "1952": null,
    "1953": null,
    "1954": null,
    "1955": null,
    "1956": null,
    "1957": null,
    "1958": null,
    "1959": null,
    "1960": null,
    "1961": null,
    "1962": null,
    "1963": null,
    "1964": null,
    "1965": null,
    "1966": null,
    "1967": null,
    "1968": null,
    "1969": null,
    "1970": null,
    "country": "Indonesia",
    "Currency": null,
    "Fiscal Year (Jan-Dec if not stated)": null,
    "Notes": 62
  },
  {
    "1949": null,
    "1950": null,
    "1951": null,
    "1952": null,
    "1953": null,
    "1954": null,
    "1955": null,
    "1956": null,
    "1957": null,
    "1958": null,
    "1959": null,
    "1960": null,
    "1961": null,
    "1962": null,
    "1963": null,
    "1964": null,
    "1965": null,
    "1966": 8533800000,
    "1967": 8527700000,
    "1968": 8494000000,
    "1969": 8850300000,
    "1970": 9411700000,
    "country": "Laos",
    "Currency": null,
    "Fiscal Year (Jan-Dec if not stated)": null,
    "Notes": null
  },
  {
    "1949": null,
    "1950": null,
    "1951": 117000000,
    "1952": 193000000,
    "1953": 252000000,
    "1954": 221000000,
    "1955": 192000000,
    "1956": 177000000,
    "1957": 192000000,
    "1958": 199000000,
    "1959": 170000000,
    "1960": 157000000,
    "1961": 130000000,
    "1962": 134000000,
    "1963": 186000000,
    "1964": 259000000,
    "1965": 363000000,
    "1966": 455000000,
    "1967": 439000000,
    "1968": 454000000,
    "1969": 440000000,
    "1970": 611000000,
    "country": "Malaysia",
    "Currency": null,
    "Fiscal Year (Jan-Dec if not stated)": null,
    "Notes": 63
  },
  {
    "1949": null,
    "1950": 136400000,
    "1951": 201500000,
    "1952": 284600000,
    "1953": 381800000,
    "1954": 332800000,
    "1955": 353500000,
    "1956": 368500000,
    "1957": 407600000,
    "1958": 403300000,
    "1959": 433100000,
    "1960": 405700000,
    "1961": 413700000,
    "1962": 486600000,
    "1963": 451100000,
    "1964": 511700000,
    "1965": 507600000,
    "1966": 485900000,
    "1967": 485900000,
    "1968": 534500000,
    "1969": 575900000,
    "1970": 611000000,
    "country": "Myanmar",
    "Currency": null,
    "Fiscal Year (Jan-Dec if not stated)": null,
    "Notes": null
  },
  {
    "1949": null,
    "1950": null,
    "1951": null,
    "1952": null,
    "1953": null,
    "1954": null,
    "1955": null,
    "1956": null,
    "1957": 234000000,
    "1958": 237000000,
    "1959": 245000000,
    "1960": 254000000,
    "1961": 266000000,
    "1962": 352000000,
    "1963": 385000000,
    "1964": 347000000,
    "1965": 381000000,
    "1966": 474000000,
    "1967": 536000000,
    "1968": 664000000,
    "1969": 812000000,
    "1970": 1019000000,
    "country": "Philippines",
    "Currency": null,
    "Fiscal Year (Jan-Dec if not stated)": null,
    "Notes": 65
  },
  {
    "1949": null,
    "1950": null,
    "1951": null,
    "1952": null,
    "1953": null,
    "1954": null,
    "1955": null,
    "1956": null,
    "1957": null,
    "1958": null,
    "1959": null,
    "1960": null,
    "1961": null,
    "1962": null,
    "1963": null,
    "1964": null,
    "1965": null,
    "1966": null,
    "1967": null,
    "1968": null,
    "1969": 297000000,
    "1970": 324000000,
    "country": "Singapore",
    "Currency": null,
    "Fiscal Year (Jan-Dec if not stated)": null,
    "Notes": null
  },
  {
    "1949": null,
    "1950": null,
    "1951": null,
    "1952": null,
    "1953": null,
    "1954": null,
    "1955": null,
    "1956": 1599000000,
    "1957": 1481000000,
    "1958": 1450000000,
    "1959": 1407000000,
    "1960": 1102000000,
    "1961": 1642000000,
    "1962": 1781000000,
    "1963": 1781000000,
    "1964": 1915000000,
    "1965": 2098000000,
    "1966": 2487000000,
    "1967": 3051000000,
    "1968": 3713000000,
    "1969": 4245000000,
    "1970": 5338000000,
    "country": "Thailand",
    "Currency": null,
    "Fiscal Year (Jan-Dec if not stated)": null,
    "Notes": null
  },
  {
    "1949": null,
    "1950": null,
    "1951": null,
    "1952": null,
    "1953": null,
    "1954": null,
    "1955": null,
    "1956": null,
    "1957": null,
    "1958": null,
    "1959": null,
    "1960": null,
    "1961": null,
    "1962": null,
    "1963": null,
    "1964": null,
    "1965": null,
    "1966": null,
    "1967": null,
    "1968": null,
    "1969": null,
    "1970": null,
    "country": "Timor Leste",
    "Currency": null,
    "Fiscal Year (Jan-Dec if not stated)": null,
    "Notes": null
  },
  {
    "1949": null,
    "1950": null,
    "1951": null,
    "1952": null,
    "1953": null,
    "1954": null,
    "1955": null,
    "1956": null,
    "1957": null,
    "1958": null,
    "1959": null,
    "1960": null,
    "1961": null,
    "1962": null,
    "1963": null,
    "1964": null,
    "1965": null,
    "1966": null,
    "1967": null,
    "1968": null,
    "1969": null,
    "1970": null,
    "country": "Viet Nam",
    "Currency": null,
    "Fiscal Year (Jan-Dec if not stated)": null,
    "Notes": null
  },
  {
    "1949": null,
    "1950": null,
    "1951": null,
    "1952": null,
    "1953": null,
    "1954": null,
    "1955": null,
    "1956": null,
    "1957": null,
    "1958": null,
    "1959": null,
    "1960": null,
    "1961": null,
    "1962": null,
    "1963": null,
    "1964": null,
    "1965": null,
    "1966": null,
    "1967": null,
    "1968": null,
    "1969": null,
    "1970": null,
    "country": "Kazakhstan",
    "Currency": null,
    "Fiscal Year (Jan-Dec if not stated)": null,
    "Notes": null
  },
  {
    "1949": null,
    "1950": null,
    "1951": null,
    "1952": null,
    "1953": null,
    "1954": null,
    "1955": null,
    "1956": null,
    "1957": null,
    "1958": null,
    "1959": null,
    "1960": null,
    "1961": null,
    "1962": null,
    "1963": null,
    "1964": null,
    "1965": null,
    "1966": null,
    "1967": null,
    "1968": null,
    "1969": null,
    "1970": null,
    "country": "Kyrgyz Republic",
    "Currency": null,
    "Fiscal Year (Jan-Dec if not stated)": null,
    "Notes": 52
  },
  {
    "1949": null,
    "1950": null,
    "1951": null,
    "1952": null,
    "1953": null,
    "1954": null,
    "1955": null,
    "1956": null,
    "1957": null,
    "1958": null,
    "1959": null,
    "1960": null,
    "1961": null,
    "1962": null,
    "1963": null,
    "1964": null,
    "1965": null,
    "1966": null,
    "1967": null,
    "1968": null,
    "1969": null,
    "1970": null,
    "country": "Tajikistan",
    "Currency": null,
    "Fiscal Year (Jan-Dec if not stated)": null,
    "Notes": null
  },
  {
    "1949": null,
    "1950": null,
    "1951": null,
    "1952": null,
    "1953": null,
    "1954": null,
    "1955": null,
    "1956": null,
    "1957": null,
    "1958": null,
    "1959": null,
    "1960": null,
    "1961": null,
    "1962": null,
    "1963": null,
    "1964": null,
    "1965": null,
    "1966": null,
    "1967": null,
    "1968": null,
    "1969": null,
    "1970": null,
    "country": "Turkmenistan",
    "Currency": null,
    "Fiscal Year (Jan-Dec if not stated)": null,
    "Notes": null
  },
  {
    "1949": null,
    "1950": null,
    "1951": null,
    "1952": null,
    "1953": null,
    "1954": null,
    "1955": null,
    "1956": null,
    "1957": null,
    "1958": null,
    "1959": null,
    "1960": null,
    "1961": null,
    "1962": null,
    "1963": null,
    "1964": null,
    "1965": null,
    "1966": null,
    "1967": null,
    "1968": null,
    "1969": null,
    "1970": null,
    "country": "Uzbekistan",
    "Currency": null,
    "Fiscal Year (Jan-Dec if not stated)": null,
    "Notes": null
  },
  {
    "1949": null,
    "1950": null,
    "1951": null,
    "1952": null,
    "1953": null,
    "1954": null,
    "1955": null,
    "1956": null,
    "1957": null,
    "1958": null,
    "1959": null,
    "1960": null,
    "1961": null,
    "1962": null,
    "1963": null,
    "1964": null,
    "1965": null,
    "1966": null,
    "1967": null,
    "1968": null,
    "1969": null,
    "1970": null,
    "country": "Albania",
    "Currency": null,
    "Fiscal Year (Jan-Dec if not stated)": null,
    "Notes": null
  },
  {
    "1949": null,
    "1950": null,
    "1951": null,
    "1952": null,
    "1953": null,
    "1954": null,
    "1955": null,
    "1956": null,
    "1957": null,
    "1958": null,
    "1959": null,
    "1960": null,
    "1961": null,
    "1962": null,
    "1963": null,
    "1964": null,
    "1965": null,
    "1966": null,
    "1967": null,
    "1968": null,
    "1969": null,
    "1970": null,
    "country": "Bosnia and Herzegovina",
    "Currency": null,
    "Fiscal Year (Jan-Dec if not stated)": null,
    "Notes": null
  },
  {
    "1949": null,
    "1950": null,
    "1951": null,
    "1952": null,
    "1953": null,
    "1954": null,
    "1955": null,
    "1956": null,
    "1957": null,
    "1958": null,
    "1959": null,
    "1960": null,
    "1961": null,
    "1962": null,
    "1963": null,
    "1964": null,
    "1965": null,
    "1966": null,
    "1967": null,
    "1968": null,
    "1969": null,
    "1970": null,
    "country": "Bulgaria",
    "Currency": null,
    "Fiscal Year (Jan-Dec if not stated)": null,
    "Notes": null
  },
  {
    "1949": null,
    "1950": null,
    "1951": null,
    "1952": null,
    "1953": null,
    "1954": null,
    "1955": null,
    "1956": null,
    "1957": null,
    "1958": null,
    "1959": null,
    "1960": null,
    "1961": null,
    "1962": null,
    "1963": null,
    "1964": null,
    "1965": null,
    "1966": null,
    "1967": null,
    "1968": null,
    "1969": null,
    "1970": null,
    "country": "Croatia",
    "Currency": null,
    "Fiscal Year (Jan-Dec if not stated)": null,
    "Notes": 70
  },
  {
    "1949": null,
    "1950": null,
    "1951": null,
    "1952": null,
    "1953": null,
    "1954": null,
    "1955": null,
    "1956": null,
    "1957": null,
    "1958": null,
    "1959": null,
    "1960": null,
    "1961": null,
    "1962": null,
    "1963": null,
    "1964": null,
    "1965": null,
    "1966": null,
    "1967": null,
    "1968": null,
    "1969": null,
    "1970": null,
    "country": "Czechia",
    "Currency": null,
    "Fiscal Year (Jan-Dec if not stated)": null,
    "Notes": 71
  },
  {
    "1949": null,
    "1950": null,
    "1951": null,
    "1952": null,
    "1953": null,
    "1954": null,
    "1955": null,
    "1956": 7570000000,
    "1957": 7736000000,
    "1958": 7403000000,
    "1959": 7320000000,
    "1960": 7902000000,
    "1961": 9067000000,
    "1962": 9400000000,
    "1963": 8984000000,
    "1964": 8485000000,
    "1965": 8401000000,
    "1966": 9067000000,
    "1967": 10315000000,
    "1968": 10980000000,
    "1969": 11895000000,
    "1970": 12394000000,
    "country": "Czechoslovakia",
    "Currency": null,
    "Fiscal Year (Jan-Dec if not stated)": null,
    "Notes": 72
  },
  {
    "1949": null,
    "1950": null,
    "1951": null,
    "1952": null,
    "1953": null,
    "1954": null,
    "1955": null,
    "1956": null,
    "1957": null,
    "1958": null,
    "1959": null,
    "1960": null,
    "1961": null,
    "1962": null,
    "1963": null,
    "1964": null,
    "1965": null,
    "1966": null,
    "1967": null,
    "1968": null,
    "1969": null,
    "1970": null,
    "country": "Estonia",
    "Currency": null,
    "Fiscal Year (Jan-Dec if not stated)": null,
    "Notes": null
  },
  {
    "1949": null,
    "1950": null,
    "1951": null,
    "1952": null,
    "1953": null,
    "1954": null,
    "1955": null,
    "1956": null,
    "1957": null,
    "1958": null,
    "1959": null,
    "1960": 1200000000,
    "1961": 1200000000,
    "1962": 3200000000,
    "1963": 3300000000,
    "1964": 3400000000,
    "1965": 3600000000,
    "1966": 3700000000,
    "1967": 4200000000,
    "1968": 5600000000,
    "1969": 6100000000,
    "1970": 6700000000,
    "country": "German Democratic Republic",
    "Currency": null,
    "Fiscal Year (Jan-Dec if not stated)": null,
    "Notes": 74
  },
  {
    "1949": null,
    "1950": null,
    "1951": null,
    "1952": null,
    "1953": null,
    "1954": 7400000000,
    "1955": 7740000000,
    "1956": 5570000000,
    "1957": 2610000000,
    "1958": 2830000000,
    "1959": 3280000000,
    "1960": 4220000000,
    "1961": 4860000000,
    "1962": 6810000000,
    "1963": 8240000000,
    "1964": 8180000000,
    "1965": 6710000000,
    "1966": 6900000000,
    "1967": 7400000000,
    "1968": 9010000000,
    "1969": 10400000000,
    "1970": 13400000000,
    "country": "Hungary",
    "Currency": null,
    "Fiscal Year (Jan-Dec if not stated)": null,
    "Notes": null
  },
  {
    "1949": null,
    "1950": null,
    "1951": null,
    "1952": null,
    "1953": null,
    "1954": null,
    "1955": null,
    "1956": null,
    "1957": null,
    "1958": null,
    "1959": null,
    "1960": null,
    "1961": null,
    "1962": null,
    "1963": null,
    "1964": null,
    "1965": null,
    "1966": null,
    "1967": null,
    "1968": null,
    "1969": null,
    "1970": null,
    "country": "Kosovo",
    "Currency": null,
    "Fiscal Year (Jan-Dec if not stated)": null,
    "Notes": null
  },
  {
    "1949": null,
    "1950": null,
    "1951": null,
    "1952": null,
    "1953": null,
    "1954": null,
    "1955": null,
    "1956": null,
    "1957": null,
    "1958": null,
    "1959": null,
    "1960": null,
    "1961": null,
    "1962": null,
    "1963": null,
    "1964": null,
    "1965": null,
    "1966": null,
    "1967": null,
    "1968": null,
    "1969": null,
    "1970": null,
    "country": "Latvia",
    "Currency": null,
    "Fiscal Year (Jan-Dec if not stated)": null,
    "Notes": null
  },
  {
    "1949": null,
    "1950": null,
    "1951": null,
    "1952": null,
    "1953": null,
    "1954": null,
    "1955": null,
    "1956": null,
    "1957": null,
    "1958": null,
    "1959": null,
    "1960": null,
    "1961": null,
    "1962": null,
    "1963": null,
    "1964": null,
    "1965": null,
    "1966": null,
    "1967": null,
    "1968": null,
    "1969": null,
    "1970": null,
    "country": "Lithuania",
    "Currency": null,
    "Fiscal Year (Jan-Dec if not stated)": null,
    "Notes": null
  },
  {
    "1949": null,
    "1950": null,
    "1951": null,
    "1952": null,
    "1953": null,
    "1954": null,
    "1955": null,
    "1956": null,
    "1957": null,
    "1958": null,
    "1959": null,
    "1960": null,
    "1961": null,
    "1962": null,
    "1963": null,
    "1964": null,
    "1965": null,
    "1966": null,
    "1967": null,
    "1968": null,
    "1969": null,
    "1970": null,
    "country": "North Macedonia",
    "Currency": null,
    "Fiscal Year (Jan-Dec if not stated)": null,
    "Notes": null
  },
  {
    "1949": null,
    "1950": null,
    "1951": null,
    "1952": null,
    "1953": null,
    "1954": null,
    "1955": null,
    "1956": null,
    "1957": null,
    "1958": null,
    "1959": null,
    "1960": null,
    "1961": null,
    "1962": null,
    "1963": null,
    "1964": null,
    "1965": null,
    "1966": null,
    "1967": null,
    "1968": null,
    "1969": null,
    "1970": null,
    "country": "Montenegro",
    "Currency": null,
    "Fiscal Year (Jan-Dec if not stated)": null,
    "Notes": 76
  },
  {
    "1949": null,
    "1950": null,
    "1951": 380000,
    "1952": 610000,
    "1953": 910000,
    "1954": 990000,
    "1955": 1170000,
    "1956": 1160000,
    "1957": 970000,
    "1958": 1080000,
    "1959": 1350000,
    "1960": 1420000,
    "1961": 1610000,
    "1962": 1750000,
    "1963": 1980000,
    "1964": 2080000,
    "1965": 2210000,
    "1966": 2390000,
    "1967": 2510000,
    "1968": 2890000,
    "1969": 3190000,
    "1970": 3410000,
    "country": "Poland",
    "Currency": null,
    "Fiscal Year (Jan-Dec if not stated)": null,
    "Notes": 78
  },
  {
    "1949": null,
    "1950": 425300,
    "1951": 571900,
    "1952": 672800,
    "1953": 691300,
    "1954": 487000,
    "1955": 553900,
    "1956": 522000,
    "1957": 500100,
    "1958": 471300,
    "1959": 451500,
    "1960": 444500,
    "1961": 476800,
    "1962": 541200,
    "1963": 542900,
    "1964": 569500,
    "1965": 620400,
    "1966": 645600,
    "1967": 674300,
    "1968": 753500,
    "1969": 828000,
    "1970": 925200,
    "country": "Romania",
    "Currency": null,
    "Fiscal Year (Jan-Dec if not stated)": null,
    "Notes": null
  },
  {
    "1949": null,
    "1950": null,
    "1951": null,
    "1952": null,
    "1953": null,
    "1954": null,
    "1955": null,
    "1956": null,
    "1957": null,
    "1958": null,
    "1959": null,
    "1960": null,
    "1961": null,
    "1962": null,
    "1963": null,
    "1964": null,
    "1965": null,
    "1966": null,
    "1967": null,
    "1968": null,
    "1969": null,
    "1970": null,
    "country": "Serbia",
    "Currency": null,
    "Fiscal Year (Jan-Dec if not stated)": null,
    "Notes": 79
  },
  {
    "1949": null,
    "1950": null,
    "1951": null,
    "1952": null,
    "1953": null,
    "1954": null,
    "1955": null,
    "1956": null,
    "1957": null,
    "1958": null,
    "1959": null,
    "1960": null,
    "1961": null,
    "1962": null,
    "1963": null,
    "1964": null,
    "1965": null,
    "1966": null,
    "1967": null,
    "1968": null,
    "1969": null,
    "1970": null,
    "country": "Slovakia",
    "Currency": null,
    "Fiscal Year (Jan-Dec if not stated)": null,
    "Notes": null
  },
  {
    "1949": null,
    "1950": null,
    "1951": null,
    "1952": null,
    "1953": null,
    "1954": null,
    "1955": null,
    "1956": null,
    "1957": null,
    "1958": null,
    "1959": null,
    "1960": null,
    "1961": null,
    "1962": null,
    "1963": null,
    "1964": null,
    "1965": null,
    "1966": null,
    "1967": null,
    "1968": null,
    "1969": null,
    "1970": null,
    "country": "Slovenia",
    "Currency": null,
    "Fiscal Year (Jan-Dec if not stated)": null,
    "Notes": null
  },
  {
    "1949": null,
    "1950": null,
    "1951": null,
    "1952": null,
    "1953": null,
    "1954": null,
    "1955": null,
    "1956": null,
    "1957": null,
    "1958": 1790000000,
    "1959": 1960000000,
    "1960": 2080000000,
    "1961": 2480000000,
    "1962": 2700000000,
    "1963": 2860000000,
    "1964": 3320000000,
    "1965": 4310000000,
    "1966": 5070000000,
    "1967": 5380000000,
    "1968": 6410000000,
    "1969": 6980000000,
    "1970": 7790000000,
    "country": "Yugoslavia",
    "Currency": null,
    "Fiscal Year (Jan-Dec if not stated)": null,
    "Notes": 80
  },
  {
    "1949": null,
    "1950": null,
    "1951": null,
    "1952": null,
    "1953": null,
    "1954": null,
    "1955": null,
    "1956": null,
    "1957": null,
    "1958": null,
    "1959": null,
    "1960": null,
    "1961": null,
    "1962": null,
    "1963": null,
    "1964": null,
    "1965": null,
    "1966": null,
    "1967": null,
    "1968": null,
    "1969": null,
    "1970": null,
    "country": "Armenia",
    "Currency": null,
    "Fiscal Year (Jan-Dec if not stated)": null,
    "Notes": null
  },
  {
    "1949": null,
    "1950": null,
    "1951": null,
    "1952": null,
    "1953": null,
    "1954": null,
    "1955": null,
    "1956": null,
    "1957": null,
    "1958": null,
    "1959": null,
    "1960": null,
    "1961": null,
    "1962": null,
    "1963": null,
    "1964": null,
    "1965": null,
    "1966": null,
    "1967": null,
    "1968": null,
    "1969": null,
    "1970": null,
    "country": "Azerbaijan",
    "Currency": null,
    "Fiscal Year (Jan-Dec if not stated)": null,
    "Notes": null
  },
  {
    "1949": null,
    "1950": null,
    "1951": null,
    "1952": null,
    "1953": null,
    "1954": null,
    "1955": null,
    "1956": null,
    "1957": null,
    "1958": null,
    "1959": null,
    "1960": null,
    "1961": null,
    "1962": null,
    "1963": null,
    "1964": null,
    "1965": null,
    "1966": null,
    "1967": null,
    "1968": null,
    "1969": null,
    "1970": null,
    "country": "Belarus",
    "Currency": null,
    "Fiscal Year (Jan-Dec if not stated)": null,
    "Notes": null
  },
  {
    "1949": null,
    "1950": null,
    "1951": null,
    "1952": null,
    "1953": null,
    "1954": null,
    "1955": null,
    "1956": null,
    "1957": null,
    "1958": null,
    "1959": null,
    "1960": null,
    "1961": null,
    "1962": null,
    "1963": null,
    "1964": null,
    "1965": null,
    "1966": null,
    "1967": null,
    "1968": null,
    "1969": null,
    "1970": null,
    "country": "Georgia",
    "Currency": null,
    "Fiscal Year (Jan-Dec if not stated)": null,
    "Notes": null
  },
  {
    "1949": null,
    "1950": null,
    "1951": null,
    "1952": null,
    "1953": null,
    "1954": null,
    "1955": null,
    "1956": null,
    "1957": null,
    "1958": null,
    "1959": null,
    "1960": null,
    "1961": null,
    "1962": null,
    "1963": null,
    "1964": null,
    "1965": null,
    "1966": null,
    "1967": null,
    "1968": null,
    "1969": null,
    "1970": null,
    "country": "Moldova",
    "Currency": null,
    "Fiscal Year (Jan-Dec if not stated)": null,
    "Notes": null
  },
  {
    "1949": null,
    "1950": null,
    "1951": null,
    "1952": null,
    "1953": null,
    "1954": null,
    "1955": null,
    "1956": null,
    "1957": null,
    "1958": null,
    "1959": null,
    "1960": null,
    "1961": null,
    "1962": null,
    "1963": null,
    "1964": null,
    "1965": null,
    "1966": null,
    "1967": null,
    "1968": null,
    "1969": null,
    "1970": null,
    "country": "Russia",
    "Currency": null,
    "Fiscal Year (Jan-Dec if not stated)": null,
    "Notes": 83
  },
  {
    "1949": null,
    "1950": null,
    "1951": null,
    "1952": null,
    "1953": null,
    "1954": null,
    "1955": null,
    "1956": null,
    "1957": null,
    "1958": null,
    "1959": null,
    "1960": null,
    "1961": null,
    "1962": null,
    "1963": null,
    "1964": null,
    "1965": null,
    "1966": null,
    "1967": null,
    "1968": null,
    "1969": null,
    "1970": null,
    "country": "Ukraine",
    "Currency": null,
    "Fiscal Year (Jan-Dec if not stated)": null,
    "Notes": 84
  },
  {
    "1949": null,
    "1950": null,
    "1951": null,
    "1952": null,
    "1953": null,
    "1954": null,
    "1955": null,
    "1956": null,
    "1957": null,
    "1958": null,
    "1959": null,
    "1960": null,
    "1961": null,
    "1962": null,
    "1963": null,
    "1964": null,
    "1965": null,
    "1966": null,
    "1967": null,
    "1968": null,
    "1969": null,
    "1970": null,
    "country": "USSR",
    "Currency": null,
    "Fiscal Year (Jan-Dec if not stated)": null,
    "Notes": null
  },
  {
    "1949": null,
    "1950": null,
    "1951": null,
    "1952": null,
    "1953": null,
    "1954": null,
    "1955": null,
    "1956": null,
    "1957": 156000000,
    "1958": 181000000,
    "1959": 181000000,
    "1960": 173000000,
    "1961": 172000000,
    "1962": 189000000,
    "1963": 238000000,
    "1964": 311000000,
    "1965": 270000000,
    "1966": 317000000,
    "1967": 334000000,
    "1968": 344000000,
    "1969": 365000000,
    "1970": 377000000,
    "country": "Austria",
    "Currency": null,
    "Fiscal Year (Jan-Dec if not stated)": null,
    "Notes": null
  },
  {
    "1949": 205080000,
    "1950": 204700000,
    "1951": 331860000,
    "1952": 494920000,
    "1953": 491201000,
    "1954": 513310000,
    "1955": 423080000,
    "1956": 423030000,
    "1957": 455030000,
    "1958": 453940000,
    "1959": 463210000,
    "1960": 474990000,
    "1961": 484904000,
    "1962": 523330000,
    "1963": 551070000,
    "1964": 616090000,
    "1965": 620630000,
    "1966": 698290000,
    "1967": 753497000,
    "1968": 801170000,
    "1969": 836740000,
    "1970": 926820000,
    "country": "Belgium",
    "Currency": null,
    "Fiscal Year (Jan-Dec if not stated)": null,
    "Notes": null
  },
  {
    "1949": null,
    "1950": null,
    "1951": null,
    "1952": null,
    "1953": null,
    "1954": null,
    "1955": null,
    "1956": null,
    "1957": null,
    "1958": null,
    "1959": null,
    "1960": null,
    "1961": null,
    "1962": null,
    "1963": null,
    "1964": null,
    "1965": null,
    "1966": null,
    "1967": null,
    "1968": null,
    "1969": null,
    "1970": null,
    "country": "Cyprus",
    "Currency": null,
    "Fiscal Year (Jan-Dec if not stated)": null,
    "Notes": null
  },
  {
    "1949": 360000000,
    "1950": 359000000,
    "1951": 475000000,
    "1952": 676000000,
    "1953": 889000000,
    "1954": 885000000,
    "1955": 920000000,
    "1956": 936000000,
    "1957": 1012000000,
    "1958": 988000000,
    "1959": 986000000,
    "1960": 1113000000,
    "1961": 1180000000,
    "1962": 1551000000,
    "1963": 1651000000,
    "1964": 1764000000,
    "1965": 1974000000,
    "1966": 2080000000,
    "1967": 2249000000,
    "1968": 2591000000,
    "1969": 2640000000,
    "1970": 2967000000,
    "country": "Denmark",
    "Currency": null,
    "Fiscal Year (Jan-Dec if not stated)": null,
    "Notes": null
  },
  {
    "1949": null,
    "1950": null,
    "1951": null,
    "1952": null,
    "1953": null,
    "1954": null,
    "1955": null,
    "1956": null,
    "1957": null,
    "1958": 37200000,
    "1959": 44400000,
    "1960": 48200000,
    "1961": 56700000,
    "1962": 83100000,
    "1963": 69200000,
    "1964": 75300000,
    "1965": 80500000,
    "1966": 82300000,
    "1967": 85100000,
    "1968": 106000000,
    "1969": 99100000,
    "1970": 108000000,
    "country": "Finland",
    "Currency": null,
    "Fiscal Year (Jan-Dec if not stated)": null,
    "Notes": 85
  },
  {
    "1949": 613013846,
    "1950": 715910799,
    "1951": 1128086592,
    "1952": 1604352488,
    "1953": 1752188109,
    "1954": 1499506793,
    "1955": 1411149809,
    "1956": 1881124291,
    "1957": 1997628841,
    "1958": 2121693167,
    "1959": 2295484020,
    "1960": 2453735333,
    "1961": 2611650657,
    "1962": 2840711873,
    "1963": 2925893750,
    "1964": 3109167923,
    "1965": 3239750456,
    "1966": 3423150624,
    "1967": 3702274358,
    "1968": 3875393231,
    "1969": 3930747592,
    "1970": 4183748100,
    "country": "France",
    "Currency": null,
    "Fiscal Year (Jan-Dec if not stated)": null,
    "Notes": 101
  },
  {
    "1949": null,
    "1950": null,
    "1951": null,
    "1952": null,
    "1953": 2967285027,
    "1954": 3011321148,
    "1955": 3536943788,
    "1956": 3454493178,
    "1957": 4293053361,
    "1958": 3283033386,
    "1959": 5311224702,
    "1960": 5803679710,
    "1961": 6311406820,
    "1962": 8255461036,
    "1963": 9544595065,
    "1964": 9366857783,
    "1965": 9539910371,
    "1966": 9702937714,
    "1967": 10255731577,
    "1968": 9250415035,
    "1969": 10336308310,
    "1970": 10813210134,
    "country": "Germany",
    "Currency": null,
    "Fiscal Year (Jan-Dec if not stated)": null,
    "Notes": null
  },
  {
    "1949": 4784000,
    "1950": 5784000,
    "1951": 7674000,
    "1952": 7792000,
    "1953": 8120300,
    "1954": 10060000,
    "1955": 10820000,
    "1956": 14490000,
    "1957": 13140000,
    "1958": 13120000,
    "1959": 13896000,
    "1960": 14996000,
    "1961": 14770000,
    "1962": 14970000,
    "1963": 15803000,
    "1964": 16570000,
    "1965": 18460000,
    "1966": 21040000,
    "1967": 27560000,
    "1968": 32291000,
    "1969": 37453000,
    "1970": 41696000,
    "country": "Greece",
    "Currency": null,
    "Fiscal Year (Jan-Dec if not stated)": null,
    "Notes": null
  },
  {
    "1949": null,
    "1950": null,
    "1951": null,
    "1952": null,
    "1953": null,
    "1954": null,
    "1955": null,
    "1956": null,
    "1957": null,
    "1958": null,
    "1959": null,
    "1960": null,
    "1961": null,
    "1962": null,
    "1963": null,
    "1964": null,
    "1965": null,
    "1966": null,
    "1967": null,
    "1968": null,
    "1969": null,
    "1970": null,
    "country": "Iceland",
    "Currency": null,
    "Fiscal Year (Jan-Dec if not stated)": null,
    "Notes": 86
  },
  {
    "1949": null,
    "1950": null,
    "1951": null,
    "1952": null,
    "1953": null,
    "1954": null,
    "1955": null,
    "1956": null,
    "1957": 10300000,
    "1958": 10500000,
    "1959": 11100000,
    "1960": 11900000,
    "1961": 12700000,
    "1962": 13400000,
    "1963": 13800000,
    "1964": 17200000,
    "1965": 17900000,
    "1966": 17200000,
    "1967": 18600000,
    "1968": 20000000,
    "1969": 22700000,
    "1970": 28400000,
    "country": "Ireland",
    "Currency": null,
    "Fiscal Year (Jan-Dec if not stated)": null,
    "Notes": null
  },
  {
    "1949": 137928500,
    "1950": 161700100,
    "1951": 209349740,
    "1952": 238665090,
    "1953": 219887300,
    "1954": 248714800,
    "1955": 252440200,
    "1956": 267519200,
    "1957": 279937200,
    "1958": 296346700,
    "1959": 305553760,
    "1960": 325262900,
    "1961": 343091600,
    "1962": 394448900,
    "1963": 472327500,
    "1964": 512153800,
    "1965": 555173300,
    "1966": 614779700,
    "1967": 622585300,
    "1968": 642720200,
    "1969": 646800400,
    "1970": 715542900,
    "country": "Italy",
    "Currency": null,
    "Fiscal Year (Jan-Dec if not stated)": null,
    "Notes": 87
  },
  {
    "1949": 2507974,
    "1950": 3807134,
    "1951": 5912170,
    "1952": 9764476,
    "1953": 10929021,
    "1954": 12653705,
    "1955": 13750492,
    "1956": 8846572,
    "1957": 9829524,
    "1958": 9603662,
    "1959": 9007386,
    "1960": 5890487,
    "1961": 6495798,
    "1962": 7950531,
    "1963": 7796764,
    "1964": 10389662,
    "1965": 10660697,
    "1966": 11112422,
    "1967": 9215179,
    "1968": 8374971,
    "1969": 8754420,
    "1970": 9305524,
    "country": "Luxembourg",
    "Currency": null,
    "Fiscal Year (Jan-Dec if not stated)": null,
    "Notes": 88
  },
  {
    "1949": null,
    "1950": null,
    "1951": null,
    "1952": null,
    "1953": null,
    "1954": null,
    "1955": null,
    "1956": null,
    "1957": null,
    "1958": null,
    "1959": null,
    "1960": null,
    "1961": null,
    "1962": null,
    "1963": null,
    "1964": null,
    "1965": null,
    "1966": null,
    "1967": null,
    "1968": null,
    "1969": null,
    "1970": null,
    "country": "Malta",
    "Currency": null,
    "Fiscal Year (Jan-Dec if not stated)": null,
    "Notes": null
  },
  {
    "1949": 308600000,
    "1950": 408900000,
    "1951": 481007000,
    "1952": 568600000,
    "1953": 603500000,
    "1954": 718300000,
    "1955": 770970000,
    "1956": 841310000,
    "1957": 837200000,
    "1958": 751500000,
    "1959": 682900000,
    "1960": 784100000,
    "1961": 913500000,
    "1962": 991960000,
    "1963": 1047000000,
    "1964": 1208000000,
    "1965": 1232000000,
    "1966": 1266000000,
    "1967": 1452000000,
    "1968": 1488000000,
    "1969": 1671000000,
    "1970": 1774000000,
    "country": "Netherlands",
    "Currency": null,
    "Fiscal Year (Jan-Dec if not stated)": null,
    "Notes": null
  },
  {
    "1949": 370000000,
    "1950": 357000000,
    "1951": 572000000,
    "1952": 831000000,
    "1953": 1067000000,
    "1954": 1141000000,
    "1955": 953000000,
    "1956": 967000000,
    "1957": 1049000000,
    "1958": 1024000000,
    "1959": 1107000000,
    "1960": 1058000000,
    "1961": 1179000000,
    "1962": 1371000000,
    "1963": 1465000000,
    "1964": 1570000000,
    "1965": 1897000000,
    "1966": 1947000000,
    "1967": 2097000000,
    "1968": 2300000000,
    "1969": 2502000000,
    "1970": 2774000000,
    "country": "Norway",
    "Currency": null,
    "Fiscal Year (Jan-Dec if not stated)": null,
    "Notes": null
  },
  {
    "1949": 5345369,
    "1950": 5710890,
    "1951": 5849849,
    "1952": 6370188,
    "1953": 7439563,
    "1954": 7907038,
    "1955": 8450788,
    "1956": 8654695,
    "1957": 9009643,
    "1958": 9360815,
    "1959": 10625790,
    "1960": 11388551,
    "1961": 18540380,
    "1962": 21636737,
    "1963": 21561216,
    "1964": 24302624,
    "1965": 25163562,
    "1966": 27852106,
    "1967": 36068780,
    "1968": 40276049,
    "1969": 40603809,
    "1970": 47230013,
    "country": "Portugal",
    "Currency": null,
    "Fiscal Year (Jan-Dec if not stated)": null,
    "Notes": null
  },
  {
    "1949": 34219606,
    "1950": 35559761,
    "1951": 36824516,
    "1952": 45746592,
    "1953": 45582041,
    "1954": 46371974,
    "1955": 52189470,
    "1956": 58626169,
    "1957": 67958168,
    "1958": 67594645,
    "1959": 69112874,
    "1960": 83963668,
    "1961": 86310843,
    "1962": 111352446,
    "1963": 114139440,
    "1964": 139490000,
    "1965": 158460000,
    "1966": 202280000,
    "1967": 202330000,
    "1968": 281350000,
    "1969": 338970000,
    "1970": 361450000,
    "country": "Spain",
    "Currency": null,
    "Fiscal Year (Jan-Dec if not stated)": null,
    "Notes": 89
  },
  {
    "1949": null,
    "1950": null,
    "1951": null,
    "1952": null,
    "1953": null,
    "1954": null,
    "1955": null,
    "1956": null,
    "1957": 2504000000,
    "1958": null,
    "1959": 2719000000,
    "1960": 2732000000,
    "1961": 3111000000,
    "1962": 3472000000,
    "1963": 3749000000,
    "1964": 4100000000,
    "1965": 4638000000,
    "1966": 4746000000,
    "1967": 4793000000,
    "1968": 4943000000,
    "1969": 5582000000,
    "1970": 5987000000,
    "country": "Sweden",
    "Currency": null,
    "Fiscal Year (Jan-Dec if not stated)": null,
    "Notes": null
  },
  {
    "1949": null,
    "1950": null,
    "1951": null,
    "1952": null,
    "1953": null,
    "1954": null,
    "1955": null,
    "1956": null,
    "1957": 881000000,
    "1958": 956000000,
    "1959": 921000000,
    "1960": 875000000,
    "1961": 1038000000,
    "1962": 1197000000,
    "1963": 1290000000,
    "1964": 1441000000,
    "1965": 1502000000,
    "1966": 1654000000,
    "1967": 1676000000,
    "1968": 1635000000,
    "1969": 1789000000,
    "1970": 1907000000,
    "country": "Switzerland",
    "Currency": null,
    "Fiscal Year (Jan-Dec if not stated)": null,
    "Notes": null
  },
  {
    "1949": 871040645,
    "1950": 949311306,
    "1951": 1284756998,
    "1952": 1745435747,
    "1953": 1879614024,
    "1954": 1754380966,
    "1955": 1752144661,
    "1956": 1805815972,
    "1957": 1759971727,
    "1958": 1778980316,
    "1959": 1776744012,
    "1960": 1850542064,
    "1961": 1910922288,
    "1962": 2028328280,
    "1963": 2090944809,
    "1964": 2236304609,
    "1965": 2338056468,
    "1966": 2407381911,
    "1967": 2544914645,
    "1968": 2607531174,
    "1969": 2575104757,
    "1970": 2915023057,
    "country": "United Kingdom",
    "Currency": null,
    "Fiscal Year (Jan-Dec if not stated)": null,
    "Notes": 91
  },
  {
    "1949": null,
    "1950": null,
    "1951": null,
    "1952": null,
    "1953": null,
    "1954": null,
    "1955": null,
    "1956": null,
    "1957": null,
    "1958": null,
    "1959": null,
    "1960": null,
    "1961": null,
    "1962": null,
    "1963": null,
    "1964": null,
    "1965": null,
    "1966": null,
    "1967": null,
    "1968": null,
    "1969": null,
    "1970": null,
    "country": "European Union",
    "Currency": null,
    "Fiscal Year (Jan-Dec if not stated)": null,
    "Notes": null
  },
  {
    "1949": null,
    "1950": null,
    "1951": null,
    "1952": null,
    "1953": null,
    "1954": null,
    "1955": null,
    "1956": null,
    "1957": null,
    "1958": null,
    "1959": null,
    "1960": null,
    "1961": null,
    "1962": null,
    "1963": null,
    "1964": null,
    "1965": null,
    "1966": null,
    "1967": null,
    "1968": null,
    "1969": null,
    "1970": null,
    "country": "Bahrain",
    "Currency": null,
    "Fiscal Year (Jan-Dec if not stated)": null,
    "Notes": 8
  },
  {
    "1949": null,
    "1950": null,
    "1951": null,
    "1952": null,
    "1953": null,
    "1954": null,
    "1955": null,
    "1956": null,
    "1957": null,
    "1958": null,
    "1959": null,
    "1960": null,
    "1961": 87000000,
    "1962": 115000000,
    "1963": 177000000,
    "1964": 213000000,
    "1965": 235000000,
    "1966": 184000000,
    "1967": 258000000,
    "1968": 306000000,
    "1969": 467000000,
    "1970": 483000000,
    "country": "Egypt",
    "Currency": null,
    "Fiscal Year (Jan-Dec if not stated)": null,
    "Notes": null
  },
  {
    "1949": null,
    "1950": null,
    "1951": null,
    "1952": null,
    "1953": null,
    "1954": null,
    "1955": null,
    "1956": null,
    "1957": null,
    "1958": null,
    "1959": 6500000000,
    "1960": 7800000000,
    "1961": 8100000000,
    "1962": 8400000000,
    "1963": 10200000000,
    "1964": 12300000000,
    "1965": 16100000000,
    "1966": 20500000000,
    "1967": 26600000000,
    "1968": 35300000000,
    "1969": 45400000000,
    "1970": 47500000000,
    "country": "Iran",
    "Currency": null,
    "Fiscal Year (Jan-Dec if not stated)": null,
    "Notes": 92
  },
  {
    "1949": null,
    "1950": null,
    "1951": null,
    "1952": null,
    "1953": null,
    "1954": null,
    "1955": null,
    "1956": 28650000,
    "1957": 30090000,
    "1958": 31250000,
    "1959": 37280000,
    "1960": 44110000,
    "1961": 45050000,
    "1962": 49300000,
    "1963": 61290000,
    "1964": 67760000,
    "1965": 84910000,
    "1966": 83600000,
    "1967": 83820000,
    "1968": 110840000,
    "1969": 142100000,
    "1970": 143610000,
    "country": "Iraq",
    "Currency": null,
    "Fiscal Year (Jan-Dec if not stated)": null,
    "Notes": null
  },
  {
    "1949": null,
    "1950": 4200,
    "1951": 5300,
    "1952": 6500,
    "1953": 7900,
    "1954": 11200,
    "1955": 16600,
    "1956": 36200,
    "1957": 27200,
    "1958": 29100,
    "1959": 31400,
    "1960": 35200,
    "1961": 46300,
    "1962": 66000,
    "1963": 81700,
    "1964": 84200,
    "1965": 97500,
    "1966": 117700,
    "1967": 209700,
    "1968": 252100,
    "1969": 322900,
    "1970": 480200,
    "country": "Israel",
    "Currency": null,
    "Fiscal Year (Jan-Dec if not stated)": null,
    "Notes": 94
  },
  {
    "1949": null,
    "1950": null,
    "1951": null,
    "1952": null,
    "1953": 10700000,
    "1954": null,
    "1955": null,
    "1956": 14100000,
    "1957": 16900000,
    "1958": 17400000,
    "1959": 22300000,
    "1960": 19300000,
    "1961": 20000000,
    "1962": 22100000,
    "1963": 22100000,
    "1964": 22100000,
    "1965": 22600000,
    "1966": 28700000,
    "1967": 40300000,
    "1968": 47400000,
    "1969": null,
    "1970": 39200000,
    "country": "Jordan",
    "Currency": null,
    "Fiscal Year (Jan-Dec if not stated)": null,
    "Notes": null
  },
  {
    "1949": null,
    "1950": null,
    "1951": null,
    "1952": null,
    "1953": null,
    "1954": null,
    "1955": null,
    "1956": null,
    "1957": null,
    "1958": null,
    "1959": null,
    "1960": null,
    "1961": null,
    "1962": null,
    "1963": null,
    "1964": null,
    "1965": null,
    "1966": null,
    "1967": null,
    "1968": null,
    "1969": 24500000,
    "1970": 24600000,
    "country": "Kuwait",
    "Currency": null,
    "Fiscal Year (Jan-Dec if not stated)": null,
    "Notes": 95
  },
  {
    "1949": null,
    "1950": null,
    "1951": null,
    "1952": null,
    "1953": null,
    "1954": null,
    "1955": 40700000,
    "1956": 57800000,
    "1957": 59400000,
    "1958": 69300000,
    "1959": 65400000,
    "1960": 72600000,
    "1961": 85700000,
    "1962": 123000000,
    "1963": 105000000,
    "1964": 117000000,
    "1965": 137000000,
    "1966": 161000000,
    "1967": 185000000,
    "1968": 207000000,
    "1969": 212000000,
    "1970": 211000000,
    "country": "Lebanon",
    "Currency": null,
    "Fiscal Year (Jan-Dec if not stated)": null,
    "Notes": null
  },
  {
    "1949": null,
    "1950": null,
    "1951": null,
    "1952": null,
    "1953": null,
    "1954": null,
    "1955": null,
    "1956": null,
    "1957": null,
    "1958": null,
    "1959": null,
    "1960": null,
    "1961": null,
    "1962": null,
    "1963": null,
    "1964": null,
    "1965": null,
    "1966": null,
    "1967": null,
    "1968": null,
    "1969": null,
    "1970": null,
    "country": "Oman",
    "Currency": null,
    "Fiscal Year (Jan-Dec if not stated)": null,
    "Notes": null
  },
  {
    "1949": null,
    "1950": null,
    "1951": null,
    "1952": null,
    "1953": null,
    "1954": null,
    "1955": null,
    "1956": null,
    "1957": null,
    "1958": null,
    "1959": null,
    "1960": null,
    "1961": null,
    "1962": null,
    "1963": null,
    "1964": null,
    "1965": null,
    "1966": null,
    "1967": null,
    "1968": null,
    "1969": null,
    "1970": null,
    "country": "Qatar",
    "Currency": null,
    "Fiscal Year (Jan-Dec if not stated)": null,
    "Notes": null
  },
  {
    "1949": null,
    "1950": null,
    "1951": null,
    "1952": null,
    "1953": null,
    "1954": null,
    "1955": null,
    "1956": null,
    "1957": null,
    "1958": 267000000,
    "1959": 271000000,
    "1960": 634000000,
    "1961": 322000000,
    "1962": 379000000,
    "1963": 512000000,
    "1964": 556000000,
    "1965": 800000000,
    "1966": 1352000000,
    "1967": 1513000000,
    "1968": 1524000000,
    "1969": 1932000000,
    "1970": 2122000000,
    "country": "Saudi Arabia",
    "Currency": null,
    "Fiscal Year (Jan-Dec if not stated)": null,
    "Notes": 97
  },
  {
    "1949": null,
    "1950": null,
    "1951": null,
    "1952": null,
    "1953": null,
    "1954": null,
    "1955": null,
    "1956": 199000000,
    "1957": 173000000,
    "1958": 290000000,
    "1959": 297000000,
    "1960": 323000000,
    "1961": 323000000,
    "1962": 552000000,
    "1963": null,
    "1964": 428000000,
    "1965": 451000000,
    "1966": 391000000,
    "1967": 453000000,
    "1968": 726000000,
    "1969": 743000000,
    "1970": 763000000,
    "country": "Syria",
    "Currency": null,
    "Fiscal Year (Jan-Dec if not stated)": null,
    "Notes": null
  },
  {
    "1949": 556,
    "1950": 599,
    "1951": 652,
    "1952": 725,
    "1953": 827,
    "1954": 934,
    "1955": 1077,
    "1956": 1159,
    "1957": 1266,
    "1958": 1470,
    "1959": 2153,
    "1960": 2405,
    "1961": 2718,
    "1962": 2980,
    "1963": 3157,
    "1964": 3443,
    "1965": 3821,
    "1966": 3996,
    "1967": 4596,
    "1968": 5159,
    "1969": 5395,
    "1970": 6399,
    "country": "Türkiye",
    "Currency": null,
    "Fiscal Year (Jan-Dec if not stated)": null,
    "Notes": null
  },
  {
    "1949": null,
    "1950": null,
    "1951": null,
    "1952": null,
    "1953": null,
    "1954": null,
    "1955": null,
    "1956": null,
    "1957": null,
    "1958": null,
    "1959": null,
    "1960": null,
    "1961": null,
    "1962": null,
    "1963": null,
    "1964": null,
    "1965": null,
    "1966": null,
    "1967": null,
    "1968": null,
    "1969": null,
    "1970": null,
    "country": "United Arab Emirates",
    "Currency": null,
    "Fiscal Year (Jan-Dec if not stated)": null,
    "Notes": null
  },
  {
    "1949": null,
    "1950": null,
    "1951": null,
    "1952": null,
    "1953": null,
    "1954": null,
    "1955": null,
    "1956": null,
    "1957": null,
    "1958": null,
    "1959": null,
    "1960": null,
    "1961": null,
    "1962": null,
    "1963": null,
    "1964": null,
    "1965": null,
    "1966": null,
    "1967": null,
    "1968": null,
    "1969": null,
    "1970": null,
    "country": "Yemen, North",
    "Currency": null,
    "Fiscal Year (Jan-Dec if not stated)": null,
    "Notes": null
  },
  {
    "1949": null,
    "1950": null,
    "1951": null,
    "1952": null,
    "1953": null,
    "1954": null,
    "1955": null,
    "1956": null,
    "1957": null,
    "1958": null,
    "1959": null,
    "1960": null,
    "1961": null,
    "1962": null,
    "1963": null,
    "1964": null,
    "1965": null,
    "1966": null,
    "1967": null,
    "1968": null,
    "1969": null,
    "1970": null,
    "country": "Yemen",
    "Currency": null,
    "Fiscal Year (Jan-Dec if not stated)": null,
    "Notes": null
  }
]