[
  {
    "1988": 43.3,
    "1989": 35,
    "1990": 36.1,
    "1991": 22,
    "1992": 40.1,
    "1993": 47.4,
    "1994": 48.4,
    "1995": 43.8,
    "1996": 50.5,
    "1997": 59.8,
    "1998": 64,
    "1999": 60.4,
    "2000": 61.3,
    "2001": 67.2,
    "2002": 66.6,
    "2003": 69,
    "2004": 86.5,
    "2005": 89,
    "2006": 92.8,
    "2007": 116.4,
    "2008": 150,
    "2009": 150.2,
    "2010": 158.3,
    "2011": 236.8,
    "country": "Algeria",
    "Notes": null
  },
  {
    "1988": null,
    "1989": null,
    "1990": null,
    "1991": null,
    "1992": null,
    "1993": null,
    "1994": null,
    "1995": null,
    "1996": null,
    "1997": 249.1,
    "1998": 282.9,
    "1999": 222.7,
    "2000": 206.5,
    "2001": 153.1,
    "2002": 83,
    "2003": 97.3,
    "2004": 120.7,
    "2005": 119.2,
    "2006": 103.8,
    "2007": 105.8,
    "2008": 178.3,
    "2009": null,
    "2010": null,
    "2011": null,
    "country": "Libya",
    "Notes": null
  },
  {
    "1988": 39.4,
    "1989": 41.8,
    "1990": 44.3,
    "1991": 46.7,
    "1992": 49.1,
    "1993": 49.2,
    "1994": 52.9,
    "1995": 54.9,
    "1996": 54.4,
    "1997": 51.9,
    "1998": 52.7,
    "1999": 36.2,
    "2000": 37,
    "2001": 51.4,
    "2002": 50.8,
    "2003": 61.9,
    "2004": 65.1,
    "2005": 67.4,
    "2006": 69.8,
    "2007": 77.7,
    "2008": 93.8,
    "2009": 96,
    "2010": 98,
    "2011": 102.3,
    "country": "Morocco",
    "Notes": null
  },
  {
    "1988": 29.5,
    "1989": 29,
    "1990": 30.1,
    "1991": 31,
    "1992": 33.7,
    "1993": 31.5,
    "1994": 33.2,
    "1995": 37.7,
    "1996": 43.1,
    "1997": 38.3,
    "1998": 38.6,
    "1999": 37.2,
    "2000": 34.2,
    "2001": 34.2,
    "2002": 34.8,
    "2003": 40.6,
    "2004": 43.9,
    "2005": 45.9,
    "2006": 48.3,
    "2007": 47.2,
    "2008": 55.2,
    "2009": 53.3,
    "2010": 53.3,
    "2011": 66.1,
    "country": "Tunisia",
    "Notes": null
  },
  {
    "1988": 137.6,
    "1989": 176.4,
    "1990": 153.2,
    "1991": 87.2,
    "1992": 65,
    "1993": 140.6,
    "1994": 45.7,
    "1995": 17.4,
    "1996": 11.5,
    "1997": 31.7,
    "1998": 11.4,
    "1999": 69.2,
    "2000": 36.6,
    "2001": 24.6,
    "2002": 25.8,
    "2003": 38,
    "2004": 44.8,
    "2005": 72.1,
    "2006": 100.3,
    "2007": 99.7,
    "2008": 149.4,
    "2009": 150.6,
    "2010": 153.3,
    "2011": 153.3,
    "country": "Angola",
    "Notes": null
  },
  {
    "1988": 7.6,
    "1989": 5.7,
    "1990": 6.3,
    "1991": null,
    "1992": null,
    "1993": null,
    "1994": null,
    "1995": null,
    "1996": null,
    "1997": null,
    "1998": null,
    "1999": 2.6,
    "2000": 2,
    "2001": 1.8,
    "2002": 3.4,
    "2003": 4.4,
    "2004": 5.2,
    "2005": 5.4,
    "2006": 5.5,
    "2007": null,
    "2008": 7.1,
    "2009": null,
    "2010": null,
    "2011": null,
    "country": "Benin",
    "Notes": null
  },
  {
    "1988": 77,
    "1989": 82,
    "1990": 121.3,
    "1991": 130.2,
    "1992": 130.9,
    "1993": 132.6,
    "1994": 118.4,
    "1995": 112.1,
    "1996": 92.6,
    "1997": 103.3,
    "1998": 113.9,
    "1999": 104.4,
    "2000": 111.3,
    "2001": 124.1,
    "2002": 129.3,
    "2003": 171,
    "2004": 175.3,
    "2005": 155.7,
    "2006": 147,
    "2007": 162,
    "2008": 172.2,
    "2009": 167.6,
    "2010": 173.4,
    "2011": 176.8,
    "country": "Botswana",
    "Notes": null
  },
  {
    "1988": 6.7,
    "1989": 7.6,
    "1990": 9.3,
    "1991": 7.5,
    "1992": 7.5,
    "1993": 6.2,
    "1994": 3,
    "1995": 3.6,
    "1996": 3.5,
    "1997": 3.6,
    "1998": 3.6,
    "1999": 3.7,
    "2000": 3.1,
    "2001": 3,
    "2002": 3.4,
    "2003": 3.9,
    "2004": 4.9,
    "2005": 5.4,
    "2006": 5.1,
    "2007": 7.4,
    "2008": 7.8,
    "2009": 8.2,
    "2010": 7.8,
    "2011": 8.5,
    "country": "Burkina Faso",
    "Notes": null
  },
  {
    "1988": 6.4,
    "1989": 7,
    "1990": 7.2,
    "1991": 7.6,
    "1992": 6.8,
    "1993": 6.1,
    "1994": 7.8,
    "1995": 7,
    "1996": 8.3,
    "1997": 10.2,
    "1998": 9.6,
    "1999": 8.1,
    "2000": 6.6,
    "2001": 8.1,
    "2002": 6.7,
    "2003": 6.3,
    "2004": 6.3,
    "2005": 6.7,
    "2006": 5.8,
    "2007": 5.8,
    "2008": 5.3,
    "2009": null,
    "2010": null,
    "2011": null,
    "country": "Burundi",
    "Notes": null
  },
  {
    "1988": 14.7,
    "1989": 13.5,
    "1990": 16.2,
    "1991": 15.5,
    "1992": 15.5,
    "1993": 13.8,
    "1994": 7.5,
    "1995": 8.8,
    "1996": 8.8,
    "1997": 8.7,
    "1998": 9.8,
    "1999": 10.1,
    "2000": 8.4,
    "2001": 8.2,
    "2002": 9.4,
    "2003": 11.8,
    "2004": 13.5,
    "2005": 13.2,
    "2006": 14.8,
    "2007": 16.7,
    "2008": 18.9,
    "2009": 18.2,
    "2010": 18.3,
    "2011": 17.4,
    "country": "Cameroon",
    "Notes": null
  },
  {
    "1988": 14.1,
    "1989": null,
    "1990": null,
    "1991": null,
    "1992": 9.1,
    "1993": 6.9,
    "1994": 8.5,
    "1995": 15,
    "1996": 10.1,
    "1997": 9.6,
    "1998": 10.4,
    "1999": 11.3,
    "2000": 15.1,
    "2001": 10.2,
    "2002": 9.7,
    "2003": 12.3,
    "2004": 13.6,
    "2005": 14.7,
    "2006": 14.3,
    "2007": 16.1,
    "2008": 21.6,
    "2009": 16.7,
    "2010": 16.2,
    "2011": 19.1,
    "country": "Cape Verde",
    "Notes": null
  },
  {
    "1988": null,
    "1989": null,
    "1990": null,
    "1991": 7.4,
    "1992": 7.7,
    "1993": 6.2,
    "1994": 3.3,
    "1995": 3.9,
    "1996": 3.6,
    "1997": null,
    "1998": null,
    "1999": null,
    "2000": null,
    "2001": null,
    "2002": 2.7,
    "2003": 3.7,
    "2004": 3.6,
    "2005": 3.6,
    "2006": null,
    "2007": 4.3,
    "2008": 7,
    "2009": 7.8,
    "2010": 11.6,
    "2011": 11,
    "country": "Central African Republic",
    "Notes": 14
  },
  {
    "1988": 14.1,
    "1989": 9.9,
    "1990": 5.8,
    "1991": null,
    "1992": 5.6,
    "1993": 6,
    "1994": 3.3,
    "1995": 2.9,
    "1996": 3.4,
    "1997": 2.2,
    "1998": 2.1,
    "1999": 2.6,
    "2000": 2.6,
    "2001": 3,
    "2002": 3.8,
    "2003": 4.4,
    "2004": 5.2,
    "2005": 5.5,
    "2006": 21.2,
    "2007": 35.7,
    "2008": 54.3,
    "2009": 63.2,
    "2010": 50.9,
    "2011": 48.7,
    "country": "Chad",
    "Notes": null
  },
  {
    "1988": 6.4,
    "1989": 1.9,
    "1990": 1.3,
    "1991": 1.2,
    "1992": 2.2,
    "1993": 11.7,
    "1994": null,
    "1995": null,
    "1996": 2,
    "1997": 1.8,
    "1998": 0.6,
    "1999": 3.1,
    "2000": 2.7,
    "2001": null,
    "2002": null,
    "2003": 1.4,
    "2004": 2.5,
    "2005": 2.9,
    "2006": 3.4,
    "2007": 3.3,
    "2008": 2.5,
    "2009": 1.9,
    "2010": 2.7,
    "2011": 3.4,
    "country": "Congo, DR",
    "Notes": null
  },
  {
    "1988": null,
    "1989": null,
    "1990": null,
    "1991": null,
    "1992": 50.6,
    "1993": 42.9,
    "1994": null,
    "1995": null,
    "1996": null,
    "1997": null,
    "1998": null,
    "1999": null,
    "2000": null,
    "2001": 16.9,
    "2002": 21.3,
    "2003": 27.7,
    "2004": 35.5,
    "2005": 27.8,
    "2006": 33.6,
    "2007": 43,
    "2008": 51.3,
    "2009": null,
    "2010": 49.8,
    "2011": null,
    "country": "Congo, Republic",
    "Notes": null
  },
  {
    "1988": 11.6,
    "1989": 11.3,
    "1990": 12.1,
    "1991": 11.6,
    "1992": 12.1,
    "1993": 11,
    "1994": 6,
    "1995": null,
    "1996": 6.8,
    "1997": 5.9,
    "1998": null,
    "1999": null,
    "2000": null,
    "2001": null,
    "2002": null,
    "2003": 11.3,
    "2004": 13,
    "2005": 12.6,
    "2006": 13.2,
    "2007": 15.6,
    "2008": 17.3,
    "2009": 19.3,
    "2010": 17.4,
    "2011": 15.7,
    "country": "Cote d'Ivoire",
    "Notes": 18
  },
  {
    "1988": 66.2,
    "1989": 62.2,
    "1990": 56.9,
    "1991": 51.9,
    "1992": 51.7,
    "1993": 51.6,
    "1994": 49,
    "1995": 47.2,
    "1996": 38.4,
    "1997": 40.4,
    "1998": 38.9,
    "1999": 37.6,
    "2000": 35.4,
    "2001": 34.3,
    "2002": 42.4,
    "2003": 51.8,
    "2004": 45.6,
    "2005": 53.9,
    "2006": 58.5,
    "2007": 39.9,
    "2008": 41.1,
    "2009": null,
    "2010": null,
    "2011": null,
    "country": "Djibouti",
    "Notes": null
  },
  {
    "1988": null,
    "1989": null,
    "1990": null,
    "1991": null,
    "1992": null,
    "1993": null,
    "1994": 4.4,
    "1995": 6.2,
    "1996": null,
    "1997": null,
    "1998": null,
    "1999": null,
    "2000": null,
    "2001": null,
    "2002": null,
    "2003": null,
    "2004": null,
    "2005": null,
    "2006": null,
    "2007": 194,
    "2008": 276.2,
    "2009": 335.4,
    "2010": null,
    "2011": null,
    "country": "Equatorial Guinea",
    "Notes": null
  },
  {
    "1988": null,
    "1989": null,
    "1990": null,
    "1991": null,
    "1992": null,
    "1993": 59.4,
    "1994": 42.2,
    "1995": 64.8,
    "1996": 71.8,
    "1997": 43.4,
    "1998": 121.3,
    "1999": 124.5,
    "2000": 103.3,
    "2001": 73.7,
    "2002": 63.8,
    "2003": 75,
    "2004": null,
    "2005": null,
    "2006": null,
    "2007": null,
    "2008": null,
    "2009": null,
    "2010": null,
    "2011": null,
    "country": "Eritrea",
    "Notes": null
  },
  {
    "1988": 14.2,
    "1989": 17.4,
    "1990": 16.8,
    "1991": 10.9,
    "1992": 5,
    "1993": 3.1,
    "1994": 2.7,
    "1995": 2.2,
    "1996": 2.2,
    "1997": 3.7,
    "1998": 7.4,
    "1999": 10.9,
    "2000": 9.3,
    "2001": 5.1,
    "2002": 4.1,
    "2003": 3.8,
    "2004": 4.2,
    "2005": 4.4,
    "2006": 4.3,
    "2007": 4.4,
    "2008": 4.6,
    "2009": 3.9,
    "2010": 3.4,
    "2011": 3.6,
    "country": "Ethiopia",
    "Notes": null
  },
  {
    "1988": null,
    "1989": null,
    "1990": null,
    "1991": null,
    "1992": null,
    "1993": null,
    "1994": null,
    "1995": null,
    "1996": null,
    "1997": null,
    "1998": null,
    "1999": null,
    "2000": 72.5,
    "2001": 69.7,
    "2002": 71.4,
    "2003": 79.5,
    "2004": 89.3,
    "2005": 81.9,
    "2006": 87.7,
    "2007": null,
    "2008": null,
    "2009": null,
    "2010": 159,
    "2011": 152,
    "country": "Gabon",
    "Notes": null
  },
  {
    "1988": 2.3,
    "1989": 2.8,
    "1990": 3.4,
    "1991": 3.7,
    "1992": 3.1,
    "1993": 2.2,
    "1994": 1.9,
    "1995": 2.3,
    "1996": 3.1,
    "1997": 3.2,
    "1998": 3,
    "1999": 2.5,
    "2000": 2.3,
    "2001": 1.7,
    "2002": 1.5,
    "2003": 1.3,
    "2004": 1.2,
    "2005": 1.8,
    "2006": 1.6,
    "2007": 2.6,
    "2008": 9.6,
    "2009": 3.8,
    "2010": null,
    "2011": null,
    "country": "Gambia, The",
    "Notes": null
  },
  {
    "1988": 1.6,
    "1989": 1.5,
    "1990": 1.8,
    "1991": 2.7,
    "1992": 2.6,
    "1993": 2.5,
    "1994": 2.3,
    "1995": 2.9,
    "1996": 2.5,
    "1997": 2.5,
    "1998": 3.1,
    "1999": 3.1,
    "2000": 2.6,
    "2001": 1.6,
    "2002": 1.8,
    "2003": 2.5,
    "2004": 2.6,
    "2005": 2.9,
    "2006": 3.3,
    "2007": 5.4,
    "2008": 4.7,
    "2009": 4.8,
    "2010": 4.9,
    "2011": 9.1,
    "country": "Ghana",
    "Notes": null
  },
  {
    "1988": null,
    "1989": null,
    "1990": null,
    "1991": 10.9,
    "1992": 8.2,
    "1993": 6.3,
    "1994": 6.3,
    "1995": null,
    "1996": null,
    "1997": 5.6,
    "1998": 5.6,
    "1999": 6.8,
    "2000": 5.5,
    "2001": 10.3,
    "2002": 11.4,
    "2003": 9.6,
    "2004": 9,
    "2005": null,
    "2006": null,
    "2007": null,
    "2008": null,
    "2009": null,
    "2010": null,
    "2011": null,
    "country": "Guinea",
    "Notes": 23
  },
  {
    "1988": null,
    "1989": 4.7,
    "1990": null,
    "1991": null,
    "1992": null,
    "1993": null,
    "1994": 1.9,
    "1995": 2,
    "1996": 1.7,
    "1997": 1.6,
    "1998": 2.5,
    "1999": null,
    "2000": 7.8,
    "2001": 5,
    "2002": 5,
    "2003": 5.8,
    "2004": null,
    "2005": 8.9,
    "2006": null,
    "2007": null,
    "2008": null,
    "2009": 9.1,
    "2010": 11.1,
    "2011": 11,
    "country": "Guinea-Bissau",
    "Notes": null
  },
  {
    "1988": 12,
    "1989": 10.5,
    "1990": 11,
    "1991": 8.2,
    "1992": 6.5,
    "1993": 4.3,
    "1994": 4.6,
    "1995": 5.7,
    "1996": 6.3,
    "1997": 6.3,
    "1998": 6,
    "1999": 5.2,
    "2000": 5.5,
    "2001": 6.3,
    "2002": 6.7,
    "2003": 7.4,
    "2004": 7.6,
    "2005": 9,
    "2006": 10.3,
    "2007": 13.2,
    "2008": 15,
    "2009": 14.5,
    "2010": 15.2,
    "2011": 15.3,
    "country": "Kenya",
    "Notes": null
  },
  {
    "1988": 9.8,
    "1989": 12.9,
    "1990": 13.5,
    "1991": 12.2,
    "1992": 13,
    "1993": 11.7,
    "1994": 13.5,
    "1995": 17.7,
    "1996": 14.4,
    "1997": 14.5,
    "1998": 13.9,
    "1999": 17,
    "2000": 15.2,
    "2001": 11.7,
    "2002": 9.8,
    "2003": 13.7,
    "2004": 15.9,
    "2005": 17.1,
    "2006": 18.1,
    "2007": 20.5,
    "2008": 14,
    "2009": 24,
    "2010": 35.5,
    "2011": 29,
    "country": "Lesotho",
    "Notes": null
  },
  {
    "1988": 10.4,
    "1989": null,
    "1990": null,
    "1991": 13.2,
    "1992": 11.2,
    "1993": 14.3,
    "1994": 18,
    "1995": null,
    "1996": null,
    "1997": null,
    "1998": null,
    "1999": null,
    "2000": null,
    "2001": null,
    "2002": null,
    "2003": null,
    "2004": 1.5,
    "2005": 2,
    "2006": 1.1,
    "2007": 0.8,
    "2008": 1.3,
    "2009": 1.7,
    "2010": 2.2,
    "2011": 3,
    "country": "Liberia",
    "Notes": 25
  },
  {
    "1988": 2.9,
    "1989": 2.6,
    "1990": 3.2,
    "1991": 2.8,
    "1992": 1.8,
    "1993": 2.9,
    "1994": 2.1,
    "1995": 2,
    "1996": 3.5,
    "1997": 3.6,
    "1998": 3.3,
    "1999": 2.9,
    "2000": 2.9,
    "2001": 3.9,
    "2002": 3.3,
    "2003": 4.1,
    "2004": 3,
    "2005": 2.9,
    "2006": 2.8,
    "2007": 4.1,
    "2008": 5,
    "2009": 3.3,
    "2010": 2.6,
    "2011": 3.2,
    "country": "Madagascar",
    "Notes": null
  },
  {
    "1988": 2.4,
    "1989": 2.5,
    "1990": 2.6,
    "1991": 2.4,
    "1992": 2.5,
    "1993": 2.5,
    "1994": 1.7,
    "1995": 1.1,
    "1996": 2,
    "1997": 2.5,
    "1998": 1.4,
    "1999": 1.3,
    "2000": 1,
    "2001": 1.1,
    "2002": 1.3,
    "2003": 1.1,
    "2004": 1.8,
    "2005": 3,
    "2006": 2.4,
    "2007": 2.5,
    "2008": 3.2,
    "2009": 4.1,
    "2010": 3.4,
    "2011": 3.5,
    "country": "Malawi",
    "Notes": null
  },
  {
    "1988": 5.5,
    "1989": 5.2,
    "1990": 5.7,
    "1991": null,
    "1992": null,
    "1993": 4.6,
    "1994": 3,
    "1995": 4,
    "1996": 3.9,
    "1997": 3.8,
    "1998": 3.8,
    "1999": 4,
    "2000": 3.8,
    "2001": 3.8,
    "2002": 4.1,
    "2003": 5.3,
    "2004": 6,
    "2005": 6.5,
    "2006": 7,
    "2007": 7.8,
    "2008": 9.7,
    "2009": 9.5,
    "2010": 9.4,
    "2011": 9.9,
    "country": "Mali",
    "Notes": null
  },
  {
    "1988": 23.5,
    "1989": 20.6,
    "1990": 20.9,
    "1991": 19.9,
    "1992": 19.3,
    "1993": 14.1,
    "1994": 13.3,
    "1995": 14,
    "1996": 16.2,
    "1997": 17.5,
    "1998": 10.5,
    "1999": 12.8,
    "2000": 14.7,
    "2001": 19.6,
    "2002": 13.4,
    "2003": 22.5,
    "2004": null,
    "2005": 23,
    "2006": 27.5,
    "2007": null,
    "2008": 39.4,
    "2009": 35.5,
    "2010": null,
    "2011": null,
    "country": "Mauritania",
    "Notes": null
  },
  {
    "1988": 4.4,
    "1989": 5.9,
    "1990": 8.5,
    "1991": 9.6,
    "1992": 10.3,
    "1993": 9.6,
    "1994": 10.4,
    "1995": 11.7,
    "1996": 11.1,
    "1997": 8.3,
    "1998": 7.1,
    "1999": 7.5,
    "2000": 7.7,
    "2001": 7.3,
    "2002": 7.7,
    "2003": 8.8,
    "2004": 8.8,
    "2005": 8.7,
    "2006": 8.6,
    "2007": 9.2,
    "2008": 12.2,
    "2009": 12,
    "2010": 11.6,
    "2011": 13.6,
    "country": "Mauritius",
    "Notes": null
  },
  {
    "1988": 5,
    "1989": 6.2,
    "1990": 6.5,
    "1991": 5.4,
    "1992": 4.4,
    "1993": 4.3,
    "1994": 5.1,
    "1995": 2.1,
    "1996": 2.2,
    "1997": 2.5,
    "1998": 2.9,
    "1999": 3.2,
    "2000": 3.1,
    "2001": 2.8,
    "2002": 2.9,
    "2003": 3.1,
    "2004": 4,
    "2005": 3.1,
    "2006": 2.8,
    "2007": 3.3,
    "2008": 3.9,
    "2009": 3.8,
    "2010": 4.4,
    "2011": 5.1,
    "country": "Mozambique",
    "Notes": null
  },
  {
    "1988": null,
    "1989": null,
    "1990": 116.7,
    "1991": 103.9,
    "1992": 86.6,
    "1993": 47.2,
    "1994": 37.2,
    "1995": 43.2,
    "1996": 40.9,
    "1997": 50.2,
    "1998": 46.1,
    "1999": 60.3,
    "2000": 51.4,
    "2001": 52.6,
    "2002": 46.9,
    "2003": 68,
    "2004": 86.5,
    "2005": 98.3,
    "2006": 100.8,
    "2007": 113.8,
    "2008": 131,
    "2009": 145.3,
    "2010": 189.5,
    "2011": 208.6,
    "country": "Namibia",
    "Notes": null
  },
  {
    "1988": null,
    "1989": null,
    "1990": null,
    "1991": null,
    "1992": null,
    "1993": null,
    "1994": 1.9,
    "1995": 1.9,
    "1996": 1.8,
    "1997": 1.7,
    "1998": 2.1,
    "1999": 2.2,
    "2000": 1.8,
    "2001": 2.1,
    "2002": 1.7,
    "2003": 2,
    "2004": 2.4,
    "2005": 2.4,
    "2006": null,
    "2007": null,
    "2008": 3.6,
    "2009": 3.4,
    "2010": 4.1,
    "2011": 5,
    "country": "Niger",
    "Notes": null
  },
  {
    "1988": 3,
    "1989": 1.8,
    "1990": 2.9,
    "1991": 2.5,
    "1992": 1.7,
    "1993": 2.8,
    "1994": 3,
    "1995": 5.8,
    "1996": 6.2,
    "1997": 7.1,
    "1998": 9.7,
    "1999": 4,
    "2000": 3,
    "2001": 4.5,
    "2002": 6.8,
    "2003": 4.3,
    "2004": 4.6,
    "2005": 4.7,
    "2006": 5.3,
    "2007": 6.4,
    "2008": 10.4,
    "2009": 9.4,
    "2010": 12.1,
    "2011": 14.1,
    "country": "Nigeria",
    "Notes": null
  },
  {
    "1988": 5.3,
    "1989": 5.9,
    "1990": 13,
    "1991": 14.1,
    "1992": 11.7,
    "1993": 11.5,
    "1994": 4.9,
    "1995": 10.5,
    "1996": 12.4,
    "1997": 10.4,
    "1998": 10.8,
    "1999": 10,
    "2000": 7.5,
    "2001": 6.9,
    "2002": 6.1,
    "2003": 5.3,
    "2004": 4.7,
    "2005": 5,
    "2006": 5.9,
    "2007": 5.9,
    "2008": 7,
    "2009": 7.6,
    "2010": 7.3,
    "2011": 7.2,
    "country": "Rwanda",
    "Notes": 29
  },
  {
    "1988": 14.7,
    "1989": 13.5,
    "1990": 15.5,
    "1991": 14,
    "1992": 13.6,
    "1993": 14.5,
    "1994": 7.8,
    "1995": 9.3,
    "1996": 8.9,
    "1997": 7.7,
    "1998": 8,
    "1999": 8.1,
    "2000": 6.3,
    "2001": 6.8,
    "2002": 7.2,
    "2003": 9.1,
    "2004": 9.9,
    "2005": 11.2,
    "2006": 13.1,
    "2007": 16.6,
    "2008": 18.2,
    "2009": 17.6,
    "2010": 15.7,
    "2011": 18,
    "country": "Senegal",
    "Notes": null
  },
  {
    "1988": 168.7,
    "1989": 178.6,
    "1990": 200.5,
    "1991": 223.8,
    "1992": 273.3,
    "1993": 170.4,
    "1994": 154.4,
    "1995": 148.6,
    "1996": 133.5,
    "1997": 144.3,
    "1998": 131.8,
    "1999": 136.9,
    "2000": 124.4,
    "2001": 131.7,
    "2002": 137.6,
    "2003": 142.3,
    "2004": 181,
    "2005": 165.5,
    "2006": 159.6,
    "2007": 166.8,
    "2008": 120.9,
    "2009": 93,
    "2010": 76.1,
    "2011": 90.8,
    "country": "Seychelles",
    "Notes": null
  },
  {
    "1988": 2.3,
    "1989": 3.6,
    "1990": 3,
    "1991": 5.4,
    "1992": 6.4,
    "1993": 5.6,
    "1994": 6.4,
    "1995": 6,
    "1996": 4.5,
    "1997": 2.2,
    "1998": 2.3,
    "1999": 3.9,
    "2000": 5.4,
    "2001": 6.6,
    "2002": 5.6,
    "2003": 5.6,
    "2004": 4.4,
    "2005": 4.3,
    "2006": 5,
    "2007": 5.1,
    "2008": 4.1,
    "2009": 4.4,
    "2010": 4.1,
    "2011": 4,
    "country": "Sierra Leone",
    "Notes": 31
  },
  {
    "1988": 6.7,
    "1989": 1.2,
    "1990": null,
    "1991": null,
    "1992": null,
    "1993": null,
    "1994": null,
    "1995": null,
    "1996": null,
    "1997": null,
    "1998": null,
    "1999": null,
    "2000": null,
    "2001": null,
    "2002": null,
    "2003": null,
    "2004": null,
    "2005": null,
    "2006": null,
    "2007": null,
    "2008": null,
    "2009": null,
    "2010": null,
    "2011": null,
    "country": "Somalia",
    "Notes": 32
  },
  {
    "1988": 112.5,
    "1989": 107.1,
    "1990": 108.6,
    "1991": 93.8,
    "1992": 87.4,
    "1993": 76,
    "1994": 79.4,
    "1995": 74.5,
    "1996": 57.8,
    "1997": 53.2,
    "1998": 41.5,
    "1999": 37.4,
    "2000": 40.3,
    "2001": 38.1,
    "2002": 37,
    "2003": 53.3,
    "2004": 63.6,
    "2005": 72.4,
    "2006": 70.5,
    "2007": 70.2,
    "2008": 64.7,
    "2009": 69.9,
    "2010": 80.5,
    "2011": 87.2,
    "country": "South Africa",
    "Notes": null
  },
  {
    "1988": null,
    "1989": null,
    "1990": null,
    "1991": null,
    "1992": null,
    "1993": null,
    "1994": null,
    "1995": null,
    "1996": null,
    "1997": null,
    "1998": null,
    "1999": null,
    "2000": null,
    "2001": null,
    "2002": null,
    "2003": null,
    "2004": null,
    "2005": null,
    "2006": 70.9,
    "2007": 71.9,
    "2008": 104.2,
    "2009": 67.5,
    "2010": 68.9,
    "2011": 104.9,
    "country": "South Sudan",
    "Notes": 33
  },
  {
    "1988": 17.7,
    "1989": null,
    "1990": 54,
    "1991": 61.4,
    "1992": 8.1,
    "1993": 11.1,
    "1994": 9.5,
    "1995": 5.7,
    "1996": 4.3,
    "1997": 3.8,
    "1998": 9.9,
    "1999": 16,
    "2000": 21.4,
    "2001": 13.8,
    "2002": 16.8,
    "2003": 13.5,
    "2004": 41.1,
    "2005": 37.7,
    "2006": 52.1,
    "2007": 75,
    "2008": 97.3,
    "2009": 93.3,
    "2010": null,
    "2011": null,
    "country": "Sudan",
    "Notes": null
  },
  {
    "1988": 11.2,
    "1989": 10.6,
    "1990": 16.6,
    "1991": 18,
    "1992": 22.7,
    "1993": 24.7,
    "1994": 26.3,
    "1995": 30,
    "1996": 27,
    "1997": 25.7,
    "1998": 25.4,
    "1999": 25.2,
    "2000": 23.6,
    "2001": 18.8,
    "2002": 17.4,
    "2003": 30,
    "2004": 39.9,
    "2005": 55.3,
    "2006": 54.1,
    "2007": 56.9,
    "2008": 60.9,
    "2009": 68.9,
    "2010": 92.1,
    "2011": 95.6,
    "country": "Eswatini",
    "Notes": null
  },
  {
    "1988": 5.1,
    "1989": 4.2,
    "1990": 3.4,
    "1991": 4.1,
    "1992": 3.6,
    "1993": 2.1,
    "1994": 2,
    "1995": 2.8,
    "1996": 3.3,
    "1997": 3.8,
    "1998": 4.2,
    "1999": 3.9,
    "2000": 4,
    "2001": 4.3,
    "2002": 3.9,
    "2003": 3.4,
    "2004": 3.4,
    "2005": 3.6,
    "2006": 3.7,
    "2007": 4.1,
    "2008": 4.6,
    "2009": 5.1,
    "2010": 6.4,
    "2011": 6.8,
    "country": "Tanzania",
    "Notes": null
  },
  {
    "1988": 11.6,
    "1989": 10.9,
    "1990": 12.9,
    "1991": 11.3,
    "1992": 11.8,
    "1993": 11.7,
    "1994": 6.2,
    "1995": 7.1,
    "1996": null,
    "1997": null,
    "1998": null,
    "1999": null,
    "2000": null,
    "2001": null,
    "2002": null,
    "2003": 5.3,
    "2004": 5.6,
    "2005": 5.8,
    "2006": null,
    "2007": null,
    "2008": 9.1,
    "2009": 8.5,
    "2010": 8.6,
    "2011": 8.6,
    "country": "Togo",
    "Notes": null
  },
  {
    "1988": 8.7,
    "1989": 8.4,
    "1990": 6.2,
    "1991": 4.1,
    "1992": 2.8,
    "1993": 3.3,
    "1994": 5.3,
    "1995": 6.2,
    "1996": 6.5,
    "1997": 6.5,
    "1998": 7,
    "1999": 7,
    "2000": 6,
    "2001": 5.6,
    "2002": 5.7,
    "2003": 5.9,
    "2004": 7.3,
    "2005": 7.9,
    "2006": 7.7,
    "2007": 8.6,
    "2008": 10.4,
    "2009": 9.5,
    "2010": 19.1,
    "2011": 18.5,
    "country": "Uganda",
    "Notes": null
  },
  {
    "1988": 11.9,
    "1989": 22.4,
    "1990": 18.1,
    "1991": 10.9,
    "1992": 12.1,
    "1993": 6.2,
    "1994": 7.4,
    "1995": 6.4,
    "1996": 4.3,
    "1997": 4.8,
    "1998": null,
    "1999": 5.8,
    "2000": null,
    "2001": null,
    "2002": null,
    "2003": null,
    "2004": 8.8,
    "2005": 12.1,
    "2006": 17.3,
    "2007": 18.8,
    "2008": 21.7,
    "2009": 16.7,
    "2010": 20.4,
    "2011": 21.8,
    "country": "Zambia",
    "Notes": null
  },
  {
    "1988": 43.1,
    "1989": 42,
    "1990": 41.6,
    "1991": 36.6,
    "1992": 28.1,
    "1993": 23,
    "1994": 22.8,
    "1995": 24.1,
    "1996": 26.4,
    "1997": 27.7,
    "1998": null,
    "1999": 22.5,
    "2000": 29.2,
    "2001": 24,
    "2002": 56.3,
    "2003": 16,
    "2004": 20.8,
    "2005": 10.6,
    "2006": 12.9,
    "2007": null,
    "2008": null,
    "2009": null,
    "2010": 7.4,
    "2011": 14.7,
    "country": "Zimbabwe",
    "Notes": null
  },
  {
    "1988": null,
    "1989": 24.6,
    "1990": 26.3,
    "1991": 25.6,
    "1992": 28,
    "1993": 31.8,
    "1994": 40.1,
    "1995": 40.1,
    "1996": 38.5,
    "1997": 43.9,
    "1998": null,
    "1999": null,
    "2000": 30,
    "2001": 30.4,
    "2002": 31.1,
    "2003": 32.9,
    "2004": 35.4,
    "2005": 38.8,
    "2006": 43.3,
    "2007": 47.1,
    "2008": 62.4,
    "2009": 56.1,
    "2010": 48.4,
    "2011": 47.6,
    "country": "Belize",
    "Notes": null
  },
  {
    "1988": null,
    "1989": null,
    "1990": null,
    "1991": null,
    "1992": null,
    "1993": null,
    "1994": null,
    "1995": null,
    "1996": null,
    "1997": null,
    "1998": null,
    "1999": null,
    "2000": null,
    "2001": null,
    "2002": null,
    "2003": null,
    "2004": null,
    "2005": null,
    "2006": null,
    "2007": null,
    "2008": null,
    "2009": null,
    "2010": null,
    "2011": null,
    "country": "Costa Rica",
    "Notes": 37
  },
  {
    "1988": null,
    "1989": null,
    "1990": null,
    "1991": null,
    "1992": null,
    "1993": null,
    "1994": null,
    "1995": null,
    "1996": null,
    "1997": null,
    "1998": null,
    "1999": null,
    "2000": null,
    "2001": null,
    "2002": null,
    "2003": 26.5,
    "2004": 5.5,
    "2005": 7,
    "2006": 6.8,
    "2007": 7.4,
    "2008": 7.9,
    "2009": 8.2,
    "2010": 8.3,
    "2011": 8.3,
    "country": "Cuba",
    "Notes": null
  },
  {
    "1988": 7,
    "1989": 7.7,
    "1990": 6.8,
    "1991": 4.7,
    "1992": 8.6,
    "1993": 12.8,
    "1994": 13.2,
    "1995": 10.8,
    "1996": 13.4,
    "1997": 18.6,
    "1998": 19.3,
    "1999": 20.9,
    "2000": 29,
    "2001": 35.4,
    "2002": 30.9,
    "2003": 17.5,
    "2004": 16.9,
    "2005": 29.7,
    "2006": 27.9,
    "2007": 29.2,
    "2008": 35.1,
    "2009": 33.3,
    "2010": 36.4,
    "2011": 35.3,
    "country": "Dominican Republic",
    "Notes": null
  },
  {
    "1988": 34.8,
    "1989": 40.6,
    "1990": 30.6,
    "1991": 26.6,
    "1992": 24.2,
    "1993": 20.7,
    "1994": 19.2,
    "1995": 19.5,
    "1996": 19.2,
    "1997": 19.3,
    "1998": 18.9,
    "1999": 19.5,
    "2000": 18.6,
    "2001": 25.3,
    "2002": 27,
    "2003": 21.1,
    "2004": 21.3,
    "2005": 22.1,
    "2006": 23.7,
    "2007": 27.6,
    "2008": 28.7,
    "2009": 31.4,
    "2010": 33.2,
    "2011": 36.3,
    "country": "El Salvador",
    "Notes": 39
  },
  {
    "1988": 17.4,
    "1989": 17.5,
    "1990": 14.9,
    "1991": 13,
    "1992": 16.4,
    "1993": 15,
    "1994": 15.4,
    "1995": 15.6,
    "1996": 13.5,
    "1997": 12.3,
    "1998": 12.7,
    "1999": 11,
    "2000": 13.6,
    "2001": 16.6,
    "2002": 13.1,
    "2003": 14.4,
    "2004": 9.1,
    "2005": 8.1,
    "2006": 9.9,
    "2007": 10.1,
    "2008": 12.1,
    "2009": 10.5,
    "2010": 11.8,
    "2011": 13.5,
    "country": "Guatemala",
    "Notes": null
  },
  {
    "1988": 0.3,
    "1989": 0.3,
    "1990": 0.4,
    "1991": 0.3,
    "1992": 0.2,
    "1993": 0.2,
    "1994": 0.2,
    "1995": 0.3,
    "1996": null,
    "1997": null,
    "1998": null,
    "1999": null,
    "2000": null,
    "2001": null,
    "2002": null,
    "2003": null,
    "2004": null,
    "2005": null,
    "2006": null,
    "2007": null,
    "2008": null,
    "2009": null,
    "2010": null,
    "2011": null,
    "country": "Haiti",
    "Notes": null
  },
  {
    "1988": 28.4,
    "1989": 28.9,
    "1990": 13.7,
    "1991": 9.4,
    "1992": null,
    "1993": 7.6,
    "1994": null,
    "1995": null,
    "1996": null,
    "1997": null,
    "1998": null,
    "1999": null,
    "2000": 8.1,
    "2001": 9.4,
    "2002": 9.3,
    "2003": 11.7,
    "2004": 8.4,
    "2005": 8.5,
    "2006": 10,
    "2007": 12.4,
    "2008": 16.7,
    "2009": 19.4,
    "2010": 20.6,
    "2011": 23.7,
    "country": "Honduras",
    "Notes": 41
  },
  {
    "1988": 13.2,
    "1989": 17.4,
    "1990": 16.3,
    "1991": 13.3,
    "1992": 19.6,
    "1993": 18.3,
    "1994": 13.9,
    "1995": 14.2,
    "1996": 16.6,
    "1997": 21.6,
    "1998": 18.6,
    "1999": 17.5,
    "2000": 16.8,
    "2001": 17.7,
    "2002": 21.6,
    "2003": 20.7,
    "2004": 20.5,
    "2005": 22.1,
    "2006": 27,
    "2007": 30.8,
    "2008": 48.1,
    "2009": 42,
    "2010": 42.1,
    "2011": 48.5,
    "country": "Jamaica",
    "Notes": null
  },
  {
    "1988": 12.4,
    "1989": 14.3,
    "1990": 14.8,
    "1991": 17.4,
    "1992": 21.4,
    "1993": 24.4,
    "1994": 29.8,
    "1995": 17.4,
    "1996": 20.5,
    "1997": 23.4,
    "1998": 23.9,
    "1999": 27.5,
    "2000": 31,
    "2001": 32.5,
    "2002": 31.5,
    "2003": 28.9,
    "2004": 27.5,
    "2005": 29.7,
    "2006": 28.5,
    "2007": 39.1,
    "2008": 39.6,
    "2009": 40.6,
    "2010": 42.5,
    "2011": 48,
    "country": "Mexico",
    "Notes": null
  },
  {
    "1988": null,
    "1989": null,
    "1990": 277.7,
    "1991": 16.1,
    "1992": 11,
    "1993": 9.1,
    "1994": 7.9,
    "1995": 7.6,
    "1996": 6.7,
    "1997": 6.3,
    "1998": 5.4,
    "1999": 5.5,
    "2000": 6.2,
    "2001": 5.6,
    "2002": 6.8,
    "2003": 6.8,
    "2004": 6.2,
    "2005": 6.4,
    "2006": 6.9,
    "2007": 7.2,
    "2008": 7.7,
    "2009": 7.4,
    "2010": 7.8,
    "2011": 8.9,
    "country": "Nicaragua",
    "Notes": 42
  },
  {
    "1988": 44.2,
    "1989": 42.9,
    "1990": 30.1,
    "1991": 31.7,
    "1992": 31.1,
    "1993": 36.8,
    "1994": 38.2,
    "1995": 35.8,
    "1996": 36.8,
    "1997": 42,
    "1998": 36.3,
    "1999": 38.2,
    "2000": null,
    "2001": null,
    "2002": null,
    "2003": null,
    "2004": null,
    "2005": null,
    "2006": null,
    "2007": null,
    "2008": null,
    "2009": null,
    "2010": null,
    "2011": null,
    "country": "Panama",
    "Notes": 43
  },
  {
    "1988": null,
    "1989": null,
    "1990": null,
    "1991": null,
    "1992": null,
    "1993": 17.7,
    "1994": 18.8,
    "1995": null,
    "1996": null,
    "1997": null,
    "1998": null,
    "1999": null,
    "2000": null,
    "2001": 10.5,
    "2002": 14.7,
    "2003": 25.3,
    "2004": 56.5,
    "2005": 72.5,
    "2006": 85.3,
    "2007": 91.6,
    "2008": 101.6,
    "2009": 100.7,
    "2010": 103.4,
    "2011": 105,
    "country": "Trinidad and Tobago",
    "Notes": null
  },
  {
    "1988": 370.5,
    "1989": 396,
    "1990": 413.7,
    "1991": 405.2,
    "1992": 380.8,
    "1993": 358.2,
    "1994": 330.4,
    "1995": 313.2,
    "1996": 290.9,
    "1997": 265.5,
    "1998": 256.6,
    "1999": 269.5,
    "2000": 270,
    "2001": 269.8,
    "2002": 270.7,
    "2003": 314.2,
    "2004": 354.5,
    "2005": 402.3,
    "2006": 454.3,
    "2007": 529.1,
    "2008": 581.5,
    "2009": 563,
    "2010": 567.8,
    "2011": 622.3,
    "country": "Canada",
    "Notes": null
  },
  {
    "1988": 1252.3,
    "1989": 1290,
    "1990": 1291,
    "1991": 1174.4,
    "1992": 1259.7,
    "1993": 1212.6,
    "1994": 1166.6,
    "1995": 1108.6,
    "1996": 1068.3,
    "1997": 1077.1,
    "1998": 1059.1,
    "1999": 1074.3,
    "2000": 1142.8,
    "2001": 1173,
    "2002": 1324.8,
    "2003": 1527.1,
    "2004": 1692.2,
    "2005": 1812.1,
    "2006": 1878.7,
    "2007": 1963.5,
    "2008": 2164.5,
    "2009": 2303,
    "2010": 2384.3,
    "2011": 2406.6,
    "country": "United States of America",
    "Notes": 44
  },
  {
    "1988": 85.5,
    "1989": 45,
    "1990": 63.1,
    "1991": 86.6,
    "1992": 97.3,
    "1993": 99.3,
    "1994": 109.2,
    "1995": 109.1,
    "1996": 95.7,
    "1997": 93.5,
    "1998": 94,
    "1999": 94.6,
    "2000": 88.3,
    "2001": 85.1,
    "2002": 29.5,
    "2003": 36,
    "2004": 38,
    "2005": 43.6,
    "2006": 46.9,
    "2007": 57.7,
    "2008": 69.4,
    "2009": 73.4,
    "2010": 84.6,
    "2011": 97.6,
    "country": "Argentina",
    "Notes": 5
  },
  {
    "1988": 13.7,
    "1989": 14.7,
    "1990": 19.4,
    "1991": 19.9,
    "1992": 19.2,
    "1993": 14.6,
    "1994": 17.6,
    "1995": 18,
    "1996": 18.5,
    "1997": 22.3,
    "1998": 27.8,
    "1999": 21.1,
    "2000": 20.3,
    "2001": 21.8,
    "2002": 17.8,
    "2003": 19.3,
    "2004": 18.2,
    "2005": 17.7,
    "2006": 17.8,
    "2007": 20.3,
    "2008": 37.5,
    "2009": 30.7,
    "2010": 54.2,
    "2011": 39.3,
    "country": "Bolivia",
    "Notes": 10
  },
  {
    "1988": 41.2,
    "1989": 60.4,
    "1990": 62.5,
    "1991": 44.5,
    "1992": 32.6,
    "1993": 45.6,
    "1994": 67,
    "1995": 89.2,
    "1996": 86.4,
    "1997": 84.2,
    "1998": 85.5,
    "1999": 57.9,
    "2000": 65.6,
    "2001": 62.4,
    "2002": 54.5,
    "2003": 46.7,
    "2004": 53.8,
    "2005": 74,
    "2006": 88.3,
    "2007": 109.2,
    "2008": 129,
    "2009": 134.1,
    "2010": 176.3,
    "2011": 189.9,
    "country": "Brazil",
    "Notes": null
  },
  {
    "1988": 77.6,
    "1989": 75.5,
    "1990": 77.4,
    "1991": 76.6,
    "1992": 84.9,
    "1993": 92.3,
    "1994": 103.2,
    "1995": 126.8,
    "1996": 130.1,
    "1997": 143,
    "1998": 140.6,
    "1999": 134.2,
    "2000": 136.5,
    "2001": 121.4,
    "2002": 112.8,
    "2003": 129.7,
    "2004": 166.8,
    "2005": 190.6,
    "2006": 234.7,
    "2007": 242.5,
    "2008": 277.1,
    "2009": 230.6,
    "2010": 286.3,
    "2011": 329.3,
    "country": "Chile",
    "Notes": 45
  },
  {
    "1988": 28,
    "1989": 27.5,
    "1990": 27.7,
    "1991": 27.8,
    "1992": 33,
    "1993": 44.8,
    "1994": 57.6,
    "1995": 73.8,
    "1996": 119.5,
    "1997": 81.2,
    "1998": 90.5,
    "1999": 85.2,
    "2000": 78.1,
    "2001": 82.8,
    "2002": 83.7,
    "2003": 80.7,
    "2004": 98.4,
    "2005": 117.4,
    "2006": 125.6,
    "2007": 157.7,
    "2008": 208.1,
    "2009": 205.2,
    "2010": 234.1,
    "2011": 228.9,
    "country": "Colombia",
    "Notes": 46
  },
  {
    "1988": 20,
    "1989": 18.7,
    "1990": 19.5,
    "1991": 19.7,
    "1992": 19.5,
    "1993": 25,
    "1994": 25.8,
    "1995": 41.4,
    "1996": 35.8,
    "1997": 41.9,
    "1998": 45.2,
    "1999": 23.9,
    "2000": 21.1,
    "2001": 30,
    "2002": 38.8,
    "2003": 55.8,
    "2004": 52.6,
    "2005": 69.5,
    "2006": 68,
    "2007": 92.2,
    "2008": 113.9,
    "2009": 132.6,
    "2010": 140,
    "2011": 161.4,
    "country": "Ecuador",
    "Notes": 47
  },
  {
    "1988": 14.5,
    "1989": 8,
    "1990": 4.8,
    "1991": 2.7,
    "1992": 4.8,
    "1993": 5.9,
    "1994": 7.3,
    "1995": 7.5,
    "1996": 7.3,
    "1997": null,
    "1998": null,
    "1999": null,
    "2000": 16.5,
    "2001": 18.8,
    "2002": 21.8,
    "2003": 21.4,
    "2004": 29,
    "2005": 24.3,
    "2006": 25.2,
    "2007": 32.9,
    "2008": 40.4,
    "2009": 41.2,
    "2010": 41.4,
    "2011": 43.3,
    "country": "Guyana",
    "Notes": 48
  },
  {
    "1988": 47.4,
    "1989": 25.3,
    "1990": 28.2,
    "1991": 48.3,
    "1992": 40.4,
    "1993": 36.7,
    "1994": 36.5,
    "1995": 45.7,
    "1996": 43.6,
    "1997": 35.4,
    "1998": 28.7,
    "1999": 23.5,
    "2000": 21.8,
    "2001": 17.7,
    "2002": 13.4,
    "2003": 12,
    "2004": 15.8,
    "2005": 14.3,
    "2006": 19.5,
    "2007": 23.9,
    "2008": 30.1,
    "2009": 29.9,
    "2010": 35.9,
    "2011": 49.4,
    "country": "Paraguay",
    "Notes": 49
  },
  {
    "1988": 35.4,
    "1989": 40.5,
    "1990": 35.7,
    "1991": 31.3,
    "1992": 39.8,
    "1993": 41.3,
    "1994": 47,
    "1995": 58.6,
    "1996": 56.8,
    "1997": 47.1,
    "1998": 44.8,
    "1999": 38.2,
    "2000": 34.5,
    "2001": 33.7,
    "2002": 30.9,
    "2003": 32.5,
    "2004": 33.3,
    "2005": 43,
    "2006": 45.8,
    "2007": 46.9,
    "2008": 52.5,
    "2009": 64.2,
    "2010": 75.2,
    "2011": 80.7,
    "country": "Peru",
    "Notes": 50
  },
  {
    "1988": 85,
    "1989": 96.8,
    "1990": 106.1,
    "1991": 86.3,
    "1992": 117.2,
    "1993": 133.1,
    "1994": 142.4,
    "1995": 164.7,
    "1996": 180,
    "1997": 178.9,
    "1998": 177.4,
    "1999": 176.9,
    "2000": 170.5,
    "2001": 159.9,
    "2002": 105.1,
    "2003": 82.2,
    "2004": 85.1,
    "2005": 105.8,
    "2006": 119.5,
    "2007": 126.4,
    "2008": 172.1,
    "2009": 174.5,
    "2010": 228,
    "2011": 248.2,
    "country": "Uruguay",
    "Notes": null
  },
  {
    "1988": 58.9,
    "1989": 62.6,
    "1990": 37.7,
    "1991": 49,
    "1992": 48.3,
    "1993": 61.3,
    "1994": 43.7,
    "1995": 54.6,
    "1996": 32.7,
    "1997": 67.3,
    "1998": 62.1,
    "1999": 59.1,
    "2000": 73.6,
    "2001": 77.2,
    "2002": 42.5,
    "2003": 38.5,
    "2004": 55.5,
    "2005": 100.3,
    "2006": 134.4,
    "2007": 158.6,
    "2008": 203.2,
    "2009": 143.6,
    "2010": 139.4,
    "2011": 123.4,
    "country": "Venezuela",
    "Notes": null
  },
  {
    "1988": 354.7,
    "1989": 376.5,
    "1990": 394.3,
    "1991": 407.2,
    "1992": 394.2,
    "1993": 381.7,
    "1994": 419,
    "1995": 426.1,
    "1996": 450.7,
    "1997": 431.1,
    "1998": 382.1,
    "1999": 413.2,
    "2000": 382.5,
    "2001": 365.9,
    "2002": 407.9,
    "2003": 503.7,
    "2004": 601.8,
    "2005": 656.5,
    "2006": 697.1,
    "2007": 828.1,
    "2008": 880.8,
    "2009": 878.3,
    "2010": 1056.4,
    "2011": 1192.5,
    "country": "Australia",
    "Notes": null
  },
  {
    "1988": 32.7,
    "1989": 38.1,
    "1990": 39.7,
    "1991": 41.8,
    "1992": 39,
    "1993": 40.7,
    "1994": 42.5,
    "1995": 43.5,
    "1996": 41,
    "1997": 38.4,
    "1998": 27.7,
    "1999": 28.8,
    "2000": 38.3,
    "2001": 38.8,
    "2002": 36.2,
    "2003": 43.3,
    "2004": 53.8,
    "2005": 49.1,
    "2006": 61,
    "2007": 84.5,
    "2008": 59.5,
    "2009": 56.7,
    "2010": 55.5,
    "2011": 66.7,
    "country": "Fiji",
    "Notes": null
  },
  {
    "1988": 290.7,
    "1989": 288.8,
    "1990": 316.2,
    "1991": 286.8,
    "1992": 247.8,
    "1993": 244,
    "1994": 272.4,
    "1995": 314.4,
    "1996": 334.4,
    "1997": 314.4,
    "1998": 255.2,
    "1999": 253.7,
    "2000": 223.2,
    "2001": 205.9,
    "2002": 221.2,
    "2003": 273.6,
    "2004": 294.2,
    "2005": 314,
    "2006": 326.8,
    "2007": 378.6,
    "2008": 361.9,
    "2009": 341.5,
    "2010": 406,
    "2011": 443.6,
    "country": "New Zealand",
    "Notes": null
  },
  {
    "1988": 12.6,
    "1989": 14.1,
    "1990": 17.9,
    "1991": 13.3,
    "1992": 14.3,
    "1993": 16.2,
    "1994": 18.9,
    "1995": 12.4,
    "1996": 16.7,
    "1997": 16.2,
    "1998": 9.8,
    "1999": 6.8,
    "2000": 6.2,
    "2001": 4.5,
    "2002": 2.9,
    "2003": 3.2,
    "2004": 3.9,
    "2005": 4.7,
    "2006": 4.7,
    "2007": 5.7,
    "2008": 5.6,
    "2009": 7.1,
    "2010": 6.2,
    "2011": 8.3,
    "country": "Papua New Guinea",
    "Notes": null
  },
  {
    "1988": null,
    "1989": null,
    "1990": null,
    "1991": null,
    "1992": null,
    "1993": null,
    "1994": null,
    "1995": null,
    "1996": null,
    "1997": null,
    "1998": null,
    "1999": null,
    "2000": null,
    "2001": null,
    "2002": null,
    "2003": null,
    "2004": 5.4,
    "2005": 5.1,
    "2006": 5.3,
    "2007": 8.5,
    "2008": 9.3,
    "2009": 9.3,
    "2010": 10.7,
    "2011": 11.4,
    "country": "Afghanistan",
    "Notes": 2
  },
  {
    "1988": 3.1,
    "1989": 3.5,
    "1990": 3.4,
    "1991": 3.4,
    "1992": 3.7,
    "1993": 4,
    "1994": 4.6,
    "1995": 5.1,
    "1996": 5.2,
    "1997": 5.4,
    "1998": 5.5,
    "1999": 5.6,
    "2000": 5.6,
    "2001": 5.2,
    "2002": 4.9,
    "2003": 5.1,
    "2004": 5.4,
    "2005": 5.4,
    "2006": 5.7,
    "2007": 6.5,
    "2008": 6.9,
    "2009": 8.4,
    "2010": 10.7,
    "2011": 11.8,
    "country": "Bangladesh",
    "Notes": 9
  },
  {
    "1988": 13.9,
    "1989": 12.7,
    "1990": 12.3,
    "1991": 9.9,
    "1992": 9,
    "1993": 9,
    "1994": 9.5,
    "1995": 10.3,
    "1996": 10.2,
    "1997": 11.6,
    "1998": 11.8,
    "1999": 13.5,
    "2000": 13.6,
    "2001": 13.7,
    "2002": 13.6,
    "2003": 14.8,
    "2004": 18,
    "2005": 20.1,
    "2006": 20.6,
    "2007": 23.9,
    "2008": 27.5,
    "2009": 31.8,
    "2010": 37.3,
    "2011": 39.6,
    "country": "India",
    "Notes": 59
  },
  {
    "1988": 1.9,
    "1989": 1.9,
    "1990": 2,
    "1991": 1.8,
    "1992": 1.9,
    "1993": 1.8,
    "1994": 1.8,
    "1995": 1.8,
    "1996": 1.8,
    "1997": 1.9,
    "1998": 1.8,
    "1999": 2,
    "2000": 2.1,
    "2001": 2.6,
    "2002": 3.4,
    "2003": 4,
    "2004": 5.1,
    "2005": 6.1,
    "2006": 5.9,
    "2007": 6.4,
    "2008": 7,
    "2009": 7.7,
    "2010": 9.4,
    "2011": 10.4,
    "country": "Nepal",
    "Notes": null
  },
  {
    "1988": 25.5,
    "1989": 23.3,
    "1990": 24.6,
    "1991": 26,
    "1992": 27.8,
    "1993": 26.4,
    "1994": 25.8,
    "1995": 27.6,
    "1996": 26,
    "1997": 23.6,
    "1998": 22.3,
    "1999": 20.7,
    "2000": 19.5,
    "2001": 18.1,
    "2002": 20.3,
    "2003": 22.6,
    "2004": 24.4,
    "2005": 26.5,
    "2006": 28,
    "2007": 29.4,
    "2008": 27.9,
    "2009": 27.5,
    "2010": 30.3,
    "2011": 34.5,
    "country": "Pakistan",
    "Notes": 60
  },
  {
    "1988": 10.3,
    "1989": 7.8,
    "1990": 11.4,
    "1991": 16.9,
    "1992": 19.7,
    "1993": 21,
    "1994": 25.5,
    "1995": 43.9,
    "1996": 43.3,
    "1997": 38.7,
    "1998": 39.8,
    "1999": 33.6,
    "2000": 43,
    "2001": 34.7,
    "2002": 29,
    "2003": 27.2,
    "2004": 30.9,
    "2005": 32,
    "2006": 39,
    "2007": 51.6,
    "2008": 73.5,
    "2009": 73.5,
    "2010": 73.6,
    "2011": 83.7,
    "country": "Sri Lanka",
    "Notes": 61
  },
  {
    "1988": null,
    "1989": 10,
    "1990": 8.7,
    "1991": 8.4,
    "1992": 10.4,
    "1993": 10.4,
    "1994": 8.2,
    "1995": 10.2,
    "1996": 11.6,
    "1997": 12.7,
    "1998": 13.7,
    "1999": 16.3,
    "2000": 17.6,
    "2001": 20.8,
    "2002": 23.6,
    "2003": 25.7,
    "2004": 29.2,
    "2005": 32.8,
    "2006": 39.2,
    "2007": 47,
    "2008": 59.3,
    "2009": 72.2,
    "2010": 78.3,
    "2011": 92.4,
    "country": "China",
    "Notes": 55
  },
  {
    "1988": 230.9,
    "1989": 227.9,
    "1990": 233.8,
    "1991": 265.2,
    "1992": 290,
    "1993": 331.8,
    "1994": 362.1,
    "1995": 398.1,
    "1996": 350.1,
    "1997": 322.2,
    "1998": 299.4,
    "1999": 340.4,
    "2000": 358.6,
    "2001": 320.6,
    "2002": 308.8,
    "2003": 333,
    "2004": 354.9,
    "2005": 346.4,
    "2006": 324.8,
    "2007": 316.5,
    "2008": 361.8,
    "2009": 401.5,
    "2010": 426.3,
    "2011": 474.1,
    "country": "Japan",
    "Notes": 56
  },
  {
    "1988": null,
    "1989": null,
    "1990": null,
    "1991": null,
    "1992": null,
    "1993": null,
    "1994": null,
    "1995": null,
    "1996": null,
    "1997": null,
    "1998": null,
    "1999": null,
    "2000": null,
    "2001": null,
    "2002": null,
    "2003": null,
    "2004": null,
    "2005": null,
    "2006": null,
    "2007": null,
    "2008": null,
    "2009": null,
    "2010": null,
    "2011": null,
    "country": "Korea, North",
    "Notes": 57
  },
  {
    "1988": 181.4,
    "1989": 219.1,
    "1990": 230.7,
    "1991": 247.1,
    "1992": 260.8,
    "1993": 276.5,
    "1994": 300.4,
    "1995": 355.5,
    "1996": 360.8,
    "1997": 324.3,
    "1998": 226.9,
    "1999": 260.8,
    "2000": 296,
    "2001": 275.9,
    "2002": 298.9,
    "2003": 334.2,
    "2004": 374.5,
    "2005": 463.8,
    "2006": 525.4,
    "2007": 576.5,
    "2008": 540.2,
    "2009": 507.3,
    "2010": 579.2,
    "2011": 633.9,
    "country": "Korea, South",
    "Notes": 58
  },
  {
    "1988": null,
    "1989": null,
    "1990": null,
    "1991": 50.8,
    "1992": 14.9,
    "1993": 6.2,
    "1994": 7.2,
    "1995": 9.2,
    "1996": 9.2,
    "1997": 7.9,
    "1998": 8.3,
    "1999": 7.4,
    "2000": 9.9,
    "2001": 9.4,
    "2002": 10.2,
    "2003": 9.7,
    "2004": 11,
    "2005": 11.7,
    "2006": 15.2,
    "2007": 21.8,
    "2008": 25.5,
    "2009": 14.2,
    "2010": 20.5,
    "2011": 32,
    "country": "Mongolia",
    "Notes": null
  },
  {
    "1988": 353.4,
    "1989": 400.5,
    "1990": 424.3,
    "1991": 449.9,
    "1992": 482.3,
    "1993": 552.8,
    "1994": 562.1,
    "1995": 534.8,
    "1996": 544.1,
    "1997": 519.6,
    "1998": 420.1,
    "1999": 395.3,
    "2000": 394.9,
    "2001": 356.6,
    "2002": 334.6,
    "2003": 330.3,
    "2004": 345,
    "2005": 351.6,
    "2006": 334.4,
    "2007": 355.2,
    "2008": 388.8,
    "2009": 394.5,
    "2010": 391.8,
    "2011": 430.1,
    "country": "Taiwan",
    "Notes": null
  },
  {
    "1988": 752.7,
    "1989": 762.8,
    "1990": 917.3,
    "1991": 947.6,
    "1992": 946.2,
    "1993": 856.9,
    "1994": 931.9,
    "1995": 992.1,
    "1996": 1113.1,
    "1997": 1222.1,
    "1998": 951.4,
    "1999": 817.8,
    "2000": 756.1,
    "2001": 659.6,
    "2002": 671.2,
    "2003": 709.5,
    "2004": 569.7,
    "2005": 698.3,
    "2006": 810.6,
    "2007": 880.5,
    "2008": 967.9,
    "2009": 918,
    "2010": 1004.4,
    "2011": 1048.9,
    "country": "Brunei",
    "Notes": null
  },
  {
    "1988": null,
    "1989": null,
    "1990": 4,
    "1991": 5.8,
    "1992": 7.9,
    "1993": 5.3,
    "1994": 12.1,
    "1995": 12.8,
    "1996": 10.9,
    "1997": 9.2,
    "1998": 7,
    "1999": 7.2,
    "2000": 6.6,
    "2001": 5.6,
    "2002": 5.1,
    "2003": 5.2,
    "2004": 5.3,
    "2005": 5.3,
    "2006": 5.6,
    "2007": 5.8,
    "2008": 5.9,
    "2009": 9.6,
    "2010": 11.7,
    "2011": 13.2,
    "country": "Cambodia",
    "Notes": null
  },
  {
    "1988": 7.7,
    "1989": 7.9,
    "1990": 8.9,
    "1991": 9.2,
    "1992": 10,
    "1993": 10.1,
    "1994": 11.5,
    "1995": 12.5,
    "1996": 14.3,
    "1997": 15.8,
    "1998": 4.7,
    "1999": 5.4,
    "2000": 5.3,
    "2001": 4.2,
    "2002": 6.2,
    "2003": 9.5,
    "2004": 10.7,
    "2005": 9.4,
    "2006": 11.2,
    "2007": 14.2,
    "2008": 13.5,
    "2009": 13.7,
    "2010": 19.1,
    "2011": 23.6,
    "country": "Indonesia",
    "Notes": 62
  },
  {
    "1988": null,
    "1989": null,
    "1990": null,
    "1991": null,
    "1992": 22.7,
    "1993": 23.3,
    "1994": 24.5,
    "1995": 21.3,
    "1996": 15.7,
    "1997": 13.1,
    "1998": 6.4,
    "1999": 2.9,
    "2000": 2.5,
    "2001": 2.3,
    "2002": 2.1,
    "2003": 1.9,
    "2004": 2,
    "2005": 2.1,
    "2006": 2.3,
    "2007": 2.5,
    "2008": 2.7,
    "2009": 2.3,
    "2010": 2.4,
    "2011": 3,
    "country": "Laos",
    "Notes": null
  },
  {
    "1988": 51.7,
    "1989": 59.8,
    "1990": 64,
    "1991": 86.9,
    "1992": 95,
    "1993": 100.8,
    "1994": 108.4,
    "1995": 121.8,
    "1996": 117.6,
    "1997": 99,
    "1998": 53.5,
    "1999": 75,
    "2000": 67.6,
    "2001": 83.2,
    "2002": 94,
    "2003": 118.1,
    "2004": 113.1,
    "2005": 122.2,
    "2006": 125,
    "2007": 148.7,
    "2008": 161.7,
    "2009": 142.4,
    "2010": 135.7,
    "2011": 162.3,
    "country": "Malaysia",
    "Notes": 63
  },
  {
    "1988": 6.7,
    "1989": 14.1,
    "1990": 20.6,
    "1991": 23.5,
    "1992": 33.7,
    "1993": 50,
    "1994": 67.1,
    "1995": 92.9,
    "1996": 109,
    "1997": 110.1,
    "1998": 133.5,
    "1999": 156.1,
    "2000": 200.5,
    "2001": 207.8,
    "2002": 239.1,
    "2003": 520.7,
    "2004": 636.9,
    "2005": 697.3,
    "2006": null,
    "2007": null,
    "2008": null,
    "2009": null,
    "2010": null,
    "2011": null,
    "country": "Myanmar",
    "Notes": null
  },
  {
    "1988": 15.8,
    "1989": 15.8,
    "1990": 15.3,
    "1991": 14.3,
    "1992": 16.6,
    "1993": 17.6,
    "1994": 20.4,
    "1995": 24.4,
    "1996": 26.3,
    "1997": 21.6,
    "1998": 16.4,
    "1999": 17.5,
    "2000": 16.6,
    "2001": 13.9,
    "2002": 14.6,
    "2003": 15.5,
    "2004": 14.5,
    "2005": 15.7,
    "2006": 18.1,
    "2007": 22.3,
    "2008": 24.7,
    "2009": 22.6,
    "2010": 25.6,
    "2011": 27.7,
    "country": "Philippines",
    "Notes": 65
  },
  {
    "1988": 429.3,
    "1989": 488.2,
    "1990": 602.8,
    "1991": 654.4,
    "1992": 732.9,
    "1993": 758.6,
    "1994": 831.3,
    "1995": 1058.1,
    "1996": 1139.9,
    "1997": 1194,
    "1998": 1156.8,
    "1999": 1139.8,
    "2000": 1085.1,
    "2001": 1056.2,
    "2002": 1090.3,
    "2003": 1140.7,
    "2004": 1219.4,
    "2005": 1297.8,
    "2006": 1347.5,
    "2007": 1452.8,
    "2008": 1584,
    "2009": 1535.8,
    "2010": 1612.4,
    "2011": 1740.9,
    "country": "Singapore",
    "Notes": null
  },
  {
    "1988": 34.4,
    "1989": 36.3,
    "1990": 40.8,
    "1991": 47.1,
    "1992": 52.8,
    "1993": 55.4,
    "1994": 62.4,
    "1995": 65.6,
    "1996": 66.2,
    "1997": 54.1,
    "1998": 34.5,
    "1999": 33.2,
    "2000": 30,
    "2001": 27.2,
    "2002": 27.9,
    "2003": 29.1,
    "2004": 29.9,
    "2005": 28.4,
    "2006": 31.8,
    "2007": 40.1,
    "2008": 54.2,
    "2009": 63.9,
    "2010": 76,
    "2011": 75,
    "country": "Thailand",
    "Notes": null
  },
  {
    "1988": null,
    "1989": null,
    "1990": null,
    "1991": null,
    "1992": null,
    "1993": null,
    "1994": null,
    "1995": null,
    "1996": null,
    "1997": null,
    "1998": null,
    "1999": null,
    "2000": null,
    "2001": null,
    "2002": null,
    "2003": null,
    "2004": null,
    "2005": 8.8,
    "2006": 17.8,
    "2007": 24,
    "2008": 23.2,
    "2009": 34.9,
    "2010": 24.6,
    "2011": 18.7,
    "country": "Timor Leste",
    "Notes": null
  },
  {
    "1988": 21,
    "1989": 7.2,
    "1990": 7.9,
    "1991": 6.5,
    "1992": 4.9,
    "1993": 4.3,
    "1994": 6.1,
    "1995": null,
    "1996": null,
    "1997": null,
    "1998": null,
    "1999": null,
    "2000": null,
    "2001": null,
    "2002": null,
    "2003": 10.6,
    "2004": 11.4,
    "2005": 12.7,
    "2006": 15.8,
    "2007": 21.5,
    "2008": 25.3,
    "2009": 27.9,
    "2010": 30.7,
    "2011": 30.5,
    "country": "Viet Nam",
    "Notes": null
  },
  {
    "1988": null,
    "1989": null,
    "1990": null,
    "1991": null,
    "1992": null,
    "1993": null,
    "1994": 6.2,
    "1995": 10.5,
    "1996": 14.6,
    "1997": 14.6,
    "1998": 15.3,
    "1999": 9.3,
    "2000": 9.3,
    "2001": 14.3,
    "2002": 15.8,
    "2003": 20.2,
    "2004": 27,
    "2005": 37.2,
    "2006": 49.5,
    "2007": 84.1,
    "2008": 94.3,
    "2009": 77,
    "2010": 89.8,
    "2011": 106.4,
    "country": "Kazakhstan",
    "Notes": null
  },
  {
    "1988": null,
    "1989": null,
    "1990": null,
    "1991": null,
    "1992": null,
    "1993": null,
    "1994": 6.2,
    "1995": 11,
    "1996": 11.5,
    "1997": 11.4,
    "1998": 9,
    "1999": 6.8,
    "2000": 7.9,
    "2001": 7.1,
    "2002": 8.6,
    "2003": 10.7,
    "2004": 12.2,
    "2005": 14.5,
    "2006": 17.1,
    "2007": 21.9,
    "2008": 28,
    "2009": 27.8,
    "2010": 33.9,
    "2011": 38,
    "country": "Kyrgyz Republic",
    "Notes": 52
  },
  {
    "1988": null,
    "1989": null,
    "1990": null,
    "1991": null,
    "1992": 0.2,
    "1993": 4.1,
    "1994": 2.5,
    "1995": 1,
    "1996": 2.2,
    "1997": 3.1,
    "1998": 3.7,
    "1999": 2.4,
    "2000": 1.7,
    "2001": 2,
    "2002": 4,
    "2003": 5.3,
    "2004": 6.7,
    "2005": null,
    "2006": null,
    "2007": null,
    "2008": 7.2,
    "2009": 6.4,
    "2010": 7.1,
    "2011": 9.2,
    "country": "Tajikistan",
    "Notes": null
  },
  {
    "1988": null,
    "1989": null,
    "1990": null,
    "1991": null,
    "1992": null,
    "1993": null,
    "1994": 19.5,
    "1995": 32.6,
    "1996": 11.5,
    "1997": 24.7,
    "1998": 20,
    "1999": 25.2,
    "2000": null,
    "2001": null,
    "2002": null,
    "2003": null,
    "2004": null,
    "2005": null,
    "2006": null,
    "2007": null,
    "2008": null,
    "2009": null,
    "2010": null,
    "2011": null,
    "country": "Turkmenistan",
    "Notes": null
  },
  {
    "1988": null,
    "1989": null,
    "1990": null,
    "1991": null,
    "1992": null,
    "1993": null,
    "1994": 3.9,
    "1995": 5,
    "1996": 7.4,
    "1997": 9.2,
    "1998": null,
    "1999": 10.3,
    "2000": 4.7,
    "2001": 2.4,
    "2002": 1.8,
    "2003": 2.1,
    "2004": null,
    "2005": null,
    "2006": null,
    "2007": null,
    "2008": null,
    "2009": null,
    "2010": null,
    "2011": null,
    "country": "Uzbekistan",
    "Notes": null
  },
  {
    "1988": null,
    "1989": null,
    "1990": null,
    "1991": null,
    "1992": 9.6,
    "1993": 12,
    "1994": 15.2,
    "1995": 15.6,
    "1996": 14.1,
    "1997": 9.2,
    "1998": 10.4,
    "1999": 13.4,
    "2000": 14.3,
    "2001": 16.9,
    "2002": 18.7,
    "2003": 24.4,
    "2004": 32.5,
    "2005": 35.7,
    "2006": 46,
    "2007": 64.2,
    "2008": 85,
    "2009": 61.4,
    "2010": 63.1,
    "2011": 67.7,
    "country": "Albania",
    "Notes": null
  },
  {
    "1988": null,
    "1989": null,
    "1990": null,
    "1991": null,
    "1992": null,
    "1993": null,
    "1994": null,
    "1995": null,
    "1996": null,
    "1997": null,
    "1998": null,
    "1999": null,
    "2000": null,
    "2001": null,
    "2002": 57.5,
    "2003": 48.3,
    "2004": 48,
    "2005": 42.1,
    "2006": 43.7,
    "2007": 48.2,
    "2008": 58.6,
    "2009": 61.9,
    "2010": 57.2,
    "2011": 56.1,
    "country": "Bosnia and Herzegovina",
    "Notes": null
  },
  {
    "1988": null,
    "1989": 230.4,
    "1990": 89.5,
    "1991": 26.5,
    "1992": 29.6,
    "1993": 33.3,
    "1994": 28.7,
    "1995": 37.1,
    "1996": 25.7,
    "1997": 29.6,
    "1998": 39.2,
    "1999": 44.1,
    "2000": 43.7,
    "2001": 51,
    "2002": 57.8,
    "2003": 72.6,
    "2004": 79.8,
    "2005": 86.5,
    "2006": 93.4,
    "2007": 130.1,
    "2008": 153.6,
    "2009": 120.5,
    "2010": 111.5,
    "2011": 102.3,
    "country": "Bulgaria",
    "Notes": null
  },
  {
    "1988": null,
    "1989": null,
    "1990": null,
    "1991": null,
    "1992": 7.5,
    "1993": 121.5,
    "1994": 313.1,
    "1995": 419,
    "1996": 394.2,
    "1997": 371.2,
    "1998": 299.7,
    "1999": 235.9,
    "2000": 153.3,
    "2001": 145.2,
    "2002": 167.5,
    "2003": 165.5,
    "2004": 168.7,
    "2005": 181.9,
    "2006": 191.3,
    "2007": 221,
    "2008": 288.1,
    "2009": 255,
    "2010": 228,
    "2011": 254,
    "country": "Croatia",
    "Notes": 70
  },
  {
    "1988": null,
    "1989": null,
    "1990": null,
    "1991": null,
    "1992": null,
    "1993": 79.1,
    "1994": 90.9,
    "1995": 103.2,
    "1996": 109.1,
    "1997": 96.1,
    "1998": 113.5,
    "1999": 117.5,
    "2000": 113,
    "2001": 115.6,
    "2002": 146,
    "2003": 184.1,
    "2004": 199.2,
    "2005": 237.5,
    "2006": 238.1,
    "2007": 262.4,
    "2008": 281.8,
    "2009": 261.4,
    "2010": 239.2,
    "2011": 236,
    "country": "Czechia",
    "Notes": 71
  },
  {
    "1988": null,
    "1989": null,
    "1990": null,
    "1991": null,
    "1992": null,
    "1993": null,
    "1994": null,
    "1995": null,
    "1996": null,
    "1997": null,
    "1998": null,
    "1999": null,
    "2000": null,
    "2001": null,
    "2002": null,
    "2003": null,
    "2004": null,
    "2005": null,
    "2006": null,
    "2007": null,
    "2008": null,
    "2009": null,
    "2010": null,
    "2011": null,
    "country": "Czechoslovakia",
    "Notes": 72
  },
  {
    "1988": null,
    "1989": null,
    "1990": null,
    "1991": null,
    "1992": null,
    "1993": 8.6,
    "1994": 16.9,
    "1995": 24.8,
    "1996": 28.7,
    "1997": 37.2,
    "1998": 42.3,
    "1999": 52.5,
    "2000": 55.9,
    "2001": 67.3,
    "2002": 88.2,
    "2003": 124.7,
    "2004": 150,
    "2005": 150.5,
    "2006": 174.9,
    "2007": 277,
    "2008": 321.1,
    "2009": 264.5,
    "2010": 249.2,
    "2011": 292.7,
    "country": "Estonia",
    "Notes": null
  },
  {
    "1988": null,
    "1989": null,
    "1990": null,
    "1991": null,
    "1992": null,
    "1993": null,
    "1994": null,
    "1995": null,
    "1996": null,
    "1997": null,
    "1998": null,
    "1999": null,
    "2000": null,
    "2001": null,
    "2002": null,
    "2003": null,
    "2004": null,
    "2005": null,
    "2006": null,
    "2007": null,
    "2008": null,
    "2009": null,
    "2010": null,
    "2011": null,
    "country": "German Democratic Republic",
    "Notes": 74
  },
  {
    "1988": 98.3,
    "1989": 78,
    "1990": 81.6,
    "1991": 69.6,
    "1992": 78.3,
    "1993": 71,
    "1994": 73.2,
    "1995": 59.3,
    "1996": 56.7,
    "1997": 67.6,
    "1998": 60.2,
    "1999": 68.7,
    "2000": 70.2,
    "2001": 83,
    "2002": 106.3,
    "2003": 138.5,
    "2004": 151.8,
    "2005": 158.4,
    "2006": 140.2,
    "2007": 176.9,
    "2008": 186.3,
    "2009": 147.4,
    "2010": 135.2,
    "2011": 147.7,
    "country": "Hungary",
    "Notes": null
  },
  {
    "1988": null,
    "1989": null,
    "1990": null,
    "1991": null,
    "1992": null,
    "1993": null,
    "1994": null,
    "1995": null,
    "1996": null,
    "1997": null,
    "1998": null,
    "1999": null,
    "2000": null,
    "2001": null,
    "2002": null,
    "2003": null,
    "2004": null,
    "2005": null,
    "2006": null,
    "2007": null,
    "2008": 0.5,
    "2009": 15.1,
    "2010": 21.5,
    "2011": 28.5,
    "country": "Kosovo",
    "Notes": null
  },
  {
    "1988": null,
    "1989": null,
    "1990": null,
    "1991": null,
    "1992": null,
    "1993": 6.8,
    "1994": 13.3,
    "1995": 17.4,
    "1996": 15.4,
    "1997": 15.5,
    "1998": 17.4,
    "1999": 23.6,
    "2000": 29.4,
    "2001": 36.9,
    "2002": 63.4,
    "2003": 82.2,
    "2004": 100.7,
    "2005": 121.1,
    "2006": 165,
    "2007": 218,
    "2008": 265.4,
    "2009": 168.2,
    "2010": 122.4,
    "2011": 143.1,
    "country": "Latvia",
    "Notes": null
  },
  {
    "1988": null,
    "1989": null,
    "1990": null,
    "1991": null,
    "1992": null,
    "1993": 5.6,
    "1994": 5.7,
    "1995": 8.4,
    "1996": 11.7,
    "1997": 21.1,
    "1998": 38.8,
    "1999": 30.1,
    "2000": 40,
    "2001": 47.8,
    "2002": 52.5,
    "2003": 61.4,
    "2004": 79.7,
    "2005": 90.6,
    "2006": 106.9,
    "2007": 136,
    "2008": 168.5,
    "2009": 127.1,
    "2010": 103.9,
    "2011": 112.9,
    "country": "Lithuania",
    "Notes": null
  },
  {
    "1988": null,
    "1989": null,
    "1990": null,
    "1991": null,
    "1992": null,
    "1993": null,
    "1994": null,
    "1995": null,
    "1996": 65.2,
    "1997": 41.2,
    "1998": 38.9,
    "1999": 32.4,
    "2000": 34,
    "2001": 109.7,
    "2002": 51.3,
    "2003": 55.7,
    "2004": 64.9,
    "2005": 60.8,
    "2006": 60.3,
    "2007": 77.9,
    "2008": 83.1,
    "2009": 76.9,
    "2010": 63.2,
    "2011": 64.7,
    "country": "North Macedonia",
    "Notes": null
  },
  {
    "1988": null,
    "1989": null,
    "1990": null,
    "1991": null,
    "1992": null,
    "1993": null,
    "1994": null,
    "1995": null,
    "1996": null,
    "1997": null,
    "1998": null,
    "1999": null,
    "2000": null,
    "2001": null,
    "2002": null,
    "2003": null,
    "2004": null,
    "2005": 95.9,
    "2006": 98.3,
    "2007": 101.2,
    "2008": 134.4,
    "2009": 121.1,
    "2010": 118.8,
    "2011": 125.6,
    "country": "Montenegro",
    "Notes": 76
  },
  {
    "1988": 47.2,
    "1989": 39.4,
    "1990": 40.5,
    "1991": 45.2,
    "1992": 49.3,
    "1993": 55.5,
    "1994": 58.8,
    "1995": 70.9,
    "1996": 80.4,
    "1997": 83.2,
    "1998": 91.1,
    "1999": 84.2,
    "2000": 82.2,
    "2001": 94.9,
    "2002": 98.7,
    "2003": 108.6,
    "2004": 125.1,
    "2005": 154.6,
    "2006": 173.7,
    "2007": 225.8,
    "2008": 246,
    "2009": 208,
    "2010": 231.2,
    "2011": 247.7,
    "country": "Poland",
    "Notes": 78
  },
  {
    "1988": 110.8,
    "1989": 112.6,
    "1990": 75.9,
    "1991": 60,
    "1992": 36.2,
    "1993": 31.6,
    "1994": 41.1,
    "1995": 43.3,
    "1996": 38.7,
    "1997": 47.8,
    "1998": 56.1,
    "1999": 43,
    "2000": 42.3,
    "2001": 44.8,
    "2002": 48.3,
    "2003": 57.7,
    "2004": 71.2,
    "2005": 92.7,
    "2006": 106.6,
    "2007": 124.5,
    "2008": 144.3,
    "2009": 107.8,
    "2010": 101.7,
    "2011": 116.9,
    "country": "Romania",
    "Notes": null
  },
  {
    "1988": null,
    "1989": null,
    "1990": null,
    "1991": null,
    "1992": null,
    "1993": null,
    "1994": null,
    "1995": null,
    "1996": null,
    "1997": 117.2,
    "1998": 82.5,
    "1999": 95.1,
    "2000": 43.7,
    "2001": 64.4,
    "2002": 88.9,
    "2003": 96.1,
    "2004": 97.5,
    "2005": 83.3,
    "2006": 93.7,
    "2007": 129.6,
    "2008": 148.8,
    "2009": 131,
    "2010": 117.7,
    "2011": 133.7,
    "country": "Serbia",
    "Notes": 79
  },
  {
    "1988": null,
    "1989": null,
    "1990": null,
    "1991": null,
    "1992": null,
    "1993": 50.2,
    "1994": 56.2,
    "1995": 117.7,
    "1996": 119.7,
    "1997": 93.1,
    "1998": 74,
    "1999": 60.8,
    "2000": 63.6,
    "2001": 73.2,
    "2002": 81.8,
    "2003": 116.1,
    "2004": 132.3,
    "2005": 153.1,
    "2006": 169.5,
    "2007": 211.9,
    "2008": 262.5,
    "2009": 250.9,
    "2010": 211.1,
    "2011": 197.4,
    "country": "Slovakia",
    "Notes": null
  },
  {
    "1988": null,
    "1989": null,
    "1990": null,
    "1991": null,
    "1992": 140.8,
    "1993": 115.6,
    "1994": 119.7,
    "1995": 168.3,
    "1996": 166,
    "1997": 146.5,
    "1998": 151.9,
    "1999": 139,
    "2000": 112,
    "2001": 136.6,
    "2002": 164.2,
    "2003": 209.3,
    "2004": 247.4,
    "2005": 257.9,
    "2006": 304.4,
    "2007": 345.3,
    "2008": 410.2,
    "2009": 393.9,
    "2010": 377.9,
    "2011": 325.4,
    "country": "Slovenia",
    "Notes": null
  },
  {
    "1988": null,
    "1989": null,
    "1990": null,
    "1991": null,
    "1992": null,
    "1993": null,
    "1994": null,
    "1995": null,
    "1996": null,
    "1997": null,
    "1998": null,
    "1999": null,
    "2000": null,
    "2001": null,
    "2002": null,
    "2003": null,
    "2004": null,
    "2005": null,
    "2006": null,
    "2007": null,
    "2008": null,
    "2009": null,
    "2010": null,
    "2011": null,
    "country": "Yugoslavia",
    "Notes": 80
  },
  {
    "1988": null,
    "1989": null,
    "1990": null,
    "1991": null,
    "1992": null,
    "1993": 2.8,
    "1994": null,
    "1995": 15.7,
    "1996": 15.9,
    "1997": 19.6,
    "1998": 20.7,
    "1999": 21.4,
    "2000": 21.6,
    "2001": 21.3,
    "2002": 20.9,
    "2003": 25.1,
    "2004": 32.4,
    "2005": 46.7,
    "2006": 62.8,
    "2007": 93.9,
    "2008": 133.5,
    "2009": 121.7,
    "2010": 134.4,
    "2011": 133.7,
    "country": "Armenia",
    "Notes": null
  },
  {
    "1988": null,
    "1989": null,
    "1990": null,
    "1991": null,
    "1992": 1.5,
    "1993": 10.4,
    "1994": 5.8,
    "1995": 8.6,
    "1996": 9.2,
    "1997": 11.7,
    "1998": 13.4,
    "1999": 14.9,
    "2000": 14.7,
    "2001": 16.1,
    "2002": 16.9,
    "2003": 21.1,
    "2004": 27.1,
    "2005": 35.6,
    "2006": 82.9,
    "2007": 107.9,
    "2008": 180.9,
    "2009": 163.7,
    "2010": 162.4,
    "2011": 334.8,
    "country": "Azerbaijan",
    "Notes": null
  },
  {
    "1988": null,
    "1989": null,
    "1990": null,
    "1991": null,
    "1992": null,
    "1993": null,
    "1994": null,
    "1995": 17.5,
    "1996": 18,
    "1997": 24.6,
    "1998": 22.5,
    "1999": 16.5,
    "2000": 14,
    "2001": 17.8,
    "2002": 20.6,
    "2003": 23.5,
    "2004": 32.2,
    "2005": 46.7,
    "2006": 65.6,
    "2007": 78,
    "2008": 92.5,
    "2009": 71,
    "2010": 80.8,
    "2011": 79.8,
    "country": "Belarus",
    "Notes": null
  },
  {
    "1988": null,
    "1989": null,
    "1990": null,
    "1991": null,
    "1992": null,
    "1993": null,
    "1994": null,
    "1995": null,
    "1996": 13.9,
    "1997": 9.3,
    "1998": 8.9,
    "1999": 5.7,
    "2000": 4.3,
    "2001": 5.6,
    "2002": 8.2,
    "2003": 10.4,
    "2004": 17.3,
    "2005": 53,
    "2006": 100.8,
    "2007": 234,
    "2008": 275.8,
    "2009": 153.6,
    "2010": 116.2,
    "2011": 120.7,
    "country": "Georgia",
    "Notes": null
  },
  {
    "1988": null,
    "1989": null,
    "1990": null,
    "1991": null,
    "1992": null,
    "1993": null,
    "1994": null,
    "1995": 3,
    "1996": 3.5,
    "1997": 4,
    "1998": 2.4,
    "1999": 1.4,
    "2000": 1.2,
    "2001": 1.4,
    "2002": 1.7,
    "2003": 2,
    "2004": 2.3,
    "2005": 3,
    "2006": 4.2,
    "2007": 5.8,
    "2008": 9.7,
    "2009": 6.7,
    "2010": 5,
    "2011": 6.4,
    "country": "Moldova",
    "Notes": null
  },
  {
    "1988": null,
    "1989": null,
    "1990": null,
    "1991": null,
    "1992": null,
    "1993": 52.4,
    "1994": 91.5,
    "1995": 85.9,
    "1996": 106.8,
    "1997": 118.8,
    "1998": 53.8,
    "1999": 43.8,
    "2000": 62.8,
    "2001": 79.8,
    "2002": 95.7,
    "2003": 116.2,
    "2004": 144.1,
    "2005": 188.7,
    "2006": 239.2,
    "2007": 302.5,
    "2008": 390.7,
    "2009": 358.3,
    "2010": 408,
    "2011": 487.9,
    "country": "Russia",
    "Notes": 83
  },
  {
    "1988": null,
    "1989": null,
    "1990": null,
    "1991": null,
    "1992": null,
    "1993": 2.9,
    "1994": 17.6,
    "1995": 20.2,
    "1996": 28.5,
    "1997": 40.6,
    "1998": 27.8,
    "1999": 18.8,
    "2000": 22.8,
    "2001": 22.1,
    "2002": 24.1,
    "2003": 29.5,
    "2004": 35,
    "2005": 50.3,
    "2006": 63.1,
    "2007": 86.8,
    "2008": 102.5,
    "2009": 73.9,
    "2010": 80.1,
    "2011": 79.5,
    "country": "Ukraine",
    "Notes": 84
  },
  {
    "1988": null,
    "1989": null,
    "1990": null,
    "1991": null,
    "1992": null,
    "1993": null,
    "1994": null,
    "1995": null,
    "1996": null,
    "1997": null,
    "1998": null,
    "1999": null,
    "2000": null,
    "2001": null,
    "2002": null,
    "2003": null,
    "2004": null,
    "2005": null,
    "2006": null,
    "2007": null,
    "2008": null,
    "2009": null,
    "2010": null,
    "2011": null,
    "country": "USSR",
    "Notes": null
  },
  {
    "1988": 226.2,
    "1989": 213.8,
    "1990": 258,
    "1991": 258.5,
    "1992": 274.3,
    "1993": 268.3,
    "1994": 280.9,
    "1995": 321.9,
    "1996": 309,
    "1997": 271.7,
    "1998": 270.9,
    "1999": 266.1,
    "2000": 240.6,
    "2001": 223,
    "2002": 233.4,
    "2003": 294,
    "2004": 329,
    "2005": 327.5,
    "2006": 319.8,
    "2007": 422.5,
    "2008": 450.9,
    "2009": 400,
    "2010": 385.3,
    "2011": 407,
    "country": "Austria",
    "Notes": null
  },
  {
    "1988": 413.6,
    "1989": 391,
    "1990": 466.9,
    "1991": 463.6,
    "1992": 412.2,
    "1993": 372,
    "1994": 390.5,
    "1995": 439.1,
    "1996": 418.2,
    "1997": 362.2,
    "1998": 359.5,
    "1999": 352.3,
    "2000": 311.6,
    "2001": 295.8,
    "2002": 305.3,
    "2003": 374.2,
    "2004": 410,
    "2005": 404.8,
    "2006": 409.8,
    "2007": 487.9,
    "2008": 590.3,
    "2009": 522.7,
    "2010": 482.4,
    "2011": 499.9,
    "country": "Belgium",
    "Notes": null
  },
  {
    "1988": 320.4,
    "1989": 317.4,
    "1990": 525.4,
    "1991": 526.9,
    "1992": 783.7,
    "1993": 328.4,
    "1994": 357,
    "1995": 349.9,
    "1996": 513.8,
    "1997": 600.8,
    "1998": 533.9,
    "1999": 314.2,
    "2000": 299.1,
    "2001": 342.7,
    "2002": 249.5,
    "2003": 291.3,
    "2004": 335.5,
    "2005": 370.9,
    "2006": 371,
    "2007": 380.8,
    "2008": 419.4,
    "2009": 428.5,
    "2010": 426.8,
    "2011": 421.9,
    "country": "Cyprus",
    "Notes": null
  },
  {
    "1988": 452.4,
    "1989": 425.7,
    "1990": 516,
    "1991": 519.1,
    "1992": 549.7,
    "1993": 517.7,
    "1994": 523.1,
    "1995": 597.8,
    "1996": 587.7,
    "1997": 531.6,
    "1998": 537.5,
    "1999": 524.1,
    "2000": 448.9,
    "2001": 472.1,
    "2002": 501.9,
    "2003": 594.2,
    "2004": 663,
    "2005": 641,
    "2006": 717.9,
    "2007": 766.6,
    "2008": 874.4,
    "2009": 786.9,
    "2010": 813.6,
    "2011": 812.5,
    "country": "Denmark",
    "Notes": null
  },
  {
    "1988": 345.1,
    "1989": 356.5,
    "1990": 430.4,
    "1991": 440.3,
    "1992": 412.8,
    "1993": 319.6,
    "1994": 345.9,
    "1995": 374.4,
    "1996": 395.1,
    "1997": 379.4,
    "1998": 380.7,
    "1999": 320.5,
    "2000": 301.3,
    "2001": 285.5,
    "2002": 310.2,
    "2003": 475.4,
    "2004": 554.2,
    "2005": 572.7,
    "2006": 595.2,
    "2007": 624.7,
    "2008": 746.8,
    "2009": 739.9,
    "2010": 694.7,
    "2011": 762.7,
    "country": "Finland",
    "Notes": 85
  },
  {
    "1988": 539.6,
    "1989": 524.8,
    "1990": 629.3,
    "1991": 627.8,
    "1992": 660.2,
    "1993": 620,
    "1994": 644,
    "1995": 690.6,
    "1996": 668.7,
    "1997": 593.4,
    "1998": 573.3,
    "1999": 554.8,
    "2000": 479.2,
    "2001": 468.3,
    "2002": 508.6,
    "2003": 637.1,
    "2004": 730.6,
    "2005": 723.7,
    "2006": 740.4,
    "2007": 814.1,
    "2008": 884.3,
    "2009": 896.6,
    "2010": 822.7,
    "2011": 851.3,
    "country": "France",
    "Notes": 101
  },
  {
    "1988": 420.9,
    "1989": 400.4,
    "1990": 499.5,
    "1991": 462.6,
    "1992": 488,
    "1993": 428.9,
    "1994": 416.8,
    "1995": 471,
    "1996": 444.6,
    "1997": 377.9,
    "1998": 376.8,
    "1999": 374.3,
    "2000": 322.6,
    "2001": 314,
    "2002": 335.1,
    "2003": 400,
    "2004": 433.7,
    "2005": 434.4,
    "2006": 437.5,
    "2007": 492.8,
    "2008": 555.3,
    "2009": 549.7,
    "2010": 532.1,
    "2011": 558.9,
    "country": "Germany",
    "Notes": null
  },
  {
    "1988": 270.8,
    "1989": 251,
    "1990": 311.9,
    "1991": 306.1,
    "1992": 350.6,
    "1993": 323.9,
    "1994": 343.6,
    "1995": 398.3,
    "1996": 437.5,
    "1997": 431.7,
    "1998": 453,
    "1999": 468.4,
    "2000": 424.4,
    "2001": 409.6,
    "2002": 435.3,
    "2003": 461.8,
    "2004": 573.3,
    "2005": 641.1,
    "2006": 691.6,
    "2007": 773.5,
    "2008": 956.2,
    "2009": 959.1,
    "2010": 734.1,
    "2011": 640.6,
    "country": "Greece",
    "Notes": null
  },
  {
    "1988": null,
    "1989": null,
    "1990": null,
    "1991": null,
    "1992": null,
    "1993": null,
    "1994": null,
    "1995": null,
    "1996": null,
    "1997": null,
    "1998": null,
    "1999": null,
    "2000": null,
    "2001": null,
    "2002": null,
    "2003": null,
    "2004": null,
    "2005": null,
    "2006": null,
    "2007": null,
    "2008": null,
    "2009": null,
    "2010": null,
    "2011": null,
    "country": "Iceland",
    "Notes": 86
  },
  {
    "1988": 128.3,
    "1989": 123.5,
    "1990": 169.4,
    "1991": 177.5,
    "1992": 190,
    "1993": 167.5,
    "1994": 176.9,
    "1995": 195.2,
    "1996": 207.2,
    "1997": 209.5,
    "1998": 201.1,
    "1999": 198.7,
    "2000": 184,
    "2001": 200.5,
    "2002": 208.2,
    "2003": 243.7,
    "2004": 273.8,
    "2005": 278.8,
    "2006": 283.2,
    "2007": 316.6,
    "2008": 355.5,
    "2009": 313.3,
    "2010": 280.1,
    "2011": 284.5,
    "country": "Ireland",
    "Notes": null
  },
  {
    "1988": 305.8,
    "1989": 310.4,
    "1990": 363.8,
    "1991": 378.3,
    "1992": 388.5,
    "1993": 319.1,
    "1994": 315.9,
    "1995": 298.1,
    "1996": 363.9,
    "1997": 352.5,
    "1998": 364.1,
    "1999": 367.2,
    "2000": 347.2,
    "2001": 340.7,
    "2002": 377,
    "2003": 466.3,
    "2004": 522.1,
    "2005": 509.2,
    "2006": 505.3,
    "2007": 543.3,
    "2008": 620.7,
    "2009": 569.7,
    "2010": 533.4,
    "2011": 561.1,
    "country": "Italy",
    "Notes": 87
  },
  {
    "1988": 208.9,
    "1989": 182.5,
    "1990": 230.5,
    "1991": 253.5,
    "1992": 286.2,
    "1993": 247.2,
    "1994": 284.6,
    "1995": 317.3,
    "1996": 311,
    "1997": 291.2,
    "1998": 306.4,
    "1999": 297.5,
    "2000": 267.2,
    "2001": 329.6,
    "2002": 312.1,
    "2003": 399.7,
    "2004": 466,
    "2005": 477.7,
    "2006": 476.1,
    "2007": 542.9,
    "2008": 441.9,
    "2009": 407.8,
    "2010": 492.4,
    "2011": 453.4,
    "country": "Luxembourg",
    "Notes": 88
  },
  {
    "1988": 62.2,
    "1989": 58.7,
    "1990": 57.8,
    "1991": 58.8,
    "1992": 71.6,
    "1993": 65.4,
    "1994": 73.3,
    "1995": 81.3,
    "1996": 86.3,
    "1997": 80.1,
    "1998": 74.2,
    "1999": 70.9,
    "2000": 63.7,
    "2001": 67.6,
    "2002": 70.3,
    "2003": 83.8,
    "2004": 98.8,
    "2005": 127.4,
    "2006": 107.1,
    "2007": 118.4,
    "2008": 134,
    "2009": 140.7,
    "2010": 139.2,
    "2011": 131.8,
    "country": "Malta",
    "Notes": null
  },
  {
    "1988": 455.3,
    "1989": 430.2,
    "1990": 495.8,
    "1991": 480.1,
    "1992": 519.5,
    "1993": 460,
    "1994": 462.2,
    "1995": 515.9,
    "1996": 501.8,
    "1997": 436.2,
    "1998": 433.5,
    "1999": 442.3,
    "2000": 373.4,
    "2001": 384.6,
    "2002": 414.2,
    "2003": 511.6,
    "2004": 571.7,
    "2005": 581.6,
    "2006": 620,
    "2007": 695.5,
    "2008": 747.5,
    "2009": 729.2,
    "2010": 670.7,
    "2011": 692.8,
    "country": "Netherlands",
    "Notes": null
  },
  {
    "1988": 689.6,
    "1989": 694.8,
    "1990": 802,
    "1991": 773.5,
    "1992": 890.2,
    "1993": 738.7,
    "1994": 786.9,
    "1995": 806.8,
    "1996": 809.4,
    "1997": 740.5,
    "1998": 752.8,
    "1999": 744.5,
    "2000": 652.6,
    "2001": 658.7,
    "2002": 898.7,
    "2003": 992.4,
    "2004": 1067.8,
    "2005": 1060.6,
    "2006": 1080.1,
    "2007": 1255.1,
    "2008": 1344.9,
    "2009": 1291,
    "2010": 1337.7,
    "2011": 1470,
    "country": "Norway",
    "Notes": null
  },
  {
    "1988": 101.7,
    "1989": 110,
    "1990": 141.6,
    "1991": 160.1,
    "1992": 192.1,
    "1993": 166.2,
    "1994": 164.5,
    "1995": 201.3,
    "1996": 195.5,
    "1997": 178.8,
    "1998": 174.1,
    "1999": 178.4,
    "2000": 162.5,
    "2001": 170.1,
    "2002": 189.2,
    "2003": 226.4,
    "2004": 271.9,
    "2005": 299.5,
    "2006": 300,
    "2007": 314.1,
    "2008": 351.8,
    "2009": 353.7,
    "2010": 334.5,
    "2011": 345.3,
    "country": "Portugal",
    "Notes": null
  },
  {
    "1988": 228.8,
    "1989": 238.6,
    "1990": 299.4,
    "1991": 298.7,
    "1992": 311.7,
    "1993": 253.9,
    "1994": 253.9,
    "1995": 286.3,
    "1996": 281.3,
    "1997": 244.6,
    "1998": 255,
    "1999": 273,
    "2000": 251.1,
    "2001": 248.5,
    "2002": 248.3,
    "2003": 305.6,
    "2004": 356.1,
    "2005": 366.9,
    "2006": 389.3,
    "2007": 445.1,
    "2008": 483.7,
    "2009": 433.8,
    "2010": 421.6,
    "2011": 419.7,
    "country": "Spain",
    "Notes": 89
  },
  {
    "1988": 552.9,
    "1989": 576.9,
    "1990": 693.5,
    "1991": 684.4,
    "1992": 710.5,
    "1993": 546.8,
    "1994": 551,
    "1995": 527.8,
    "1996": 486.8,
    "1997": 575,
    "1998": 569.2,
    "1999": 573.8,
    "2000": 537.7,
    "2001": 482.2,
    "2002": 488.8,
    "2003": 593.4,
    "2004": 614.4,
    "2005": 612.3,
    "2006": 616.4,
    "2007": 700.8,
    "2008": 656.1,
    "2009": 546.9,
    "2010": 630.1,
    "2011": 671.7,
    "country": "Sweden",
    "Notes": null
  },
  {
    "1988": 498.9,
    "1989": 465.5,
    "1990": 607.7,
    "1991": 594.9,
    "1992": 604.8,
    "1993": 522.8,
    "1994": 559.6,
    "1995": 661.8,
    "1996": 600.3,
    "1997": 494,
    "1998": 492.4,
    "1999": 441.7,
    "2000": 390.9,
    "2001": 383.6,
    "2002": 397.7,
    "2003": 447.5,
    "2004": 476.1,
    "2005": 470.3,
    "2006": 446.6,
    "2007": 469.8,
    "2008": 540.1,
    "2009": 527,
    "2010": 529,
    "2011": 631.8,
    "country": "Switzerland",
    "Notes": null
  },
  {
    "1988": 673.5,
    "1989": 656,
    "1990": 760.4,
    "1991": 818.6,
    "1992": 791,
    "1993": 659.4,
    "1994": 665.9,
    "1995": 659.3,
    "1996": 662.4,
    "1997": 683.4,
    "1998": 704.4,
    "1999": 694,
    "2000": 667.4,
    "2001": 667.8,
    "2002": 744.8,
    "2003": 877.2,
    "2004": 1004.7,
    "2005": 1021.2,
    "2006": 1055.9,
    "2007": 1198.5,
    "2008": 1180.1,
    "2009": 1028,
    "2010": 1019.6,
    "2011": 1052.2,
    "country": "United Kingdom",
    "Notes": 91
  },
  {
    "1988": null,
    "1989": null,
    "1990": null,
    "1991": null,
    "1992": null,
    "1993": null,
    "1994": null,
    "1995": null,
    "1996": null,
    "1997": null,
    "1998": null,
    "1999": null,
    "2000": null,
    "2001": null,
    "2002": null,
    "2003": null,
    "2004": null,
    "2005": null,
    "2006": null,
    "2007": null,
    "2008": null,
    "2009": null,
    "2010": null,
    "2011": null,
    "country": "European Union",
    "Notes": null
  },
  {
    "1988": 440.4,
    "1989": 446,
    "1990": 473,
    "1991": 502.5,
    "1992": 517.1,
    "1993": 503.2,
    "1994": 499.3,
    "1995": 517.4,
    "1996": 535.5,
    "1997": 522.4,
    "1998": 521.8,
    "1999": 563.2,
    "2000": 542.4,
    "2001": 550,
    "2002": 614.3,
    "2003": 660.6,
    "2004": 632.5,
    "2005": 569.1,
    "2006": 596.3,
    "2007": 626.3,
    "2008": 661.1,
    "2009": 718.9,
    "2010": 693.7,
    "2011": 852.7,
    "country": "Bahrain",
    "Notes": 8
  },
  {
    "1988": 81.8,
    "1989": 62.8,
    "1990": 39.3,
    "1991": 22.7,
    "1992": 23.3,
    "1993": 24.5,
    "1994": 27,
    "1995": 30,
    "1996": 31.9,
    "1997": 33.5,
    "1998": 34.3,
    "1999": 34.6,
    "2000": 36.3,
    "2001": 38.4,
    "2002": 38.5,
    "2003": 30.9,
    "2004": 30.1,
    "2005": 33.1,
    "2006": 36,
    "2007": 39.6,
    "2008": 44.4,
    "2009": 46.4,
    "2010": 49.9,
    "2011": 49.6,
    "country": "Egypt",
    "Notes": null
  },
  {
    "1988": 348.2,
    "1989": 291.7,
    "1990": 286.4,
    "1991": 296.2,
    "1992": 324.9,
    "1993": 23.5,
    "1994": 27.8,
    "1995": 40.4,
    "1996": 56.8,
    "1997": 73.4,
    "1998": 85.5,
    "1999": 102.3,
    "2000": 126.4,
    "2001": 155.1,
    "2002": 47.7,
    "2003": 54.6,
    "2004": 75.5,
    "2005": 95.7,
    "2006": 120.5,
    "2007": 125.8,
    "2008": 147.7,
    "2009": 165.6,
    "2010": 176.3,
    "2011": 183.3,
    "country": "Iran",
    "Notes": 92
  },
  {
    "1988": null,
    "1989": null,
    "1990": null,
    "1991": null,
    "1992": null,
    "1993": null,
    "1994": null,
    "1995": null,
    "1996": null,
    "1997": null,
    "1998": null,
    "1999": null,
    "2000": null,
    "2001": null,
    "2002": null,
    "2003": null,
    "2004": 22.6,
    "2005": 40,
    "2006": 42.9,
    "2007": 70,
    "2008": 109.8,
    "2009": 109.5,
    "2010": 122.9,
    "2011": 135.6,
    "country": "Iraq",
    "Notes": null
  },
  {
    "1988": 1638.1,
    "1989": 1278.7,
    "1990": 1476.4,
    "1991": 2000.4,
    "1992": 1495,
    "1993": 1543.5,
    "1994": 1509.5,
    "1995": 1503.8,
    "1996": 1566.7,
    "1997": 1539.4,
    "1998": 1415.6,
    "1999": 1305.7,
    "2000": 1380.8,
    "2001": 1373.7,
    "2002": 1261.1,
    "2003": 1275.8,
    "2004": 1312,
    "2005": 1337.4,
    "2006": 1372.9,
    "2007": 1648.9,
    "2008": 1965.8,
    "2009": 1785.6,
    "2010": 1908.8,
    "2011": 2039.2,
    "country": "Israel",
    "Notes": 94
  },
  {
    "1988": 188.5,
    "1989": 117.2,
    "1990": 94,
    "1991": 113.7,
    "1992": 91.5,
    "1993": 92.3,
    "1994": 91.5,
    "1995": 64.3,
    "1996": 86.3,
    "1997": 89.1,
    "1998": 97.2,
    "1999": 98.1,
    "2000": 99.3,
    "2001": 97.2,
    "2002": 93.9,
    "2003": 107.8,
    "2004": 101,
    "2005": 101.3,
    "2006": 115,
    "2007": 152.9,
    "2008": 196.8,
    "2009": 221.6,
    "2010": 216.2,
    "2011": 215.9,
    "country": "Jordan",
    "Notes": null
  },
  {
    "1988": 813.8,
    "1989": 954.7,
    "1990": 3967,
    "1991": 11643.6,
    "1992": 3964.9,
    "1993": 1777,
    "1994": 1977.2,
    "1995": 2221.7,
    "1996": 1905.6,
    "1997": 1395.3,
    "1998": 1256.7,
    "1999": 1221.3,
    "2000": 1398.9,
    "2001": 1355.1,
    "2002": 1387.2,
    "2003": 1501.6,
    "2004": 1616.7,
    "2005": 1609.8,
    "2006": 1569,
    "2007": 1689.5,
    "2008": 1717.2,
    "2009": 1545.7,
    "2010": 1511.6,
    "2011": 1786.5,
    "country": "Kuwait",
    "Notes": 95
  },
  {
    "1988": 11.5,
    "1989": null,
    "1990": 60.2,
    "1991": 63.2,
    "1992": 119.4,
    "1993": 119.6,
    "1994": 165.3,
    "1995": 190.2,
    "1996": 184,
    "1997": 166.5,
    "1998": 167.4,
    "1999": 196.7,
    "2000": 216.6,
    "2001": 219.5,
    "2002": 204.5,
    "2003": 205.7,
    "2004": 209.2,
    "2005": 207.6,
    "2006": 214.4,
    "2007": 240.2,
    "2008": 239.1,
    "2009": 287.6,
    "2010": 315.5,
    "2011": 321.6,
    "country": "Lebanon",
    "Notes": null
  },
  {
    "1988": 743.6,
    "1989": 717.8,
    "1990": 841.8,
    "1991": 694,
    "1992": 800.6,
    "1993": 726.9,
    "1994": 737.2,
    "1995": 720.2,
    "1996": 671.9,
    "1997": 681.7,
    "1998": 597.3,
    "1999": 598.9,
    "2000": 695.4,
    "2001": 792.6,
    "2002": 804,
    "2003": 838,
    "2004": 938.4,
    "2005": 1126.2,
    "2006": 1215.4,
    "2007": 1276.4,
    "2008": 1332.7,
    "2009": 1268.4,
    "2010": 1352.8,
    "2011": 1785.3,
    "country": "Oman",
    "Notes": null
  },
  {
    "1988": 2432.1,
    "1989": 2029.8,
    "1990": 1826.3,
    "1991": 2003.7,
    "1992": null,
    "1993": null,
    "1994": null,
    "1995": null,
    "1996": null,
    "1997": null,
    "1998": null,
    "1999": null,
    "2000": null,
    "2001": null,
    "2002": 1096.5,
    "2003": 1077.8,
    "2004": 1014.9,
    "2005": 1130.6,
    "2006": 1230.6,
    "2007": 1446.5,
    "2008": 1733.4,
    "2009": 1284.3,
    "2010": 1134,
    "2011": null,
    "country": "Qatar",
    "Notes": null
  },
  {
    "1988": 1423.1,
    "1989": 1291.3,
    "1990": 1575.2,
    "1991": 1500.6,
    "1992": 1344.7,
    "1993": 1376.6,
    "1994": 1144.1,
    "1995": 1013.9,
    "1996": 983.8,
    "1997": 1285.4,
    "1998": 1424.3,
    "1999": 1205.5,
    "2000": 1267.8,
    "2001": 1266.1,
    "2002": 1058.8,
    "2003": 1021.8,
    "2004": 1087.6,
    "2005": 1262.5,
    "2006": 1408.1,
    "2007": 1618.8,
    "2008": 1674.6,
    "2009": 1737.6,
    "2010": 1832.9,
    "2011": 1893.6,
    "country": "Saudi Arabia",
    "Notes": 97
  },
  {
    "1988": 321.4,
    "1989": 123.8,
    "1990": 132.6,
    "1991": 226.4,
    "1992": 225.8,
    "1993": 104.9,
    "1994": 116.9,
    "1995": 66.4,
    "1996": 67.2,
    "1997": 68.8,
    "1998": 70.2,
    "1999": 70.4,
    "2000": 54.6,
    "2001": 60.7,
    "2002": 63.9,
    "2003": 81.2,
    "2004": 76.7,
    "2005": 78.1,
    "2006": 75.3,
    "2007": 79.1,
    "2008": 80.4,
    "2009": 100.4,
    "2010": 105.5,
    "2011": 109.7,
    "country": "Syria",
    "Notes": null
  },
  {
    "1988": null,
    "1989": null,
    "1990": null,
    "1991": null,
    "1992": null,
    "1993": null,
    "1994": null,
    "1995": null,
    "1996": null,
    "1997": null,
    "1998": null,
    "1999": null,
    "2000": null,
    "2001": null,
    "2002": null,
    "2003": null,
    "2004": null,
    "2005": null,
    "2006": null,
    "2007": null,
    "2008": null,
    "2009": null,
    "2010": null,
    "2011": null,
    "country": "Türkiye",
    "Notes": null
  },
  {
    "1988": null,
    "1989": null,
    "1990": null,
    "1991": null,
    "1992": null,
    "1993": null,
    "1994": null,
    "1995": null,
    "1996": null,
    "1997": 1232.3,
    "1998": 1369.7,
    "1999": 1342.6,
    "2000": 1738.9,
    "2001": 1607,
    "2002": 1394.7,
    "2003": 1432.2,
    "2004": 1581.3,
    "2005": 1452.4,
    "2006": 1498.4,
    "2007": 1615.9,
    "2008": 1924.4,
    "2009": 2099,
    "2010": 2565.9,
    "2011": 2718.9,
    "country": "United Arab Emirates",
    "Notes": null
  },
  {
    "1988": null,
    "1989": null,
    "1990": null,
    "1991": null,
    "1992": null,
    "1993": null,
    "1994": null,
    "1995": null,
    "1996": null,
    "1997": null,
    "1998": null,
    "1999": null,
    "2000": null,
    "2001": null,
    "2002": null,
    "2003": null,
    "2004": null,
    "2005": null,
    "2006": null,
    "2007": null,
    "2008": null,
    "2009": null,
    "2010": null,
    "2011": null,
    "country": "Yemen, North",
    "Notes": null
  },
  {
    "1988": null,
    "1989": null,
    "1990": 59.3,
    "1991": 72.6,
    "1992": 88.9,
    "1993": 100.5,
    "1994": 148.4,
    "1995": 49,
    "1996": 24.4,
    "1997": 22.6,
    "1998": 21.2,
    "1999": 21.1,
    "2000": 24.5,
    "2001": 27.1,
    "2002": 35.9,
    "2003": 38.2,
    "2004": 33.8,
    "2005": 36.4,
    "2006": 35.5,
    "2007": 43.9,
    "2008": 48.4,
    "2009": 55.7,
    "2010": 55,
    "2011": 59.3,
    "country": "Yemen",
    "Notes": null
  }
]