[
  {
    "1988": null,
    "1989": null,
    "1990": 5.78,
    "1991": 4.04,
    "1992": 6.99,
    "1993": 7.09,
    "1994": 9.37,
    "1995": 9.35,
    "1996": 10.6,
    "1997": 11.75,
    "1998": 12.72,
    "1999": 11.72,
    "2000": 12.01,
    "2001": 12.1,
    "2002": 10.51,
    "2003": 11.11,
    "2004": 11.26,
    "2005": 9.81,
    "2006": 9.03,
    "2007": 8.36,
    "2008": 7.69,
    "2009": 8.76,
    "2010": 9.09,
    "country": "Algeria",
    "Notes": null,
    "Reporting year": null
  },
  {
    "1988": null,
    "1989": null,
    "1990": null,
    "1991": null,
    "1992": null,
    "1993": null,
    "1994": null,
    "1995": null,
    "1996": null,
    "1997": 11.69,
    "1998": 14.21,
    "1999": 11.53,
    "2000": 10.27,
    "2001": 6.3,
    "2002": 5.24,
    "2003": 4.84,
    "2004": 4.9,
    "2005": 5.02,
    "2006": 3.59,
    "2007": 2.81,
    "2008": 3.09,
    "2009": null,
    "2010": null,
    "country": "Libya",
    "Notes": null,
    "Reporting year": null
  },
  {
    "1988": null,
    "1989": null,
    "1990": 14.5,
    "1991": 15.8,
    "1992": 15.11,
    "1993": 15.81,
    "1994": 16.3,
    "1995": 16,
    "1996": 17.61,
    "1997": 17.78,
    "1998": 17.03,
    "1999": 12.14,
    "2000": 10.9,
    "2001": 14.53,
    "2002": 12.5,
    "2003": 13.4,
    "2004": 12.27,
    "2005": 10.51,
    "2006": 11.06,
    "2007": 10.65,
    "2008": 10.41,
    "2009": 10.81,
    "2010": 10.91,
    "country": "Morocco",
    "Notes": null,
    "Reporting year": null
  },
  {
    "1988": null,
    "1989": null,
    "1990": null,
    "1991": 6.33,
    "1992": 6.33,
    "1993": 6.19,
    "1994": 6.4,
    "1995": 6.26,
    "1996": 6.67,
    "1997": 6.71,
    "1998": 6.62,
    "1999": 6.18,
    "2000": 6.14,
    "2001": 6.05,
    "2002": 5.9,
    "2003": 6.03,
    "2004": 5.91,
    "2005": 6.01,
    "2006": 6.03,
    "2007": 5.15,
    "2008": 5.2,
    "2009": 5.03,
    "2010": 5.15,
    "country": "Tunisia",
    "Notes": null,
    "Reporting year": null
  },
  {
    "1988": null,
    "1989": null,
    "1990": null,
    "1991": null,
    "1992": null,
    "1993": null,
    "1994": null,
    "1995": null,
    "1996": 6.03,
    "1997": 13.88,
    "1998": 6.23,
    "1999": 27.38,
    "2000": 12.88,
    "2001": 10.79,
    "2002": 9.19,
    "2003": 10.93,
    "2004": 11.65,
    "2005": 13.92,
    "2006": 12.29,
    "2007": 8.17,
    "2008": 6.78,
    "2009": 10.46,
    "2010": 10.6,
    "country": "Angola",
    "Notes": null,
    "Reporting year": null
  },
  {
    "1988": null,
    "1989": 10.47,
    "1990": 9.24,
    "1991": null,
    "1992": null,
    "1993": null,
    "1994": null,
    "1995": null,
    "1996": null,
    "1997": null,
    "1998": null,
    "1999": 4.52,
    "2000": 2.64,
    "2001": 2.32,
    "2002": 4.07,
    "2003": 4.73,
    "2004": 5.06,
    "2005": 4.82,
    "2006": 5.12,
    "2007": null,
    "2008": 4.56,
    "2009": null,
    "2010": null,
    "country": "Benin",
    "Notes": null,
    "Reporting year": null
  },
  {
    "1988": 9.94,
    "1989": 9.51,
    "1990": 10.18,
    "1991": 10.33,
    "1992": 9.9,
    "1993": 10.11,
    "1994": 10.23,
    "1995": 9.06,
    "1996": 7.73,
    "1997": 8.01,
    "1998": 8.56,
    "1999": 7.52,
    "2000": 8.17,
    "2001": 8.99,
    "2002": 9,
    "2003": 9.15,
    "2004": 8.48,
    "2005": 8.23,
    "2006": 8.07,
    "2007": 7.58,
    "2008": 6.46,
    "2009": 5.98,
    "2010": 6.17,
    "country": "Botswana",
    "Notes": null,
    "Reporting year": null
  },
  {
    "1988": 11.99,
    "1989": 16.01,
    "1990": 13.14,
    "1991": 11.62,
    "1992": 11.25,
    "1993": 9.42,
    "1994": 7.96,
    "1995": 7.09,
    "1996": 6.46,
    "1997": 6.99,
    "1998": 6.34,
    "1999": 5.76,
    "2000": 6.24,
    "2001": 5.88,
    "2002": 6.05,
    "2003": 6.1,
    "2004": 5.96,
    "2005": 5.94,
    "2006": 5.08,
    "2007": 6.2,
    "2008": 6.69,
    "2009": 6.29,
    "2010": 5.66,
    "country": "Burkina Faso",
    "Notes": null,
    "Reporting year": null
  },
  {
    "1988": null,
    "1989": null,
    "1990": 17.28,
    "1991": 16.38,
    "1992": 11.85,
    "1993": 13.83,
    "1994": 20.11,
    "1995": 16.36,
    "1996": 20.6,
    "1997": 29.12,
    "1998": 28.34,
    "1999": 24.76,
    "2000": 19.73,
    "2001": 23.9,
    "2002": 22.61,
    "2003": 15.17,
    "2004": 12.02,
    "2005": 13.39,
    "2006": 9.63,
    "2007": 8.76,
    "2008": 6.61,
    "2009": null,
    "2010": null,
    "country": "Burundi",
    "Notes": null,
    "Reporting year": null
  },
  {
    "1988": null,
    "1989": null,
    "1990": null,
    "1991": null,
    "1992": null,
    "1993": null,
    "1994": null,
    "1995": null,
    "1996": null,
    "1997": null,
    "1998": null,
    "1999": null,
    "2000": 8.01,
    "2001": 7.78,
    "2002": 8.5,
    "2003": 8.99,
    "2004": 8.77,
    "2005": 9.21,
    "2006": 9.84,
    "2007": 9.22,
    "2008": 7.89,
    "2009": 8.39,
    "2010": 8.48,
    "country": "Cameroon",
    "Notes": null,
    "Reporting year": null
  },
  {
    "1988": null,
    "1989": null,
    "1990": null,
    "1991": null,
    "1992": null,
    "1993": null,
    "1994": 1.59,
    "1995": 2.45,
    "1996": 1.79,
    "1997": 1.93,
    "1998": 2.33,
    "1999": 2.08,
    "2000": 2.74,
    "2001": 2.43,
    "2002": 1.83,
    "2003": 2.23,
    "2004": 1.95,
    "2005": 1.94,
    "2006": 1.69,
    "2007": 1.78,
    "2008": 1.99,
    "2009": 1.47,
    "2010": 1.26,
    "country": "Cape Verde",
    "Notes": null,
    "Reporting year": null
  },
  {
    "1988": null,
    "1989": null,
    "1990": null,
    "1991": 6.8,
    "1992": 7.03,
    "1993": 7.18,
    "1994": 5.61,
    "1995": 5.64,
    "1996": 10.31,
    "1997": null,
    "1998": null,
    "1999": null,
    "2000": null,
    "2001": null,
    "2002": 6.52,
    "2003": 10.28,
    "2004": 8.82,
    "2005": 6.74,
    "2006": null,
    "2007": 8.46,
    "2008": 9.67,
    "2009": 10.93,
    "2010": 13.96,
    "country": "Central African Republic",
    "Notes": 14,
    "Reporting year": null
  },
  {
    "1988": null,
    "1989": null,
    "1990": null,
    "1991": null,
    "1992": null,
    "1993": null,
    "1994": null,
    "1995": 7.67,
    "1996": 8.78,
    "1997": 6.1,
    "1998": 6.2,
    "1999": 7.22,
    "2000": 7.48,
    "2001": 8.71,
    "2002": 8.53,
    "2003": 6.84,
    "2004": 7.93,
    "2005": 7.23,
    "2006": 21.5,
    "2007": 26.29,
    "2008": 31.31,
    "2009": 30.49,
    "2010": 23.67,
    "country": "Chad",
    "Notes": null,
    "Reporting year": null
  },
  {
    "1988": null,
    "1989": null,
    "1990": null,
    "1991": null,
    "1992": null,
    "1993": null,
    "1994": null,
    "1995": null,
    "1996": 14.93,
    "1997": 12.23,
    "1998": 3.57,
    "1999": 12.25,
    "2000": 8.84,
    "2001": null,
    "2002": null,
    "2003": 9.59,
    "2004": 16.48,
    "2005": 15.82,
    "2006": 15.67,
    "2007": 12.6,
    "2008": 6.93,
    "2009": 5.26,
    "2010": 5.35,
    "country": "Congo, DR",
    "Notes": null,
    "Reporting year": null
  },
  {
    "1988": null,
    "1989": null,
    "1990": null,
    "1991": null,
    "1992": 11.69,
    "1993": 11.1,
    "1994": null,
    "1995": null,
    "1996": null,
    "1997": null,
    "1998": null,
    "1999": null,
    "2000": null,
    "2001": 6.16,
    "2002": 6.61,
    "2003": 9,
    "2004": 10.01,
    "2005": 6.86,
    "2006": 5.89,
    "2007": 6.7,
    "2008": 7.41,
    "2009": null,
    "2010": 7.23,
    "country": "Congo, Republic",
    "Notes": null,
    "Reporting year": null
  },
  {
    "1988": null,
    "1989": null,
    "1990": null,
    "1991": null,
    "1992": null,
    "1993": null,
    "1994": null,
    "1995": null,
    "1996": null,
    "1997": 3.8,
    "1998": null,
    "1999": null,
    "2000": null,
    "2001": null,
    "2002": null,
    "2003": 7.94,
    "2004": 8.11,
    "2005": 7.78,
    "2006": 7.51,
    "2007": 7.75,
    "2008": 7.55,
    "2009": 8.7,
    "2010": 7.79,
    "country": "Cote d'Ivoire",
    "Notes": 18,
    "Reporting year": null
  },
  {
    "1988": null,
    "1989": null,
    "1990": 16.22,
    "1991": 17.67,
    "1992": 14.36,
    "1993": 13.44,
    "1994": 14.38,
    "1995": 15.69,
    "1996": 14.94,
    "1997": 15.05,
    "1998": 15.4,
    "1999": 14.99,
    "2000": 14.36,
    "2001": 15.32,
    "2002": 16.97,
    "2003": 18.33,
    "2004": 14.95,
    "2005": 17.18,
    "2006": 19.22,
    "2007": 10.91,
    "2008": 9.11,
    "2009": null,
    "2010": null,
    "country": "Djibouti",
    "Notes": null,
    "Reporting year": null
  },
  {
    "1988": null,
    "1989": null,
    "1990": null,
    "1991": null,
    "1992": null,
    "1993": null,
    "1994": 0.39,
    "1995": 1.45,
    "1996": null,
    "1997": null,
    "1998": null,
    "1999": null,
    "2000": null,
    "2001": null,
    "2002": null,
    "2003": null,
    "2004": null,
    "2005": null,
    "2006": null,
    "2007": 7.63,
    "2008": 7.45,
    "2009": 6.21,
    "2010": null,
    "country": "Equatorial Guinea",
    "Notes": null,
    "Reporting year": null
  },
  {
    "1988": null,
    "1989": null,
    "1990": null,
    "1991": null,
    "1992": null,
    "1993": 41,
    "1994": 32.62,
    "1995": 31.09,
    "1996": 38.3,
    "1997": 25.48,
    "1998": 47.72,
    "1999": 41.88,
    "2000": 49.79,
    "2001": 48.05,
    "2002": 44.47,
    "2003": 46.37,
    "2004": null,
    "2005": null,
    "2006": null,
    "2007": null,
    "2008": null,
    "2009": null,
    "2010": null,
    "country": "Eritrea",
    "Notes": null,
    "Reporting year": null
  },
  {
    "1988": 26.01,
    "1989": 28.22,
    "1990": 30.77,
    "1991": 22.58,
    "1992": 17.02,
    "1993": 15.7,
    "1994": 11.45,
    "1995": 9.01,
    "1996": 7.88,
    "1997": 15.1,
    "1998": 28.8,
    "1999": 36.17,
    "2000": 29.53,
    "2001": 19.23,
    "2002": 14.84,
    "2003": 11.98,
    "2004": 13.27,
    "2005": 12.06,
    "2006": 10.27,
    "2007": 9.08,
    "2008": 7.94,
    "2009": 6.92,
    "2010": 6.13,
    "country": "Ethiopia",
    "Notes": null,
    "Reporting year": null
  },
  {
    "1988": null,
    "1989": null,
    "1990": null,
    "1991": null,
    "1992": null,
    "1993": null,
    "1994": null,
    "1995": null,
    "1996": null,
    "1997": null,
    "1998": null,
    "1999": null,
    "2000": 8.33,
    "2001": 6.45,
    "2002": 6.93,
    "2003": 7.85,
    "2004": 7.73,
    "2005": 6.01,
    "2006": 6.07,
    "2007": null,
    "2008": null,
    "2009": null,
    "2010": 8.11,
    "country": "Gabon",
    "Notes": null,
    "Reporting year": null
  },
  {
    "1988": null,
    "1989": null,
    "1990": null,
    "1991": null,
    "1992": null,
    "1993": null,
    "1994": null,
    "1995": null,
    "1996": null,
    "1997": null,
    "1998": null,
    "1999": null,
    "2000": 3.45,
    "2001": 2.53,
    "2002": 2.96,
    "2003": 2.55,
    "2004": 1.62,
    "2005": 2.24,
    "2006": 1.89,
    "2007": 3.17,
    "2008": 9.51,
    "2009": 3.41,
    "2010": null,
    "country": "Gambia, The",
    "Notes": null,
    "Reporting year": null
  },
  {
    "1988": 2.3,
    "1989": 2.26,
    "1990": 2.65,
    "1991": 3.31,
    "1992": 2.56,
    "1993": 2.33,
    "1994": 2.22,
    "1995": 2.41,
    "1996": 2.15,
    "1997": 2.23,
    "1998": 2.63,
    "1999": 2.78,
    "2000": 3.44,
    "2001": 1.79,
    "2002": 2.28,
    "2003": 2.34,
    "2004": 1.88,
    "2005": 1.89,
    "2006": 1.7,
    "2007": 2.06,
    "2008": 1.66,
    "2009": 1.93,
    "2010": 1.42,
    "country": "Ghana",
    "Notes": null,
    "Reporting year": null
  },
  {
    "1988": null,
    "1989": null,
    "1990": null,
    "1991": 10.5,
    "1992": 8.78,
    "1993": 7.25,
    "1994": 7.72,
    "1995": null,
    "1996": null,
    "1997": 6.69,
    "1998": 8.5,
    "1999": 9.9,
    "2000": 8.99,
    "2001": 15.36,
    "2002": 16.75,
    "2003": 11.97,
    "2004": 12.42,
    "2005": null,
    "2006": null,
    "2007": null,
    "2008": null,
    "2009": null,
    "2010": null,
    "country": "Guinea",
    "Notes": 23,
    "Reporting year": null
  },
  {
    "1988": null,
    "1989": null,
    "1990": null,
    "1991": null,
    "1992": null,
    "1993": null,
    "1994": 1.08,
    "1995": 1.97,
    "1996": 2.29,
    "1997": 2.04,
    "1998": 5.63,
    "1999": null,
    "2000": 10.38,
    "2001": 7.86,
    "2002": 9.75,
    "2003": 7.98,
    "2004": null,
    "2005": 9.39,
    "2006": null,
    "2007": null,
    "2008": null,
    "2009": 7.52,
    "2010": 9.83,
    "country": "Guinea-Bissau",
    "Notes": null,
    "Reporting year": null
  },
  {
    "1988": 10.01,
    "1989": 8.98,
    "1990": 8.86,
    "1991": 7.62,
    "1992": 5.89,
    "1993": 5.33,
    "1994": 4.98,
    "1995": 5.41,
    "1996": 6.21,
    "1997": 5.76,
    "1998": 5.43,
    "1999": 5.97,
    "2000": 6.45,
    "2001": 6.99,
    "2002": 7.18,
    "2003": 7.18,
    "2004": 7.38,
    "2005": 7.41,
    "2006": 7.32,
    "2007": 7.46,
    "2008": 7.47,
    "2009": 6.73,
    "2010": 6.36,
    "country": "Kenya",
    "Notes": null,
    "Reporting year": null
  },
  {
    "1988": 8.92,
    "1989": 11.3,
    "1990": 10.87,
    "1991": 9.31,
    "1992": 7.73,
    "1993": 6.94,
    "1994": 6.88,
    "1995": 7.78,
    "1996": 6.87,
    "1997": 6.14,
    "1998": 5.6,
    "1999": 7.08,
    "2000": 8.44,
    "2001": 6.59,
    "2002": 6.01,
    "2003": 5.78,
    "2004": 5.59,
    "2005": 5.13,
    "2006": 4.56,
    "2007": 4.65,
    "2008": 2.86,
    "2009": 3.99,
    "2010": 5.52,
    "country": "Lesotho",
    "Notes": null,
    "Reporting year": null
  },
  {
    "1988": null,
    "1989": null,
    "1990": null,
    "1991": null,
    "1992": null,
    "1993": null,
    "1994": null,
    "1995": null,
    "1996": null,
    "1997": null,
    "1998": null,
    "1999": null,
    "2000": null,
    "2001": null,
    "2002": null,
    "2003": null,
    "2004": 4.15,
    "2005": 5.34,
    "2006": 3.17,
    "2007": 1.24,
    "2008": 1.35,
    "2009": 1.61,
    "2010": 1.81,
    "country": "Liberia",
    "Notes": 25,
    "Reporting year": null
  },
  {
    "1988": 9.03,
    "1989": 6.16,
    "1990": 7.23,
    "1991": 7.91,
    "1992": 3.84,
    "1993": 5.45,
    "1994": 4.69,
    "1995": 4.88,
    "1996": 6.96,
    "1997": 8.53,
    "1998": 6.77,
    "1999": 6.8,
    "2000": 6.65,
    "2001": 7.81,
    "2002": 8.67,
    "2003": 6.87,
    "2004": 4.96,
    "2005": 5.02,
    "2006": 4.56,
    "2007": 5.98,
    "2008": 6.13,
    "2009": 5.9,
    "2010": 4.64,
    "country": "Madagascar",
    "Notes": null,
    "Reporting year": null
  },
  {
    "1988": null,
    "1989": null,
    "1990": null,
    "1991": null,
    "1992": null,
    "1993": null,
    "1994": null,
    "1995": null,
    "1996": null,
    "1997": null,
    "1998": null,
    "1999": null,
    "2000": null,
    "2001": null,
    "2002": 2.17,
    "2003": 1.89,
    "2004": 2.61,
    "2005": 4.26,
    "2006": 3.1,
    "2007": 2.6,
    "2008": 2.88,
    "2009": 3.34,
    "2010": 2.6,
    "country": "Malawi",
    "Notes": null,
    "Reporting year": null
  },
  {
    "1988": null,
    "1989": null,
    "1990": null,
    "1991": null,
    "1992": null,
    "1993": null,
    "1994": null,
    "1995": null,
    "1996": null,
    "1997": null,
    "1998": null,
    "1999": null,
    "2000": 7.63,
    "2001": 7.06,
    "2002": 6.36,
    "2003": 6.82,
    "2004": 6.54,
    "2005": 6.4,
    "2006": 6.3,
    "2007": 6.31,
    "2008": 7.73,
    "2009": 6.21,
    "2010": 6.78,
    "country": "Mali",
    "Notes": null,
    "Reporting year": null
  },
  {
    "1988": null,
    "1989": null,
    "1990": null,
    "1991": null,
    "1992": null,
    "1993": null,
    "1994": null,
    "1995": null,
    "1996": null,
    "1997": null,
    "1998": null,
    "1999": null,
    "2000": null,
    "2001": null,
    "2002": null,
    "2003": null,
    "2004": 12.47,
    "2005": 10.65,
    "2006": 11,
    "2007": null,
    "2008": 11.95,
    "2009": 12.4,
    "2010": null,
    "country": "Mauritania",
    "Notes": null,
    "Reporting year": null
  },
  {
    "1988": null,
    "1989": null,
    "1990": 1.11,
    "1991": 1.28,
    "1992": 1.25,
    "1993": 1.26,
    "1994": 1.11,
    "1995": 1.11,
    "1996": 1.03,
    "1997": 0.83,
    "1998": 0.73,
    "1999": 0.72,
    "2000": 0.85,
    "2001": 0.82,
    "2002": 0.8,
    "2003": 0.75,
    "2004": 0.7,
    "2005": 0.69,
    "2006": 0.69,
    "2007": 0.65,
    "2008": 0.68,
    "2009": 0.66,
    "2010": 0.61,
    "country": "Mauritius",
    "Notes": null,
    "Reporting year": null
  },
  {
    "1988": 11.13,
    "1989": 12.48,
    "1990": 11.39,
    "1991": 10.75,
    "1992": 10.11,
    "1993": 9.97,
    "1994": 10.74,
    "1995": 5.83,
    "1996": 6.01,
    "1997": 5.21,
    "1998": 5.94,
    "1999": 5.76,
    "2000": 5.43,
    "2001": 4.31,
    "2002": 4.83,
    "2003": 4.88,
    "2004": 5.5,
    "2005": 4.13,
    "2006": 3,
    "2007": 3.03,
    "2008": 3.04,
    "2009": 2.68,
    "2010": 3.27,
    "country": "Mozambique",
    "Notes": null,
    "Reporting year": null
  },
  {
    "1988": null,
    "1989": null,
    "1990": 20.21,
    "1991": 15.43,
    "1992": 11.52,
    "1993": 6.85,
    "1994": 5.61,
    "1995": 5.83,
    "1996": 5.53,
    "1997": 6.58,
    "1998": 6.58,
    "1999": 8.69,
    "2000": 7.79,
    "2001": 8.81,
    "2002": 8.7,
    "2003": 8.37,
    "2004": 8.83,
    "2005": 9.46,
    "2006": 9.46,
    "2007": 10.01,
    "2008": 11.05,
    "2009": 10.56,
    "2010": 10.5,
    "country": "Namibia",
    "Notes": null,
    "Reporting year": null
  },
  {
    "1988": null,
    "1989": null,
    "1990": null,
    "1991": null,
    "1992": null,
    "1993": null,
    "1994": null,
    "1995": 6.43,
    "1996": 6.67,
    "1997": 5.88,
    "1998": 6.13,
    "1999": 6.22,
    "2000": 6.67,
    "2001": 7.41,
    "2002": 5.18,
    "2003": 5.19,
    "2004": 5.26,
    "2005": 4.83,
    "2006": null,
    "2007": null,
    "2008": 4.38,
    "2009": 4.1,
    "2010": 5.98,
    "country": "Niger",
    "Notes": null,
    "Reporting year": null
  },
  {
    "1988": null,
    "1989": null,
    "1990": 2.23,
    "1991": 2.11,
    "1992": 1.47,
    "1993": 1.8,
    "1994": 2.35,
    "1995": 3.87,
    "1996": 3.67,
    "1997": 3.2,
    "1998": 3.49,
    "1999": 4.07,
    "2000": 2.2,
    "2001": 2.53,
    "2002": 4.92,
    "2003": 2.46,
    "2004": 2.68,
    "2005": 2.23,
    "2006": 2.83,
    "2007": 2.04,
    "2008": 3.4,
    "2009": 3.28,
    "2010": 3.25,
    "country": "Nigeria",
    "Notes": null,
    "Reporting year": null
  },
  {
    "1988": null,
    "1989": null,
    "1990": null,
    "1991": null,
    "1992": 17.81,
    "1993": 19.77,
    "1994": 21.44,
    "1995": 21.33,
    "1996": 23.72,
    "1997": 21.14,
    "1998": 23.13,
    "1999": 16.76,
    "2000": 16.26,
    "2001": 15.18,
    "2002": 12.71,
    "2003": 11.42,
    "2004": 9.7,
    "2005": 7.69,
    "2006": 7.98,
    "2007": 6.09,
    "2008": 5.82,
    "2009": 5.94,
    "2010": 5.11,
    "country": "Rwanda",
    "Notes": 29,
    "Reporting year": null
  },
  {
    "1988": null,
    "1989": null,
    "1990": null,
    "1991": null,
    "1992": null,
    "1993": null,
    "1994": 8.77,
    "1995": 9.3,
    "1996": 8.23,
    "1997": 8.58,
    "1998": 8.74,
    "1999": 8.12,
    "2000": 7.44,
    "2001": 6.74,
    "2002": 6.87,
    "2003": 6.49,
    "2004": 5.89,
    "2005": 6.06,
    "2006": 5.97,
    "2007": 6.22,
    "2008": 6.17,
    "2009": 6.33,
    "2010": 5.6,
    "country": "Senegal",
    "Notes": null,
    "Reporting year": null
  },
  {
    "1988": 9.16,
    "1989": 8.28,
    "1990": 8.74,
    "1991": 8.49,
    "1992": 9.33,
    "1993": 4.53,
    "1994": 3.84,
    "1995": 4.3,
    "1996": 3.55,
    "1997": 3.7,
    "1998": 2.86,
    "1999": 3.17,
    "2000": 3.03,
    "2001": 3.8,
    "2002": 2.98,
    "2003": 3.89,
    "2004": 4.76,
    "2005": 4.11,
    "2006": 3.25,
    "2007": 3.5,
    "2008": 4.26,
    "2009": 3.18,
    "2010": 2.13,
    "country": "Seychelles",
    "Notes": null,
    "Reporting year": null
  },
  {
    "1988": null,
    "1989": null,
    "1990": null,
    "1991": null,
    "1992": null,
    "1993": null,
    "1994": null,
    "1995": null,
    "1996": null,
    "1997": null,
    "1998": null,
    "1999": null,
    "2000": 0.02,
    "2001": 0.01,
    "2002": 0.01,
    "2003": 0.01,
    "2004": 0.01,
    "2005": 0.01,
    "2006": 0.01,
    "2007": 0.01,
    "2008": 0.01,
    "2009": 0.01,
    "2010": null,
    "country": "Sierra Leone",
    "Notes": 31,
    "Reporting year": null
  },
  {
    "1988": null,
    "1989": null,
    "1990": null,
    "1991": null,
    "1992": null,
    "1993": null,
    "1994": null,
    "1995": null,
    "1996": null,
    "1997": null,
    "1998": null,
    "1999": null,
    "2000": null,
    "2001": null,
    "2002": null,
    "2003": null,
    "2004": null,
    "2005": null,
    "2006": null,
    "2007": null,
    "2008": null,
    "2009": null,
    "2010": null,
    "country": "Somalia",
    "Notes": 32,
    "Reporting year": null
  },
  {
    "1988": null,
    "1989": null,
    "1990": null,
    "1991": null,
    "1992": null,
    "1993": null,
    "1994": null,
    "1995": null,
    "1996": null,
    "1997": null,
    "1998": null,
    "1999": null,
    "2000": 5.5,
    "2001": 5.88,
    "2002": 6.16,
    "2003": 5.78,
    "2004": 5.34,
    "2005": 4.91,
    "2006": 4.68,
    "2007": 4.33,
    "2008": 4,
    "2009": 3.83,
    "2010": 3.54,
    "country": "South Africa",
    "Notes": null,
    "Reporting year": null
  },
  {
    "1988": null,
    "1989": null,
    "1990": null,
    "1991": null,
    "1992": null,
    "1993": null,
    "1994": null,
    "1995": null,
    "1996": null,
    "1997": null,
    "1998": null,
    "1999": null,
    "2000": null,
    "2001": null,
    "2002": null,
    "2003": null,
    "2004": null,
    "2005": null,
    "2006": null,
    "2007": null,
    "2008": null,
    "2009": null,
    "2010": null,
    "country": "South Sudan",
    "Notes": 33,
    "Reporting year": null
  },
  {
    "1988": null,
    "1989": null,
    "1990": 17.1,
    "1991": 11.73,
    "1992": 11.78,
    "1993": 20.76,
    "1994": 19.38,
    "1995": 16.09,
    "1996": 13.64,
    "1997": 12.93,
    "1998": 30.54,
    "1999": 47.76,
    "2000": 43.16,
    "2001": 25.03,
    "2002": 25.35,
    "2003": 14.86,
    "2004": 28.2,
    "2005": 16.77,
    "2006": 19.34,
    "2007": 20.85,
    "2008": 25.26,
    "2009": 29.08,
    "2010": null,
    "country": "Sudan",
    "Notes": null,
    "Reporting year": null
  },
  {
    "1988": 4.96,
    "1989": 5.73,
    "1990": 6.13,
    "1991": 6.31,
    "1992": 5.98,
    "1993": 7.05,
    "1994": 6.54,
    "1995": 7.45,
    "1996": 6.33,
    "1997": 6.22,
    "1998": 6.47,
    "1999": 5.64,
    "2000": 5.66,
    "2001": 4.98,
    "2002": 4.83,
    "2003": 5.62,
    "2004": 4.93,
    "2005": 6.52,
    "2006": 6.5,
    "2007": 5.89,
    "2008": 6.05,
    "2009": 6.31,
    "2010": 7.47,
    "country": "Eswatini",
    "Notes": null,
    "Reporting year": null
  },
  {
    "1988": null,
    "1989": null,
    "1990": null,
    "1991": 12.68,
    "1992": 9.86,
    "1993": 6.92,
    "1994": 6.36,
    "1995": 8.6,
    "1996": 9.57,
    "1997": 9.9,
    "1998": 10.29,
    "1999": 8.55,
    "2000": 8.86,
    "2001": 9.66,
    "2002": 7.88,
    "2003": 5.76,
    "2004": 4.81,
    "2005": 4.44,
    "2006": 4.43,
    "2007": 4.27,
    "2008": 3.86,
    "2009": 3.87,
    "2010": 4.52,
    "country": "Tanzania",
    "Notes": null,
    "Reporting year": null
  },
  {
    "1988": null,
    "1989": 10.76,
    "1990": 10.87,
    "1991": 11.48,
    "1992": 13.52,
    "1993": 15.49,
    "1994": 11.35,
    "1995": 10.84,
    "1996": null,
    "1997": null,
    "1998": null,
    "1999": null,
    "2000": null,
    "2001": null,
    "2002": null,
    "2003": 11.4,
    "2004": 9.87,
    "2005": 8.15,
    "2006": null,
    "2007": null,
    "2008": 10.09,
    "2009": 8.2,
    "2010": 7.94,
    "country": "Togo",
    "Notes": null,
    "Reporting year": null
  },
  {
    "1988": null,
    "1989": null,
    "1990": null,
    "1991": null,
    "1992": null,
    "1993": null,
    "1994": null,
    "1995": null,
    "1996": null,
    "1997": 11.98,
    "1998": 13.47,
    "1999": 13.88,
    "2000": 11.96,
    "2001": 10.72,
    "2002": 10.07,
    "2003": 10.61,
    "2004": 11.69,
    "2005": 12.02,
    "2006": 11.33,
    "2007": 10.88,
    "2008": 10.75,
    "2009": 10.36,
    "2010": 15.99,
    "country": "Uganda",
    "Notes": null,
    "Reporting year": null
  },
  {
    "1988": null,
    "1989": null,
    "1990": null,
    "1991": null,
    "1992": null,
    "1993": null,
    "1994": null,
    "1995": null,
    "1996": null,
    "1997": null,
    "1998": null,
    "1999": null,
    "2000": null,
    "2001": null,
    "2002": null,
    "2003": null,
    "2004": 6.79,
    "2005": 7.46,
    "2006": 8.19,
    "2007": 8.29,
    "2008": 7.98,
    "2009": 8.1,
    "2010": 7.65,
    "country": "Zambia",
    "Notes": null,
    "Reporting year": null
  },
  {
    "1988": null,
    "1989": null,
    "1990": null,
    "1991": null,
    "1992": null,
    "1993": null,
    "1994": null,
    "1995": null,
    "1996": null,
    "1997": null,
    "1998": null,
    "1999": null,
    "2000": null,
    "2001": null,
    "2002": null,
    "2003": null,
    "2004": null,
    "2005": 5.26,
    "2006": null,
    "2007": null,
    "2008": null,
    "2009": null,
    "2010": 3.93,
    "country": "Zimbabwe",
    "Notes": null,
    "Reporting year": null
  },
  {
    "1988": null,
    "1989": null,
    "1990": null,
    "1991": null,
    "1992": null,
    "1993": null,
    "1994": null,
    "1995": null,
    "1996": 4.7,
    "1997": 5.4,
    "1998": null,
    "1999": null,
    "2000": 2.7,
    "2001": 2.46,
    "2002": 2.58,
    "2003": 2.66,
    "2004": 3.12,
    "2005": 3.39,
    "2006": 3.65,
    "2007": 3.65,
    "2008": 4.95,
    "2009": 4.41,
    "2010": 3.76,
    "country": "Belize",
    "Notes": null,
    "Reporting year": null
  },
  {
    "1988": null,
    "1989": null,
    "1990": null,
    "1991": null,
    "1992": null,
    "1993": null,
    "1994": null,
    "1995": null,
    "1996": null,
    "1997": null,
    "1998": null,
    "1999": null,
    "2000": null,
    "2001": null,
    "2002": null,
    "2003": null,
    "2004": null,
    "2005": null,
    "2006": null,
    "2007": null,
    "2008": null,
    "2009": null,
    "2010": null,
    "country": "Costa Rica",
    "Notes": 37,
    "Reporting year": null
  },
  {
    "1988": null,
    "1989": null,
    "1990": null,
    "1991": null,
    "1992": null,
    "1993": null,
    "1994": null,
    "1995": null,
    "1996": null,
    "1997": null,
    "1998": null,
    "1999": null,
    "2000": null,
    "2001": null,
    "2002": null,
    "2003": null,
    "2004": null,
    "2005": null,
    "2006": null,
    "2007": null,
    "2008": null,
    "2009": null,
    "2010": null,
    "country": "Cuba",
    "Notes": null,
    "Reporting year": null
  },
  {
    "1988": null,
    "1989": null,
    "1990": null,
    "1991": null,
    "1992": null,
    "1993": null,
    "1994": null,
    "1995": null,
    "1996": null,
    "1997": 5.82,
    "1998": 6.05,
    "1999": 5.97,
    "2000": 7.31,
    "2001": 8.15,
    "2002": 6.43,
    "2003": 4.44,
    "2004": 3.97,
    "2005": 4.95,
    "2006": 4.03,
    "2007": 3.85,
    "2008": 3.79,
    "2009": 4.13,
    "2010": 4.16,
    "country": "Dominican Republic",
    "Notes": null,
    "Reporting year": null
  },
  {
    "1988": null,
    "1989": null,
    "1990": 21.42,
    "1991": 14.9,
    "1992": 11.13,
    "1993": 9.42,
    "1994": 7.53,
    "1995": 6.74,
    "1996": 5.5,
    "1997": 5.89,
    "1998": 5.26,
    "1999": 5.18,
    "2000": 4.47,
    "2001": 5.66,
    "2002": 5.67,
    "2003": 4.22,
    "2004": 4.34,
    "2005": 4.03,
    "2006": 3.79,
    "2007": 4.26,
    "2008": 3.92,
    "2009": 4.16,
    "2010": 4.26,
    "country": "El Salvador",
    "Notes": 39,
    "Reporting year": null
  },
  {
    "1988": null,
    "1989": null,
    "1990": null,
    "1991": null,
    "1992": null,
    "1993": null,
    "1994": null,
    "1995": 11.54,
    "1996": 9.51,
    "1997": 6.96,
    "1998": 5.76,
    "1999": 4.88,
    "2000": 6.41,
    "2001": 7.25,
    "2002": 5.5,
    "2003": 5.39,
    "2004": 3.57,
    "2005": 2.8,
    "2006": 2.94,
    "2007": 2.79,
    "2008": 3.12,
    "2009": 2.75,
    "2010": 2.83,
    "country": "Guatemala",
    "Notes": null,
    "Reporting year": null
  },
  {
    "1988": null,
    "1989": null,
    "1990": null,
    "1991": null,
    "1992": null,
    "1993": null,
    "1994": null,
    "1995": null,
    "1996": null,
    "1997": null,
    "1998": null,
    "1999": null,
    "2000": null,
    "2001": null,
    "2002": null,
    "2003": null,
    "2004": null,
    "2005": null,
    "2006": null,
    "2007": null,
    "2008": null,
    "2009": null,
    "2010": null,
    "country": "Haiti",
    "Notes": null,
    "Reporting year": null
  },
  {
    "1988": null,
    "1989": null,
    "1990": 8.31,
    "1991": 5.44,
    "1992": null,
    "1993": 3.45,
    "1994": null,
    "1995": null,
    "1996": null,
    "1997": null,
    "1998": null,
    "1999": null,
    "2000": 3.3,
    "2001": 3.28,
    "2002": 3.02,
    "2003": 3.78,
    "2004": 2.67,
    "2005": 2.72,
    "2006": 2.84,
    "2007": 3.17,
    "2008": 3.61,
    "2009": 3.79,
    "2010": 4.06,
    "country": "Honduras",
    "Notes": 41,
    "Reporting year": null
  },
  {
    "1988": null,
    "1989": null,
    "1990": 3.14,
    "1991": 2.97,
    "1992": 5.32,
    "1993": 3.7,
    "1994": 2.84,
    "1995": 2.27,
    "1996": 1.99,
    "1997": 2.25,
    "1998": 1.87,
    "1999": 1.71,
    "2000": 1.8,
    "2001": 1.72,
    "2002": 1.84,
    "2003": 1.74,
    "2004": 1.66,
    "2005": 1.76,
    "2006": 1.9,
    "2007": 2.01,
    "2008": 2.7,
    "2009": 2.39,
    "2010": 2.59,
    "country": "Jamaica",
    "Notes": null,
    "Reporting year": null
  },
  {
    "1988": null,
    "1989": null,
    "1990": 1.72,
    "1991": 1.97,
    "1992": 2.24,
    "1993": 2.2,
    "1994": 2.51,
    "1995": 2.18,
    "1996": 2.09,
    "1997": 2.01,
    "1998": 2.08,
    "1999": 2.09,
    "2000": 2.11,
    "2001": 2.08,
    "2002": 1.98,
    "2003": 1.8,
    "2004": 1.7,
    "2005": 1.61,
    "2006": 1.38,
    "2007": 1.7,
    "2008": 1.41,
    "2009": 1.8,
    "2010": 1.64,
    "country": "Mexico",
    "Notes": null,
    "Reporting year": null
  },
  {
    "1988": null,
    "1989": null,
    "1990": null,
    "1991": null,
    "1992": null,
    "1993": null,
    "1994": null,
    "1995": null,
    "1996": null,
    "1997": null,
    "1998": null,
    "1999": null,
    "2000": 2.93,
    "2001": 2.74,
    "2002": 3.56,
    "2003": 3.18,
    "2004": 2.71,
    "2005": 2.54,
    "2006": 2.58,
    "2007": 2.48,
    "2008": 2.29,
    "2009": 2.21,
    "2010": 2.24,
    "country": "Nicaragua",
    "Notes": 42,
    "Reporting year": null
  },
  {
    "1988": null,
    "1989": null,
    "1990": null,
    "1991": null,
    "1992": null,
    "1993": null,
    "1994": 4.64,
    "1995": 4.17,
    "1996": 4.47,
    "1997": 4.7,
    "1998": 3.63,
    "1999": 3.8,
    "2000": null,
    "2001": null,
    "2002": null,
    "2003": null,
    "2004": null,
    "2005": null,
    "2006": null,
    "2007": null,
    "2008": null,
    "2009": null,
    "2010": null,
    "country": "Panama",
    "Notes": 43,
    "Reporting year": null
  },
  {
    "1988": null,
    "1989": null,
    "1990": null,
    "1991": null,
    "1992": null,
    "1993": 1.81,
    "1994": 1.89,
    "1995": null,
    "1996": null,
    "1997": null,
    "1998": null,
    "1999": null,
    "2000": null,
    "2001": 0.63,
    "2002": 0.87,
    "2003": 1.32,
    "2004": 2.51,
    "2005": 2.26,
    "2006": 1.97,
    "2007": 2.21,
    "2008": 1.85,
    "2009": 1.92,
    "2010": 2.09,
    "country": "Trinidad and Tobago",
    "Notes": null,
    "Reporting year": null
  },
  {
    "1988": 4.34,
    "1989": 4.19,
    "1990": 3.98,
    "1991": 3.6,
    "1992": 3.46,
    "1993": 3.44,
    "1994": 3.37,
    "1995": 3.17,
    "1996": 2.98,
    "1997": 2.79,
    "1998": 2.82,
    "1999": 2.9,
    "2000": 2.75,
    "2001": 2.76,
    "2002": 2.76,
    "2003": 2.76,
    "2004": 2.82,
    "2005": 2.87,
    "2006": 2.9,
    "2007": 3.08,
    "2008": 3.21,
    "2009": 3.17,
    "2010": 2.77,
    "country": "Canada",
    "Notes": null,
    "Reporting year": null
  },
  {
    "1988": null,
    "1989": null,
    "1990": null,
    "1991": null,
    "1992": null,
    "1993": null,
    "1994": null,
    "1995": null,
    "1996": null,
    "1997": null,
    "1998": null,
    "1999": null,
    "2000": null,
    "2001": 9.56,
    "2002": 10.28,
    "2003": 11.3,
    "2004": 11.97,
    "2005": 12.05,
    "2006": 12,
    "2007": 11.79,
    "2008": 11.97,
    "2009": 11.78,
    "2010": 12.33,
    "country": "United States of America",
    "Notes": 44,
    "Reporting year": null
  },
  {
    "1988": null,
    "1989": null,
    "1990": null,
    "1991": null,
    "1992": null,
    "1993": 5.78,
    "1994": 5.68,
    "1995": 5.76,
    "1996": 4.89,
    "1997": 4.51,
    "1998": 4.39,
    "1999": 4.29,
    "2000": 4.07,
    "2001": 4.01,
    "2002": 4.47,
    "2003": 4.31,
    "2004": 3.84,
    "2005": 3.47,
    "2006": 2.96,
    "2007": 2.68,
    "2008": 2.48,
    "2009": 2.57,
    "2010": 2.44,
    "country": "Argentina",
    "Notes": 5,
    "Reporting year": null
  },
  {
    "1988": 8.43,
    "1989": 8.84,
    "1990": 12.36,
    "1991": 11.12,
    "1992": 9.92,
    "1993": 7.05,
    "1994": 8.41,
    "1995": 8.13,
    "1996": 7.63,
    "1997": 8.04,
    "1998": 8.98,
    "1999": 7.26,
    "2000": 7.04,
    "2001": 7.26,
    "2002": 5.98,
    "2003": 6.71,
    "2004": 5.86,
    "2005": 5.17,
    "2006": 4.91,
    "2007": 4.56,
    "2008": 6.21,
    "2009": 5.3,
    "2010": 8.84,
    "country": "Bolivia",
    "Notes": 10,
    "Reporting year": null
  },
  {
    "1988": null,
    "1989": null,
    "1990": null,
    "1991": null,
    "1992": null,
    "1993": null,
    "1994": null,
    "1995": null,
    "1996": null,
    "1997": null,
    "1998": null,
    "1999": null,
    "2000": null,
    "2001": 4.9,
    "2002": 4.26,
    "2003": 3.64,
    "2004": 3.68,
    "2005": 3.64,
    "2006": 3.48,
    "2007": 3.63,
    "2008": 3.61,
    "2009": 3.8,
    "2010": 3.9,
    "country": "Brazil",
    "Notes": null,
    "Reporting year": null
  },
  {
    "1988": null,
    "1989": null,
    "1990": 14.85,
    "1991": 12.82,
    "1992": 12.06,
    "1993": 12.26,
    "1994": 12.38,
    "1995": 12.71,
    "1996": 11.74,
    "1997": 12.02,
    "1998": 11.76,
    "1999": 11.41,
    "2000": 11.76,
    "2001": 11.42,
    "2002": 10.91,
    "2003": 12.17,
    "2004": 13.03,
    "2005": 12.52,
    "2006": 13.38,
    "2007": 12.07,
    "2008": 11.86,
    "2009": 9.11,
    "2010": 9.61,
    "country": "Chile",
    "Notes": 45,
    "Reporting year": null
  },
  {
    "1988": 10.86,
    "1989": 8.88,
    "1990": 9.1,
    "1991": 8.98,
    "1992": 9.75,
    "1993": 10.8,
    "1994": 10.2,
    "1995": 10.68,
    "1996": 14.84,
    "1997": 8.96,
    "1998": 10.93,
    "1999": 11.14,
    "2000": 11.48,
    "2001": 12.16,
    "2002": 12.25,
    "2003": 12.45,
    "2004": 13.1,
    "2005": 13.04,
    "2006": 11.59,
    "2007": 11.67,
    "2008": 13.15,
    "2009": 12.57,
    "2010": 11.98,
    "country": "Colombia",
    "Notes": 46,
    "Reporting year": null
  },
  {
    "1988": null,
    "1989": null,
    "1990": null,
    "1991": null,
    "1992": null,
    "1993": null,
    "1994": null,
    "1995": 9.84,
    "1996": 8.01,
    "1997": 8.79,
    "1998": 9.7,
    "1999": 6.49,
    "2000": 6.25,
    "2001": 7.76,
    "2002": 8.2,
    "2003": 11.22,
    "2004": 9.48,
    "2005": 10.74,
    "2006": 9.57,
    "2007": 10.65,
    "2008": 7.56,
    "2009": 9.46,
    "2010": 8.68,
    "country": "Ecuador",
    "Notes": 47,
    "Reporting year": null
  },
  {
    "1988": null,
    "1989": null,
    "1990": null,
    "1991": null,
    "1992": null,
    "1993": null,
    "1994": null,
    "1995": null,
    "1996": null,
    "1997": null,
    "1998": null,
    "1999": null,
    "2000": 3.68,
    "2001": 3.98,
    "2002": 4.63,
    "2003": 4.37,
    "2004": 5.65,
    "2005": 3.81,
    "2006": 3.48,
    "2007": 4.41,
    "2008": 5.08,
    "2009": 4.72,
    "2010": 4.5,
    "country": "Guyana",
    "Notes": 48,
    "Reporting year": null
  },
  {
    "1988": 32.77,
    "1989": 20.5,
    "1990": 21.72,
    "1991": 24.87,
    "1992": 18.26,
    "1993": 16.85,
    "1994": 14.14,
    "1995": 14.52,
    "1996": 12.2,
    "1997": 9.34,
    "1998": 8.37,
    "1999": 6.87,
    "2000": 6.35,
    "2001": 5.64,
    "2002": 5.51,
    "2003": 5.24,
    "2004": 5.68,
    "2005": 4.95,
    "2006": 5.34,
    "2007": 5.39,
    "2008": 5.48,
    "2009": 4.96,
    "2010": 5.12,
    "country": "Paraguay",
    "Notes": 49,
    "Reporting year": null
  },
  {
    "1988": null,
    "1989": null,
    "1990": null,
    "1991": null,
    "1992": null,
    "1993": null,
    "1994": null,
    "1995": null,
    "1996": null,
    "1997": null,
    "1998": null,
    "1999": null,
    "2000": 8.33,
    "2001": 8.46,
    "2002": 7.92,
    "2003": 7.57,
    "2004": 7.13,
    "2005": 7.95,
    "2006": 7.7,
    "2007": 7.01,
    "2008": 6.25,
    "2009": 7.09,
    "2010": 6.95,
    "country": "Peru",
    "Notes": 50,
    "Reporting year": null
  },
  {
    "1988": null,
    "1989": null,
    "1990": null,
    "1991": null,
    "1992": null,
    "1993": null,
    "1994": null,
    "1995": null,
    "1996": null,
    "1997": null,
    "1998": null,
    "1999": 8.06,
    "2000": 8.41,
    "2001": 8.25,
    "2002": 8.4,
    "2003": 7.4,
    "2004": 7.03,
    "2005": 6.98,
    "2006": 6.85,
    "2007": 6.09,
    "2008": 6.52,
    "2009": 6.14,
    "2010": 6.28,
    "country": "Uruguay",
    "Notes": null,
    "Reporting year": null
  },
  {
    "1988": null,
    "1989": null,
    "1990": null,
    "1991": null,
    "1992": null,
    "1993": null,
    "1994": null,
    "1995": null,
    "1996": null,
    "1997": null,
    "1998": null,
    "1999": null,
    "2000": null,
    "2001": null,
    "2002": null,
    "2003": null,
    "2004": null,
    "2005": null,
    "2006": null,
    "2007": null,
    "2008": null,
    "2009": null,
    "2010": null,
    "country": "Venezuela",
    "Notes": null,
    "Reporting year": null
  },
  {
    "1988": 7.04,
    "1989": 6.92,
    "1990": 6.79,
    "1991": 6.55,
    "1992": 6.36,
    "1993": 6.38,
    "1994": 6.26,
    "1995": 6,
    "1996": 5.76,
    "1997": 5.69,
    "1998": 5.39,
    "1999": 5.21,
    "2000": 5.18,
    "2001": 5.23,
    "2002": 5.35,
    "2003": 5.28,
    "2004": 5.24,
    "2005": 5.2,
    "2006": 5.26,
    "2007": 5.28,
    "2008": 5.13,
    "2009": 5.09,
    "2010": 5.02,
    "country": "Australia",
    "Notes": null,
    "Reporting year": null
  },
  {
    "1988": null,
    "1989": null,
    "1990": null,
    "1991": null,
    "1992": 7.13,
    "1993": 7.03,
    "1994": 7.01,
    "1995": 7.02,
    "1996": 5.4,
    "1997": 4.69,
    "1998": 4.7,
    "1999": 4.89,
    "2000": 7.07,
    "2001": 6.91,
    "2002": 5.65,
    "2003": 5.76,
    "2004": 6.61,
    "2005": 5.67,
    "2006": 6.48,
    "2007": 8.79,
    "2008": 6.21,
    "2009": 6.3,
    "2010": 5.97,
    "country": "Fiji",
    "Notes": null,
    "Reporting year": null
  },
  {
    "1988": 4.59,
    "1989": 4.55,
    "1990": 4.67,
    "1991": 4.3,
    "1992": 3.99,
    "1993": 4.14,
    "1994": 4.33,
    "1995": 4.43,
    "1996": 4.49,
    "1997": 4.37,
    "1998": 4.26,
    "1999": 4.2,
    "2000": 4.17,
    "2001": 4.03,
    "2002": 3.81,
    "2003": 3.62,
    "2004": 3.25,
    "2005": 3.07,
    "2006": 3.28,
    "2007": 3.19,
    "2008": 2.99,
    "2009": 3.02,
    "2010": 2.81,
    "country": "New Zealand",
    "Notes": null,
    "Reporting year": null
  },
  {
    "1988": 4.48,
    "1989": 4.54,
    "1990": 5.88,
    "1991": 4.2,
    "1992": 3.97,
    "1993": 3.96,
    "1994": 5.34,
    "1995": 4.62,
    "1996": 5.89,
    "1997": 5.32,
    "1998": 4.47,
    "1999": 3.28,
    "2000": 3.18,
    "2001": 2.58,
    "2002": 1.86,
    "2003": 1.88,
    "2004": 2,
    "2005": 2.01,
    "2006": 1.93,
    "2007": 2.28,
    "2008": 1.71,
    "2009": 1.82,
    "2010": 1.77,
    "country": "Papua New Guinea",
    "Notes": null,
    "Reporting year": null
  },
  {
    "1988": null,
    "1989": null,
    "1990": null,
    "1991": null,
    "1992": null,
    "1993": null,
    "1994": null,
    "1995": null,
    "1996": null,
    "1997": null,
    "1998": null,
    "1999": null,
    "2000": null,
    "2001": null,
    "2002": null,
    "2003": null,
    "2004": 16.13,
    "2005": 12.73,
    "2006": 10.38,
    "2007": 11.97,
    "2008": 11.18,
    "2009": 9.87,
    "2010": 9.36,
    "country": "Afghanistan",
    "Notes": 2,
    "Reporting year": null
  },
  {
    "1988": 10.33,
    "1989": 10.45,
    "1990": 10.28,
    "1991": 10.43,
    "1992": 11.58,
    "1993": 11.16,
    "1994": 11.83,
    "1995": 11.44,
    "1996": 11.99,
    "1997": 12.27,
    "1998": 12.33,
    "1999": 14.16,
    "2000": 12.31,
    "2001": 10.51,
    "2002": 10.12,
    "2003": 9.88,
    "2004": 10.11,
    "2005": 9.48,
    "2006": 9.77,
    "2007": 10.36,
    "2008": 8.13,
    "2009": 9.73,
    "2010": 11.17,
    "country": "Bangladesh",
    "Notes": 9,
    "Reporting year": null
  },
  {
    "1988": 14.78,
    "1989": 13.57,
    "1990": 12.4,
    "1991": 10.86,
    "1992": 10.31,
    "1993": 10.97,
    "1994": 10.35,
    "1995": 10.5,
    "1996": 10.33,
    "1997": 10.68,
    "1998": 10.66,
    "1999": 11.64,
    "2000": 11.5,
    "2001": 10.52,
    "2002": 9.88,
    "2003": 9.1,
    "2004": 10.12,
    "2005": 10.42,
    "2006": 9.48,
    "2007": 8.85,
    "2008": 8.89,
    "2009": 10.31,
    "2010": 9.86,
    "country": "India",
    "Notes": 59,
    "Reporting year": null
  },
  {
    "1988": null,
    "1989": null,
    "1990": null,
    "1991": null,
    "1992": null,
    "1993": null,
    "1994": null,
    "1995": null,
    "1996": null,
    "1997": null,
    "1998": null,
    "1999": null,
    "2000": 6.87,
    "2001": 7.46,
    "2002": 9.77,
    "2003": 11.67,
    "2004": 13.32,
    "2005": 14.04,
    "2006": 13.73,
    "2007": 10.35,
    "2008": 10.48,
    "2009": 8.5,
    "2010": 8.33,
    "country": "Nepal",
    "Notes": null,
    "Reporting year": null
  },
  {
    "1988": null,
    "1989": null,
    "1990": null,
    "1991": null,
    "1992": null,
    "1993": 25.1,
    "1994": 27.4,
    "1995": 27.21,
    "1996": 24.58,
    "1997": 25.04,
    "1998": 23.45,
    "1999": 23.98,
    "2000": 22.42,
    "2001": 24.03,
    "2002": 22.57,
    "2003": 25.41,
    "2004": 26.06,
    "2005": 24.45,
    "2006": 21.37,
    "2007": 18.03,
    "2008": 16.13,
    "2009": 16.94,
    "2010": 16.83,
    "country": "Pakistan",
    "Notes": 60,
    "Reporting year": null
  },
  {
    "1988": null,
    "1989": null,
    "1990": 7.51,
    "1991": 9.53,
    "1992": 11.95,
    "1993": 12.1,
    "1994": 12.65,
    "1995": 19.34,
    "1996": 19.53,
    "1997": 17.68,
    "1998": 17.76,
    "1999": 16.06,
    "2000": 18.93,
    "2001": 15.64,
    "2002": 13.58,
    "2003": 12.54,
    "2004": 13.15,
    "2005": 11.08,
    "2006": 11.53,
    "2007": 13.87,
    "2008": 16.44,
    "2009": 14.56,
    "2010": 13.53,
    "country": "Sri Lanka",
    "Notes": 61,
    "Reporting year": null
  },
  {
    "1988": null,
    "1989": 13.21,
    "1990": 13.75,
    "1991": 14.25,
    "1992": 16.87,
    "1993": 14.8,
    "1994": 14.09,
    "1995": 15.16,
    "1996": 14.95,
    "1997": 14.09,
    "1998": 13.06,
    "1999": 12.52,
    "2000": 11.34,
    "2001": 11.42,
    "2002": 11.19,
    "2003": 10.97,
    "2004": 10.88,
    "2005": 10.23,
    "2006": 10.19,
    "2007": 9.63,
    "2008": 7.65,
    "2009": 7.4,
    "2010": 6.97,
    "country": "China",
    "Notes": 55,
    "Reporting year": null
  },
  {
    "1988": 3.02,
    "1989": 3.08,
    "1990": 3.07,
    "1991": 3.07,
    "1992": 2.99,
    "1993": 2.84,
    "1994": 2.76,
    "1995": 2.7,
    "1996": 2.65,
    "1997": 2.73,
    "1998": 2.39,
    "1999": 2.62,
    "2000": 2.55,
    "2001": 2.65,
    "2002": 2.66,
    "2003": 2.68,
    "2004": 2.75,
    "2005": 2.74,
    "2006": 2.73,
    "2007": 2.67,
    "2008": 2.66,
    "2009": 2.52,
    "2010": 2.51,
    "country": "Japan",
    "Notes": 56,
    "Reporting year": null
  },
  {
    "1988": null,
    "1989": null,
    "1990": null,
    "1991": null,
    "1992": null,
    "1993": null,
    "1994": null,
    "1995": null,
    "1996": null,
    "1997": null,
    "1998": null,
    "1999": null,
    "2000": null,
    "2001": null,
    "2002": null,
    "2003": null,
    "2004": null,
    "2005": null,
    "2006": null,
    "2007": null,
    "2008": null,
    "2009": null,
    "2010": null,
    "country": "Korea, North",
    "Notes": 57,
    "Reporting year": null
  },
  {
    "1988": null,
    "1989": null,
    "1990": null,
    "1991": null,
    "1992": null,
    "1993": null,
    "1994": null,
    "1995": 20.31,
    "1996": 18.51,
    "1997": 18.16,
    "1998": 16.42,
    "1999": 14.53,
    "2000": 14.42,
    "2001": 13.46,
    "2002": 13.66,
    "2003": 12.17,
    "2004": 11.71,
    "2005": 12.56,
    "2006": 12.28,
    "2007": 12.07,
    "2008": 12.5,
    "2009": 12.79,
    "2010": 13.22,
    "country": "Korea, South",
    "Notes": 58,
    "Reporting year": null
  },
  {
    "1988": 13.96,
    "1989": 12.59,
    "1990": 9.15,
    "1991": 8.54,
    "1992": 7.24,
    "1993": 4.76,
    "1994": 5.5,
    "1995": 5.51,
    "1996": 5.61,
    "1997": 5.13,
    "1998": 4.9,
    "1999": 5.13,
    "2000": 6.18,
    "2001": 5.18,
    "2002": 5.1,
    "2003": 4.53,
    "2004": 4.38,
    "2005": 4.7,
    "2006": 4.38,
    "2007": 3.78,
    "2008": 3.15,
    "2009": 2.32,
    "2010": 2.42,
    "country": "Mongolia",
    "Notes": null,
    "Reporting year": null
  },
  {
    "1988": 22.53,
    "1989": 16.2,
    "1990": 18.41,
    "1991": 16.48,
    "1992": 16.08,
    "1993": 17.17,
    "1994": 16.45,
    "1995": 14.76,
    "1996": 14.84,
    "1997": 13.78,
    "1998": 12.14,
    "1999": 12.63,
    "2000": 8.24,
    "2001": 10.96,
    "2002": 11.1,
    "2003": 10.62,
    "2004": 10.63,
    "2005": 10.23,
    "2006": 10.15,
    "2007": 10.54,
    "2008": 10.9,
    "2009": 10.35,
    "2010": 10.16,
    "country": "Taiwan",
    "Notes": null,
    "Reporting year": null
  },
  {
    "1988": 13.23,
    "1989": 12.51,
    "1990": 14.69,
    "1991": 15.24,
    "1992": 13.35,
    "1993": 11.03,
    "1994": 9.27,
    "1995": 9.09,
    "1996": 12.37,
    "1997": 13.44,
    "1998": 12.1,
    "1999": 10.13,
    "2000": 9.8,
    "2001": 9.89,
    "2002": 8.43,
    "2003": 10.84,
    "2004": 6.89,
    "2005": 8.1,
    "2006": 8.25,
    "2007": 8.12,
    "2008": 8.35,
    "2009": 8.44,
    "2010": 7.88,
    "country": "Brunei",
    "Notes": null,
    "Reporting year": null
  },
  {
    "1988": null,
    "1989": null,
    "1990": null,
    "1991": null,
    "1992": null,
    "1993": null,
    "1994": null,
    "1995": null,
    "1996": 20.67,
    "1997": 24.19,
    "1998": 19.86,
    "1999": 18.18,
    "2000": 14.69,
    "2001": 11.73,
    "2002": 9,
    "2003": 9.19,
    "2004": 9.35,
    "2005": 9.14,
    "2006": 8.05,
    "2007": 6.35,
    "2008": 5.19,
    "2009": 6.44,
    "2010": 7.14,
    "country": "Cambodia",
    "Notes": null,
    "Reporting year": null
  },
  {
    "1988": null,
    "1989": null,
    "1990": null,
    "1991": null,
    "1992": null,
    "1993": 7.19,
    "1994": 7.75,
    "1995": 8.52,
    "1996": 9.09,
    "1997": 8.13,
    "1998": 5.59,
    "1999": 4.43,
    "2000": 4.11,
    "2001": 2.7,
    "2002": 3.8,
    "2003": 4.6,
    "2004": 4.88,
    "2005": 3.97,
    "2006": 3.58,
    "2007": 3.8,
    "2008": 2.99,
    "2009": 3.35,
    "2010": 3.66,
    "country": "Indonesia",
    "Notes": 62,
    "Reporting year": null
  },
  {
    "1988": null,
    "1989": null,
    "1990": null,
    "1991": null,
    "1992": null,
    "1993": null,
    "1994": null,
    "1995": null,
    "1996": null,
    "1997": null,
    "1998": null,
    "1999": null,
    "2000": 3.85,
    "2001": 3.58,
    "2002": 3.51,
    "2003": 3.07,
    "2004": 3.2,
    "2005": 2.56,
    "2006": 2.33,
    "2007": 2.07,
    "2008": 1.71,
    "2009": 1.08,
    "2010": 0.91,
    "country": "Laos",
    "Notes": null,
    "Reporting year": null
  },
  {
    "1988": null,
    "1989": null,
    "1990": 7.8,
    "1991": 10.72,
    "1992": 9.72,
    "1993": 10.73,
    "1994": 11.23,
    "1995": 11.18,
    "1996": 9.84,
    "1997": 9.05,
    "1998": 6.38,
    "1999": 7.83,
    "2000": 5.86,
    "2001": 6.78,
    "2002": 7.51,
    "2003": 8.55,
    "2004": 8.03,
    "2005": 8.46,
    "2006": 7.49,
    "2007": 7.57,
    "2008": 6.78,
    "2009": 6.06,
    "2010": 5.6,
    "country": "Malaysia",
    "Notes": 63,
    "Reporting year": null
  },
  {
    "1988": null,
    "1989": null,
    "1990": null,
    "1991": null,
    "1992": null,
    "1993": null,
    "1994": null,
    "1995": null,
    "1996": null,
    "1997": null,
    "1998": 10.48,
    "1999": 9.77,
    "2000": 11.2,
    "2001": 10.62,
    "2002": 10.07,
    "2003": 15.02,
    "2004": 13.73,
    "2005": 11.86,
    "2006": null,
    "2007": null,
    "2008": null,
    "2009": null,
    "2010": null,
    "country": "Myanmar",
    "Notes": null,
    "Reporting year": null
  },
  {
    "1988": null,
    "1989": 12.48,
    "1990": 10.01,
    "1991": 9.77,
    "1992": 9.69,
    "1993": 10.75,
    "1994": 9.67,
    "1995": 10.52,
    "1996": 10.12,
    "1997": 8.26,
    "1998": 8.09,
    "1999": 7.55,
    "2000": 7.48,
    "2001": 6.77,
    "2002": 6.92,
    "2003": 7.32,
    "2004": 6.76,
    "2005": 6.82,
    "2006": 6.89,
    "2007": 7.1,
    "2008": 6.99,
    "2009": 6.26,
    "2010": 6.38,
    "country": "Philippines",
    "Notes": 65,
    "Reporting year": null
  },
  {
    "1988": null,
    "1989": null,
    "1990": 29.92,
    "1991": 27.51,
    "1992": 29.65,
    "1993": 27.17,
    "1994": 32.99,
    "1995": 29.38,
    "1996": 23.17,
    "1997": 30.36,
    "1998": 29.26,
    "1999": 31.84,
    "2000": 27.43,
    "2001": 26.5,
    "2002": 30.43,
    "2003": 30.12,
    "2004": 30.56,
    "2005": 33.7,
    "2006": 30.93,
    "2007": 39.22,
    "2008": 27.95,
    "2009": 23.41,
    "2010": 32.2,
    "country": "Singapore",
    "Notes": null,
    "Reporting year": null
  },
  {
    "1988": null,
    "1989": null,
    "1990": null,
    "1991": null,
    "1992": null,
    "1993": null,
    "1994": null,
    "1995": 13.67,
    "1996": 12.32,
    "1997": 10.07,
    "1998": 7.82,
    "1999": 6.38,
    "2000": 8.04,
    "2001": 7.19,
    "2002": 5.58,
    "2003": 6.91,
    "2004": 6.01,
    "2005": 5.14,
    "2006": 5.16,
    "2007": 5.23,
    "2008": 6.48,
    "2009": 7.25,
    "2010": 7.04,
    "country": "Thailand",
    "Notes": null,
    "Reporting year": null
  },
  {
    "1988": null,
    "1989": null,
    "1990": null,
    "1991": null,
    "1992": null,
    "1993": null,
    "1994": null,
    "1995": null,
    "1996": null,
    "1997": null,
    "1998": null,
    "1999": null,
    "2000": null,
    "2001": null,
    "2002": null,
    "2003": null,
    "2004": null,
    "2005": 3.05,
    "2006": 6.29,
    "2007": 5.76,
    "2008": 2.98,
    "2009": 4.12,
    "2010": 2.47,
    "country": "Timor Leste",
    "Notes": null,
    "Reporting year": null
  },
  {
    "1988": null,
    "1989": null,
    "1990": null,
    "1991": null,
    "1992": null,
    "1993": null,
    "1994": null,
    "1995": null,
    "1996": null,
    "1997": null,
    "1998": null,
    "1999": null,
    "2000": null,
    "2001": null,
    "2002": null,
    "2003": 7.55,
    "2004": 7.49,
    "2005": 6.8,
    "2006": 7.43,
    "2007": 8.14,
    "2008": 7.94,
    "2009": 7.14,
    "2010": 7.65,
    "country": "Viet Nam",
    "Notes": null,
    "Reporting year": null
  },
  {
    "1988": null,
    "1989": null,
    "1990": null,
    "1991": null,
    "1992": null,
    "1993": null,
    "1994": null,
    "1995": null,
    "1996": null,
    "1997": null,
    "1998": null,
    "1999": null,
    "2000": null,
    "2001": null,
    "2002": 4.86,
    "2003": 4.82,
    "2004": 4.65,
    "2005": 4.71,
    "2006": 4.94,
    "2007": 5.47,
    "2008": 4.27,
    "2009": 4.7,
    "2010": 4.51,
    "country": "Kazakhstan",
    "Notes": null,
    "Reporting year": null
  },
  {
    "1988": null,
    "1989": null,
    "1990": null,
    "1991": null,
    "1992": null,
    "1993": null,
    "1994": null,
    "1995": 9.13,
    "1996": 10.44,
    "1997": 9.99,
    "1998": 7.42,
    "1999": 7.48,
    "2000": 9.53,
    "2001": 8.35,
    "2002": 9.29,
    "2003": 10.21,
    "2004": 10.01,
    "2005": 10.59,
    "2006": 10.88,
    "2007": 10.33,
    "2008": 10.42,
    "2009": 9.76,
    "2010": 10.37,
    "country": "Kyrgyz Republic",
    "Notes": 52,
    "Reporting year": null
  },
  {
    "1988": null,
    "1989": null,
    "1990": null,
    "1991": null,
    "1992": null,
    "1993": null,
    "1994": null,
    "1995": null,
    "1996": null,
    "1997": null,
    "1998": 9.98,
    "1999": 7.93,
    "2000": 6.57,
    "2001": 6.8,
    "2002": 11.05,
    "2003": 11.74,
    "2004": 10.75,
    "2005": null,
    "2006": null,
    "2007": null,
    "2008": 5.07,
    "2009": 4.04,
    "2010": 3.68,
    "country": "Tajikistan",
    "Notes": null,
    "Reporting year": null
  },
  {
    "1988": null,
    "1989": null,
    "1990": null,
    "1991": null,
    "1992": null,
    "1993": null,
    "1994": null,
    "1995": null,
    "1996": null,
    "1997": 15.83,
    "1998": 12.82,
    "1999": 14.96,
    "2000": null,
    "2001": null,
    "2002": null,
    "2003": null,
    "2004": null,
    "2005": null,
    "2006": null,
    "2007": null,
    "2008": null,
    "2009": null,
    "2010": null,
    "country": "Turkmenistan",
    "Notes": null,
    "Reporting year": null
  },
  {
    "1988": null,
    "1989": null,
    "1990": null,
    "1991": null,
    "1992": null,
    "1993": null,
    "1994": 4.5,
    "1995": 3.01,
    "1996": 2.81,
    "1997": 3.51,
    "1998": null,
    "1999": 3.88,
    "2000": 2.8,
    "2001": 2.18,
    "2002": 1.38,
    "2003": 1.36,
    "2004": null,
    "2005": null,
    "2006": null,
    "2007": null,
    "2008": null,
    "2009": null,
    "2010": null,
    "country": "Uzbekistan",
    "Notes": null,
    "Reporting year": null
  },
  {
    "1988": null,
    "1989": null,
    "1990": null,
    "1991": null,
    "1992": null,
    "1993": null,
    "1994": null,
    "1995": null,
    "1996": null,
    "1997": 4.42,
    "1998": 3.58,
    "1999": 3.58,
    "2000": 3.84,
    "2001": 4.15,
    "2002": 4.27,
    "2003": 4.61,
    "2004": 4.66,
    "2005": 4.73,
    "2006": 5.43,
    "2007": 6.23,
    "2008": 6.26,
    "2009": 4.64,
    "2010": 5.3,
    "country": "Albania",
    "Notes": null,
    "Reporting year": null
  },
  {
    "1988": null,
    "1989": null,
    "1990": null,
    "1991": null,
    "1992": null,
    "1993": null,
    "1994": null,
    "1995": null,
    "1996": null,
    "1997": null,
    "1998": null,
    "1999": null,
    "2000": null,
    "2001": null,
    "2002": 7.55,
    "2003": 5.03,
    "2004": 4.32,
    "2005": 3.47,
    "2006": 3.13,
    "2007": 2.73,
    "2008": 2.52,
    "2009": 2.81,
    "2010": 2.63,
    "country": "Bosnia and Herzegovina",
    "Notes": null,
    "Reporting year": null
  },
  {
    "1988": null,
    "1989": null,
    "1990": null,
    "1991": null,
    "1992": null,
    "1993": null,
    "1994": null,
    "1995": null,
    "1996": null,
    "1997": null,
    "1998": 6.96,
    "1999": 7.24,
    "2000": 7.14,
    "2001": 7.85,
    "2002": 7.93,
    "2003": 7.52,
    "2004": 6.86,
    "2005": 6.57,
    "2006": 6.41,
    "2007": 6.73,
    "2008": 6.37,
    "2009": 5.15,
    "2010": 4.75,
    "country": "Bulgaria",
    "Notes": null,
    "Reporting year": null
  },
  {
    "1988": null,
    "1989": null,
    "1990": null,
    "1991": null,
    "1992": 17.19,
    "1993": 25.02,
    "1994": 20.61,
    "1995": 18.27,
    "1996": 15.69,
    "1997": 14.58,
    "1998": 9.86,
    "1999": 7.5,
    "2000": 5.54,
    "2001": 5.35,
    "2002": 5.56,
    "2003": 4.12,
    "2004": 3.59,
    "2005": 3.79,
    "2006": 3.77,
    "2007": 3.5,
    "2008": 3.97,
    "2009": 3.63,
    "2010": 3.49,
    "country": "Croatia",
    "Notes": 70,
    "Reporting year": null
  },
  {
    "1988": null,
    "1989": null,
    "1990": null,
    "1991": null,
    "1992": null,
    "1993": null,
    "1994": null,
    "1995": 3.33,
    "1996": 4,
    "1997": 3.82,
    "1998": 4.17,
    "1999": 4.49,
    "2000": 4.58,
    "2001": 4.03,
    "2002": 4.07,
    "2003": 3.84,
    "2004": 4.03,
    "2005": 4.2,
    "2006": 3.78,
    "2007": 3.52,
    "2008": 3.02,
    "2009": 2.95,
    "2010": 2.74,
    "country": "Czechia",
    "Notes": 71,
    "Reporting year": null
  },
  {
    "1988": null,
    "1989": null,
    "1990": null,
    "1991": null,
    "1992": null,
    "1993": null,
    "1994": null,
    "1995": null,
    "1996": null,
    "1997": null,
    "1998": null,
    "1999": null,
    "2000": null,
    "2001": null,
    "2002": null,
    "2003": null,
    "2004": null,
    "2005": null,
    "2006": null,
    "2007": null,
    "2008": null,
    "2009": null,
    "2010": null,
    "country": "Czechoslovakia",
    "Notes": 72,
    "Reporting year": null
  },
  {
    "1988": null,
    "1989": null,
    "1990": null,
    "1991": null,
    "1992": null,
    "1993": null,
    "1994": null,
    "1995": 2.35,
    "1996": 2.24,
    "1997": 2.87,
    "1998": 2.72,
    "1999": 3.15,
    "2000": 3.78,
    "2001": 4.29,
    "2002": 4.62,
    "2003": 4.95,
    "2004": 4.95,
    "2005": 4.3,
    "2006": 4.15,
    "2007": 4.91,
    "2008": 4.48,
    "2009": 3.92,
    "2010": 4.22,
    "country": "Estonia",
    "Notes": null,
    "Reporting year": null
  },
  {
    "1988": null,
    "1989": null,
    "1990": null,
    "1991": null,
    "1992": null,
    "1993": null,
    "1994": null,
    "1995": null,
    "1996": null,
    "1997": null,
    "1998": null,
    "1999": null,
    "2000": null,
    "2001": null,
    "2002": null,
    "2003": null,
    "2004": null,
    "2005": null,
    "2006": null,
    "2007": null,
    "2008": null,
    "2009": null,
    "2010": null,
    "country": "German Democratic Republic",
    "Notes": 74,
    "Reporting year": null
  },
  {
    "1988": null,
    "1989": null,
    "1990": null,
    "1991": null,
    "1992": null,
    "1993": null,
    "1994": null,
    "1995": 2.39,
    "1996": 2.46,
    "1997": 2.97,
    "1998": 2.5,
    "1999": 2.92,
    "2000": 3.2,
    "2001": 3.33,
    "2002": 3.13,
    "2003": 3.35,
    "2004": 3.02,
    "2005": 2.86,
    "2006": 2.37,
    "2007": 2.54,
    "2008": 2.42,
    "2009": 2.23,
    "2010": 2.09,
    "country": "Hungary",
    "Notes": null,
    "Reporting year": null
  },
  {
    "1988": null,
    "1989": null,
    "1990": null,
    "1991": null,
    "1992": null,
    "1993": null,
    "1994": null,
    "1995": null,
    "1996": null,
    "1997": null,
    "1998": null,
    "1999": null,
    "2000": null,
    "2001": null,
    "2002": null,
    "2003": null,
    "2004": null,
    "2005": null,
    "2006": null,
    "2007": null,
    "2008": 0.07,
    "2009": 1.79,
    "2010": 2.42,
    "country": "Kosovo",
    "Notes": null,
    "Reporting year": null
  },
  {
    "1988": null,
    "1989": null,
    "1990": null,
    "1991": null,
    "1992": null,
    "1993": null,
    "1994": null,
    "1995": null,
    "1996": null,
    "1997": null,
    "1998": 1.59,
    "1999": 1.91,
    "2000": 2.43,
    "2001": 3.03,
    "2002": 4.5,
    "2003": 4.89,
    "2004": 4.77,
    "2005": 4.67,
    "2006": 5.06,
    "2007": 4.71,
    "2008": 4.46,
    "2009": 3.25,
    "2010": 2.54,
    "country": "Latvia",
    "Notes": null,
    "Reporting year": null
  },
  {
    "1988": null,
    "1989": null,
    "1990": null,
    "1991": null,
    "1992": null,
    "1993": 2.2,
    "1994": 1.35,
    "1995": 1.37,
    "1996": 1.57,
    "1997": 2.29,
    "1998": 3.34,
    "1999": 2.46,
    "2000": 3.39,
    "2001": 3.89,
    "2002": 3.83,
    "2003": 3.5,
    "2004": 3.6,
    "2005": 3.48,
    "2006": 3.45,
    "2007": 3.23,
    "2008": 3.05,
    "2009": 2.48,
    "2010": 2.13,
    "country": "Lithuania",
    "Notes": null,
    "Reporting year": null
  },
  {
    "1988": null,
    "1989": null,
    "1990": null,
    "1991": null,
    "1992": null,
    "1993": null,
    "1994": null,
    "1995": null,
    "1996": null,
    "1997": 6.46,
    "1998": 6.39,
    "1999": 5.17,
    "2000": 5.78,
    "2001": 16.33,
    "2002": 6.93,
    "2003": 6.5,
    "2004": 6.98,
    "2005": 6.25,
    "2006": 5.84,
    "2007": 6.2,
    "2008": 5.16,
    "2009": 5.03,
    "2010": 4.25,
    "country": "North Macedonia",
    "Notes": null,
    "Reporting year": null
  },
  {
    "1988": null,
    "1989": null,
    "1990": null,
    "1991": null,
    "1992": null,
    "1993": null,
    "1994": null,
    "1995": null,
    "1996": null,
    "1997": null,
    "1998": null,
    "1999": null,
    "2000": null,
    "2001": null,
    "2002": null,
    "2003": null,
    "2004": null,
    "2005": 7.06,
    "2006": 5.38,
    "2007": 3.98,
    "2008": 3.66,
    "2009": 3.59,
    "2010": 3.89,
    "country": "Montenegro",
    "Notes": 76,
    "Reporting year": null
  },
  {
    "1988": null,
    "1989": null,
    "1990": null,
    "1991": null,
    "1992": null,
    "1993": null,
    "1994": null,
    "1995": 4.1,
    "1996": 3.86,
    "1997": 4.38,
    "1998": 4.56,
    "1999": 4.5,
    "2000": 4.24,
    "2001": 4.24,
    "2002": 4.2,
    "2003": 4.18,
    "2004": 4.31,
    "2005": 4.35,
    "2006": 4.32,
    "2007": 4.67,
    "2008": 3.97,
    "2009": 3.99,
    "2010": 4,
    "country": "Poland",
    "Notes": 78,
    "Reporting year": null
  },
  {
    "1988": null,
    "1989": null,
    "1990": 11.82,
    "1991": 12.38,
    "1992": 10.12,
    "1993": 8.11,
    "1994": 9.32,
    "1995": 7.98,
    "1996": 7.33,
    "1997": 9,
    "1998": 8.49,
    "1999": 7.57,
    "2000": 7.17,
    "2001": 7.36,
    "2002": 7.15,
    "2003": 6.8,
    "2004": 6.06,
    "2005": 6.21,
    "2006": 5.45,
    "2007": 4.32,
    "2008": 3.97,
    "2009": 3.52,
    "2010": 3.28,
    "country": "Romania",
    "Notes": null,
    "Reporting year": null
  },
  {
    "1988": null,
    "1989": null,
    "1990": null,
    "1991": null,
    "1992": null,
    "1993": null,
    "1994": null,
    "1995": null,
    "1996": null,
    "1997": null,
    "1998": null,
    "1999": null,
    "2000": 16.43,
    "2001": 11.91,
    "2002": 9.81,
    "2003": 8.23,
    "2004": 7.28,
    "2005": 5.71,
    "2006": 5.12,
    "2007": 5.33,
    "2008": 4.69,
    "2009": 5.04,
    "2010": 4.87,
    "country": "Serbia",
    "Notes": 79,
    "Reporting year": null
  },
  {
    "1988": null,
    "1989": null,
    "1990": null,
    "1991": null,
    "1992": null,
    "1993": null,
    "1994": null,
    "1995": 6.5,
    "1996": 5.56,
    "1997": 4.68,
    "1998": 3.8,
    "1999": 3.28,
    "2000": 3.13,
    "2001": 4.06,
    "2002": 3.9,
    "2003": 4.55,
    "2004": 4.35,
    "2005": 4.23,
    "2006": 4.11,
    "2007": 4.06,
    "2008": 3.94,
    "2009": 3.41,
    "2010": 2.96,
    "country": "Slovakia",
    "Notes": null,
    "Reporting year": null
  },
  {
    "1988": null,
    "1989": null,
    "1990": null,
    "1991": null,
    "1992": null,
    "1993": null,
    "1994": null,
    "1995": 2.95,
    "1996": 3.4,
    "1997": 3.09,
    "1998": 2.94,
    "1999": 2.58,
    "2000": 2.31,
    "2001": 2.67,
    "2002": 2.95,
    "2003": 2.98,
    "2004": 3.08,
    "2005": 3.07,
    "2006": 3.39,
    "2007": 3.33,
    "2008": 3.32,
    "2009": 3.21,
    "2010": 3.19,
    "country": "Slovenia",
    "Notes": null,
    "Reporting year": null
  },
  {
    "1988": null,
    "1989": null,
    "1990": null,
    "1991": null,
    "1992": null,
    "1993": null,
    "1994": null,
    "1995": null,
    "1996": null,
    "1997": null,
    "1998": null,
    "1999": null,
    "2000": null,
    "2001": null,
    "2002": null,
    "2003": null,
    "2004": null,
    "2005": null,
    "2006": null,
    "2007": null,
    "2008": null,
    "2009": null,
    "2010": null,
    "country": "Yugoslavia",
    "Notes": 80,
    "Reporting year": null
  },
  {
    "1988": null,
    "1989": null,
    "1990": null,
    "1991": null,
    "1992": null,
    "1993": null,
    "1994": null,
    "1995": null,
    "1996": null,
    "1997": null,
    "1998": null,
    "1999": null,
    "2000": null,
    "2001": null,
    "2002": null,
    "2003": null,
    "2004": null,
    "2005": 14.45,
    "2006": 14.74,
    "2007": 13.57,
    "2008": 15.27,
    "2009": 14.56,
    "2010": 16.28,
    "country": "Armenia",
    "Notes": null,
    "Reporting year": null
  },
  {
    "1988": null,
    "1989": null,
    "1990": null,
    "1991": null,
    "1992": null,
    "1993": null,
    "1994": 13.27,
    "1995": 14.46,
    "1996": 11.37,
    "1997": 11.52,
    "1998": 13.39,
    "1999": 13.46,
    "2000": 12.43,
    "2001": 13.78,
    "2002": 9.69,
    "2003": 11.2,
    "2004": 10.86,
    "2005": 10.22,
    "2006": 13.51,
    "2007": 10.99,
    "2008": 10.47,
    "2009": 9.64,
    "2010": 8.73,
    "country": "Azerbaijan",
    "Notes": null,
    "Reporting year": null
  },
  {
    "1988": null,
    "1989": null,
    "1990": null,
    "1991": null,
    "1992": null,
    "1993": null,
    "1994": null,
    "1995": null,
    "1996": null,
    "1997": null,
    "1998": null,
    "1999": null,
    "2000": null,
    "2001": 32.8,
    "2002": 30.94,
    "2003": 28.86,
    "2004": 29.85,
    "2005": 32.21,
    "2006": 35.02,
    "2007": 32.45,
    "2008": 23.43,
    "2009": 25.68,
    "2010": 30.27,
    "country": "Belarus",
    "Notes": null,
    "Reporting year": null
  },
  {
    "1988": null,
    "1989": null,
    "1990": null,
    "1991": null,
    "1992": null,
    "1993": null,
    "1994": null,
    "1995": null,
    "1996": 11.7,
    "1997": 5.57,
    "1998": 5.85,
    "1999": 4.55,
    "2000": 3.54,
    "2001": 4.28,
    "2002": 6.09,
    "2003": 6.46,
    "2004": 7.09,
    "2005": 15.03,
    "2006": 22.4,
    "2007": 32.22,
    "2008": 26.08,
    "2009": 15.66,
    "2010": 11.8,
    "country": "Georgia",
    "Notes": null,
    "Reporting year": null
  },
  {
    "1988": null,
    "1989": null,
    "1990": null,
    "1991": null,
    "1992": null,
    "1993": null,
    "1994": null,
    "1995": 2.2,
    "1996": 2.09,
    "1997": 1.96,
    "1998": 1.6,
    "1999": 1.55,
    "2000": 1.14,
    "2001": 1.36,
    "2002": 1.37,
    "2003": 1.24,
    "2004": 1.04,
    "2005": 1.08,
    "2006": 1.2,
    "2007": 1.21,
    "2008": 1.47,
    "2009": 1.01,
    "2010": 0.77,
    "country": "Moldova",
    "Notes": null,
    "Reporting year": null
  },
  {
    "1988": null,
    "1989": null,
    "1990": null,
    "1991": null,
    "1992": null,
    "1993": null,
    "1994": null,
    "1995": null,
    "1996": null,
    "1997": null,
    "1998": 6.91,
    "1999": 8.99,
    "2000": 10.82,
    "2001": 11.3,
    "2002": 11.14,
    "2003": 11.29,
    "2004": 11.17,
    "2005": 11.34,
    "2006": 11.21,
    "2007": 9.79,
    "2008": 9.86,
    "2009": 10.19,
    "2010": 10.12,
    "country": "Russia",
    "Notes": 83,
    "Reporting year": null
  },
  {
    "1988": null,
    "1989": null,
    "1990": null,
    "1991": null,
    "1992": null,
    "1993": null,
    "1994": null,
    "1995": 6.62,
    "1996": 8.62,
    "1997": 9.77,
    "1998": 8.75,
    "1999": 11.16,
    "2000": 9.91,
    "2001": 7.84,
    "2002": 7.33,
    "2003": 7.33,
    "2004": 6.25,
    "2005": 6.33,
    "2006": 6.22,
    "2007": 6.55,
    "2008": 5.64,
    "2009": 6.06,
    "2010": 5.58,
    "country": "Ukraine",
    "Notes": 84,
    "Reporting year": null
  },
  {
    "1988": null,
    "1989": null,
    "1990": null,
    "1991": null,
    "1992": null,
    "1993": null,
    "1994": null,
    "1995": null,
    "1996": null,
    "1997": null,
    "1998": null,
    "1999": null,
    "2000": null,
    "2001": null,
    "2002": null,
    "2003": null,
    "2004": null,
    "2005": null,
    "2006": null,
    "2007": null,
    "2008": null,
    "2009": null,
    "2010": null,
    "country": "USSR",
    "Notes": null,
    "Reporting year": null
  },
  {
    "1988": 2.7,
    "1989": 2.64,
    "1990": 2.55,
    "1991": 2.41,
    "1992": 2.24,
    "1993": 2.06,
    "1994": 2.03,
    "1995": 1.9,
    "1996": 1.86,
    "1997": 1.95,
    "1998": 1.83,
    "1999": 1.94,
    "2000": 1.93,
    "2001": 1.77,
    "2002": 1.73,
    "2003": 1.78,
    "2004": 1.66,
    "2005": 1.66,
    "2006": 1.56,
    "2007": 1.83,
    "2008": 1.75,
    "2009": 1.54,
    "2010": 1.55,
    "country": "Austria",
    "Notes": null,
    "Reporting year": null
  },
  {
    "1988": 4.64,
    "1989": 4.47,
    "1990": 4.28,
    "1991": 4.06,
    "1992": 3.24,
    "1993": 3.01,
    "1994": 3.03,
    "1995": 2.93,
    "1996": 2.86,
    "1997": 2.83,
    "1998": 2.78,
    "1999": 2.76,
    "2000": 2.73,
    "2001": 2.6,
    "2002": 2.45,
    "2003": 2.39,
    "2004": 2.35,
    "2005": 2.11,
    "2006": 2.16,
    "2007": 2.26,
    "2008": 2.41,
    "2009": 2.14,
    "2010": 2.02,
    "country": "Belgium",
    "Notes": null,
    "Reporting year": null
  },
  {
    "1988": null,
    "1989": null,
    "1990": null,
    "1991": null,
    "1992": null,
    "1993": null,
    "1994": null,
    "1995": 9.89,
    "1996": 13.79,
    "1997": 16.37,
    "1998": 13.74,
    "1999": 8.05,
    "2000": 8.07,
    "2001": 8.83,
    "2002": 5.69,
    "2003": 4.92,
    "2004": 5.06,
    "2005": 5.13,
    "2006": 4.86,
    "2007": 4.48,
    "2008": 4.26,
    "2009": 4.34,
    "2010": 4.44,
    "country": "Cyprus",
    "Notes": null,
    "Reporting year": null
  },
  {
    "1988": 3.64,
    "1989": 3.51,
    "1990": 3.48,
    "1991": 3.46,
    "1992": 3.29,
    "1993": 3.15,
    "1994": 2.93,
    "1995": 2.87,
    "1996": 2.83,
    "1997": 2.88,
    "1998": 2.89,
    "1999": 2.86,
    "2000": 2.76,
    "2001": 2.89,
    "2002": 2.84,
    "2003": 2.74,
    "2004": 2.69,
    "2005": 2.56,
    "2006": 2.77,
    "2007": 2.64,
    "2008": 2.68,
    "2009": 2.39,
    "2010": 2.47,
    "country": "Denmark",
    "Notes": null,
    "Reporting year": null
  },
  {
    "1988": 3.15,
    "1989": 3.17,
    "1990": 3.22,
    "1991": 3.09,
    "1992": 3.03,
    "1993": 2.85,
    "1994": 2.74,
    "1995": 2.37,
    "1996": 2.62,
    "1997": 2.79,
    "1998": 2.85,
    "1999": 2.45,
    "2000": 2.64,
    "2001": 2.47,
    "2002": 2.43,
    "2003": 2.99,
    "2004": 3.05,
    "2005": 2.98,
    "2006": 2.99,
    "2007": 2.76,
    "2008": 2.91,
    "2009": 2.89,
    "2010": 2.77,
    "country": "Finland",
    "Notes": 85,
    "Reporting year": null
  },
  {
    "1988": 5.77,
    "1989": 5.73,
    "1990": 5.51,
    "1991": 5.4,
    "1992": 5.05,
    "1993": 4.81,
    "1994": 4.81,
    "1995": 4.49,
    "1996": 4.35,
    "1997": 4.31,
    "1998": 4.16,
    "1999": 4.1,
    "2000": 3.98,
    "2001": 3.86,
    "2002": 3.82,
    "2003": 3.87,
    "2004": 3.92,
    "2005": 3.74,
    "2006": 3.68,
    "2007": 3.56,
    "2008": 3.5,
    "2009": 3.62,
    "2010": 3.41,
    "country": "France",
    "Notes": 101,
    "Reporting year": null
  },
  {
    "1988": null,
    "1989": null,
    "1990": null,
    "1991": 4.24,
    "1992": 3.88,
    "1993": 3.47,
    "1994": 3.18,
    "1995": 2.69,
    "1996": 2.94,
    "1997": 2.88,
    "1998": 2.86,
    "1999": 2.85,
    "2000": 2.8,
    "2001": 2.74,
    "2002": 2.72,
    "2003": 2.68,
    "2004": 2.66,
    "2005": 2.63,
    "2006": 2.6,
    "2007": 2.65,
    "2008": 2.68,
    "2009": 2.66,
    "2010": 2.58,
    "country": "Germany",
    "Notes": null,
    "Reporting year": null
  },
  {
    "1988": 10.81,
    "1989": 9.43,
    "1990": 8.59,
    "1991": 8.62,
    "1992": 8.57,
    "1993": 8.12,
    "1994": 8.45,
    "1995": 6.64,
    "1996": 7.02,
    "1997": 7.31,
    "1998": 7.4,
    "1999": 7.28,
    "2000": 7.46,
    "2001": 7.07,
    "2002": 6.72,
    "2003": 5.35,
    "2004": 5.47,
    "2005": 6.23,
    "2006": 6.17,
    "2007": 5.69,
    "2008": 5.87,
    "2009": 5.96,
    "2010": 5.19,
    "country": "Greece",
    "Notes": null,
    "Reporting year": null
  },
  {
    "1988": null,
    "1989": null,
    "1990": null,
    "1991": null,
    "1992": null,
    "1993": null,
    "1994": null,
    "1995": null,
    "1996": null,
    "1997": null,
    "1998": null,
    "1999": null,
    "2000": null,
    "2001": null,
    "2002": null,
    "2003": null,
    "2004": null,
    "2005": null,
    "2006": null,
    "2007": null,
    "2008": null,
    "2009": null,
    "2010": null,
    "country": "Iceland",
    "Notes": 86,
    "Reporting year": null
  },
  {
    "1988": 2.49,
    "1989": 2.61,
    "1990": 2.77,
    "1991": 2.79,
    "1992": 2.63,
    "1993": 2.62,
    "1994": 2.57,
    "1995": 2.52,
    "1996": 2.57,
    "1997": 2.56,
    "1998": 2.41,
    "1999": 2.31,
    "2000": 2.27,
    "2001": 2.18,
    "2002": 1.93,
    "2003": 1.8,
    "2004": 1.73,
    "2005": 1.64,
    "2006": 1.53,
    "2007": 1.43,
    "2008": 1.39,
    "2009": 1.28,
    "2010": 0.89,
    "country": "Ireland",
    "Notes": null,
    "Reporting year": null
  },
  {
    "1988": 4.03,
    "1989": 3.83,
    "1990": 3.29,
    "1991": 3.18,
    "1992": 3.01,
    "1993": 3.01,
    "1994": 3.03,
    "1995": 2.84,
    "1996": 3.08,
    "1997": 3.28,
    "1998": 3.41,
    "1999": 3.56,
    "2000": 3.74,
    "2001": 3.54,
    "2002": 3.64,
    "2003": 3.62,
    "2004": 3.58,
    "2005": 3.39,
    "2006": 3.18,
    "2007": 3.09,
    "2008": 3.2,
    "2009": 3.03,
    "2010": 3,
    "country": "Italy",
    "Notes": 87,
    "Reporting year": null
  },
  {
    "1988": null,
    "1989": null,
    "1990": null,
    "1991": null,
    "1992": null,
    "1993": null,
    "1994": null,
    "1995": 1.49,
    "1996": 1.47,
    "1997": 1.49,
    "1998": 1.53,
    "1999": 1.45,
    "2000": 1.44,
    "2001": 1.78,
    "2002": 1.41,
    "2003": 1.4,
    "2004": 1.39,
    "2005": 1.35,
    "2006": 1.32,
    "2007": 1.34,
    "2008": 0.96,
    "2009": 0.87,
    "2010": 1.05,
    "country": "Luxembourg",
    "Notes": 88,
    "Reporting year": null
  },
  {
    "1988": null,
    "1989": null,
    "1990": null,
    "1991": null,
    "1992": null,
    "1993": null,
    "1994": null,
    "1995": null,
    "1996": null,
    "1997": null,
    "1998": null,
    "1999": null,
    "2000": 1.46,
    "2001": 1.5,
    "2002": 1.46,
    "2003": 1.38,
    "2004": 1.58,
    "2005": 1.94,
    "2006": 1.55,
    "2007": 1.51,
    "2008": 1.46,
    "2009": 1.65,
    "2010": 1.62,
    "country": "Malta",
    "Notes": null,
    "Reporting year": null
  },
  {
    "1988": 4.93,
    "1989": 4.92,
    "1990": 4.73,
    "1991": 4.42,
    "1992": 4.3,
    "1993": 3.89,
    "1994": 3.78,
    "1995": 3.33,
    "1996": 3.74,
    "1997": 3.65,
    "1998": 3.56,
    "1999": 3.55,
    "2000": 3.32,
    "2001": 3.26,
    "2002": 3.17,
    "2003": 3.14,
    "2004": 3.18,
    "2005": 3.2,
    "2006": 3.15,
    "2007": 3.11,
    "2008": 2.93,
    "2009": 2.86,
    "2010": 2.7,
    "country": "Netherlands",
    "Notes": null,
    "Reporting year": null
  },
  {
    "1988": 5.87,
    "1989": 5.95,
    "1990": 5.79,
    "1991": 5.4,
    "1992": 5.67,
    "1993": 5.24,
    "1994": 5.42,
    "1995": 4.68,
    "1996": 4.6,
    "1997": 4.43,
    "1998": 4.51,
    "1999": 4.39,
    "2000": 4.12,
    "2001": 3.94,
    "2002": 4.5,
    "2003": 4.13,
    "2004": 4.12,
    "2005": 3.77,
    "2006": 3.57,
    "2007": 3.56,
    "2008": 3.45,
    "2009": 3.5,
    "2010": 3.39,
    "country": "Norway",
    "Notes": null,
    "Reporting year": null
  },
  {
    "1988": 4.36,
    "1989": 4.44,
    "1990": 4.24,
    "1991": 3.88,
    "1992": 3.68,
    "1993": 3.76,
    "1994": 3.86,
    "1995": 4.01,
    "1996": 3.72,
    "1997": 3.64,
    "1998": 3.34,
    "1999": 3.35,
    "2000": 3.28,
    "2001": 3.28,
    "2002": 3.32,
    "2003": 3.16,
    "2004": 3.27,
    "2005": 3.41,
    "2006": 3.35,
    "2007": 3.09,
    "2008": 3.12,
    "2009": 3.05,
    "2010": 2.87,
    "country": "Portugal",
    "Notes": null,
    "Reporting year": null
  },
  {
    "1988": 6.15,
    "1989": 5.62,
    "1990": 5.33,
    "1991": 4.77,
    "1992": 4.44,
    "1993": 4.12,
    "1994": 4.24,
    "1995": 4.22,
    "1996": 4.1,
    "1997": 4.03,
    "1998": 4.08,
    "1999": 4.39,
    "2000": 4.4,
    "2001": 4.24,
    "2002": 3.77,
    "2003": 3.71,
    "2004": 3.68,
    "2005": 3.6,
    "2006": 3.56,
    "2007": 3.47,
    "2008": 3.3,
    "2009": 2.94,
    "2010": 3.01,
    "country": "Spain",
    "Notes": 89,
    "Reporting year": null
  },
  {
    "1988": 4,
    "1989": 3.99,
    "1990": 3.97,
    "1991": 3.54,
    "1992": 3.27,
    "1993": 3.29,
    "1994": 3.23,
    "1995": 2.81,
    "1996": 2.46,
    "1997": 3.28,
    "1998": 3.35,
    "1999": 3.36,
    "2000": 3.47,
    "2001": 3.42,
    "2002": 3.1,
    "2003": 3,
    "2004": 2.78,
    "2005": 2.74,
    "2006": 2.63,
    "2007": 2.69,
    "2008": 2.37,
    "2009": 2.26,
    "2010": 2.4,
    "country": "Sweden",
    "Notes": null,
    "Reporting year": null
  },
  {
    "1988": 5.38,
    "1989": 5.34,
    "1990": 5.52,
    "1991": 5.07,
    "1992": 4.73,
    "1993": 4.09,
    "1994": 3.98,
    "1995": 4.06,
    "1996": 3.78,
    "1997": 3.6,
    "1998": 3.53,
    "1999": 3.18,
    "2000": 3.11,
    "2001": 3.05,
    "2002": 2.73,
    "2003": 2.72,
    "2004": 2.63,
    "2005": 2.57,
    "2006": 2.47,
    "2007": 2.44,
    "2008": 2.41,
    "2009": 2.31,
    "2010": 2.19,
    "country": "Switzerland",
    "Notes": null,
    "Reporting year": null
  },
  {
    "1988": 11.31,
    "1989": 11.03,
    "1990": 10.43,
    "1991": 10.53,
    "1992": 9.4,
    "1993": 8.73,
    "1994": 8.29,
    "1995": 7.57,
    "1996": 7.61,
    "1997": 7.32,
    "1998": 7.23,
    "1999": 7.12,
    "2000": 6.96,
    "2001": 6.91,
    "2002": 6.89,
    "2003": 6.84,
    "2004": 6.54,
    "2005": 6.3,
    "2006": 6.17,
    "2007": 6.15,
    "2008": 6.08,
    "2009": 5.94,
    "2010": 5.75,
    "country": "United Kingdom",
    "Notes": 91,
    "Reporting year": null
  },
  {
    "1988": null,
    "1989": null,
    "1990": null,
    "1991": null,
    "1992": null,
    "1993": null,
    "1994": null,
    "1995": null,
    "1996": null,
    "1997": null,
    "1998": null,
    "1999": null,
    "2000": null,
    "2001": null,
    "2002": null,
    "2003": null,
    "2004": null,
    "2005": null,
    "2006": null,
    "2007": null,
    "2008": null,
    "2009": null,
    "2010": null,
    "country": "European Union",
    "Notes": null,
    "Reporting year": null
  },
  {
    "1988": null,
    "1989": null,
    "1990": 14.29,
    "1991": 16.98,
    "1992": 16.75,
    "1993": 16.77,
    "1994": 16.29,
    "1995": 17.09,
    "1996": 19.3,
    "1997": 13.61,
    "1998": 17.59,
    "1999": 17.02,
    "2000": 17.15,
    "2001": 14.64,
    "2002": 14.52,
    "2003": 15.91,
    "2004": 15.53,
    "2005": 12.9,
    "2006": 12.87,
    "2007": 12.66,
    "2008": 11.84,
    "2009": 14.08,
    "2010": 10.12,
    "country": "Bahrain",
    "Notes": 8,
    "Reporting year": null
  },
  {
    "1988": null,
    "1989": null,
    "1990": null,
    "1991": null,
    "1992": null,
    "1993": null,
    "1994": null,
    "1995": null,
    "1996": null,
    "1997": null,
    "1998": null,
    "1999": 9.79,
    "2000": 9.82,
    "2001": 10.72,
    "2002": 10.6,
    "2003": 10.37,
    "2004": 9.55,
    "2005": 8.95,
    "2006": 7.55,
    "2007": 7.61,
    "2008": 6.67,
    "2009": 6.25,
    "2010": 6.23,
    "country": "Egypt",
    "Notes": null,
    "Reporting year": null
  },
  {
    "1988": null,
    "1989": null,
    "1990": 14.48,
    "1991": 12.49,
    "1992": 9.9,
    "1993": 5.14,
    "1994": 7.6,
    "1995": 8.5,
    "1996": 10.65,
    "1997": 11.87,
    "1998": 12.94,
    "1999": 12.57,
    "2000": 14.04,
    "2001": 14.57,
    "2002": 11.1,
    "2003": 12.13,
    "2004": 14.9,
    "2005": 13.61,
    "2006": 14.32,
    "2007": 15.25,
    "2008": 12.98,
    "2009": 15.69,
    "2010": 15.97,
    "country": "Iran",
    "Notes": 92,
    "Reporting year": null
  },
  {
    "1988": null,
    "1989": null,
    "1990": null,
    "1991": null,
    "1992": null,
    "1993": null,
    "1994": null,
    "1995": null,
    "1996": null,
    "1997": null,
    "1998": null,
    "1999": null,
    "2000": null,
    "2001": null,
    "2002": null,
    "2003": null,
    "2004": 1.83,
    "2005": 3.55,
    "2006": 3.77,
    "2007": 5.09,
    "2008": 4.14,
    "2009": 4.75,
    "2010": 5.47,
    "country": "Iraq",
    "Notes": null,
    "Reporting year": null
  },
  {
    "1988": null,
    "1989": null,
    "1990": null,
    "1991": null,
    "1992": null,
    "1993": null,
    "1994": null,
    "1995": null,
    "1996": null,
    "1997": null,
    "1998": null,
    "1999": null,
    "2000": 14.06,
    "2001": 13.67,
    "2002": 12.76,
    "2003": 13.8,
    "2004": 14.3,
    "2005": 14.3,
    "2006": 14.1,
    "2007": 15.35,
    "2008": 15.16,
    "2009": 14.47,
    "2010": 14.6,
    "country": "Israel",
    "Notes": 94,
    "Reporting year": null
  },
  {
    "1988": 21.03,
    "1989": 21.19,
    "1990": 17.51,
    "1991": 22.08,
    "1992": 19.19,
    "1993": 18.87,
    "1994": 18.7,
    "1995": 12.33,
    "1996": 16.33,
    "1997": 17.74,
    "1998": 17.45,
    "1999": 18.63,
    "2000": 18.32,
    "2001": 17.79,
    "2002": 15.92,
    "2003": 16.07,
    "2004": 13.63,
    "2005": 12.33,
    "2006": 12.81,
    "2007": 16.05,
    "2008": 17.65,
    "2009": 18.51,
    "2010": 17.93,
    "country": "Jordan",
    "Notes": null,
    "Reporting year": null
  },
  {
    "1988": 16.56,
    "1989": 19.86,
    "1990": 39.93,
    "1991": 56.82,
    "1992": 41.4,
    "1993": 21.61,
    "1994": 23.27,
    "1995": 26.61,
    "1996": 24.54,
    "1997": 18.81,
    "1998": 17.28,
    "1999": 17.32,
    "2000": 24.38,
    "2001": 18.9,
    "2002": 17.56,
    "2003": 17.36,
    "2004": 16.62,
    "2005": 15.24,
    "2006": 11.05,
    "2007": 11.88,
    "2008": 7.39,
    "2009": 9.31,
    "2010": 8.3,
    "country": "Kuwait",
    "Notes": 95,
    "Reporting year": null
  },
  {
    "1988": null,
    "1989": null,
    "1990": 19.14,
    "1991": 14.68,
    "1992": 22.4,
    "1993": 26.45,
    "1994": 14.99,
    "1995": 21.87,
    "1996": 13.17,
    "1997": 10.77,
    "1998": 11.73,
    "1999": 13.58,
    "2000": 12.75,
    "2001": 14.18,
    "2002": 13.1,
    "2003": 13.01,
    "2004": 13.55,
    "2005": 14.25,
    "2006": 12.68,
    "2007": 13.19,
    "2008": 11.7,
    "2009": 12.56,
    "2010": 14.15,
    "country": "Lebanon",
    "Notes": null,
    "Reporting year": null
  },
  {
    "1988": null,
    "1989": null,
    "1990": 29.61,
    "1991": 25.77,
    "1992": 26.48,
    "1993": 25.1,
    "1994": 25.83,
    "1995": 25.01,
    "1996": 24.51,
    "1997": 25.44,
    "1998": 22.74,
    "1999": 22,
    "2000": 22.7,
    "2001": 24.63,
    "2002": 23.73,
    "2003": 23.45,
    "2004": 23.07,
    "2005": 25.19,
    "2006": 23.62,
    "2007": 21.86,
    "2008": 19.39,
    "2009": 18.2,
    "2010": 18.47,
    "country": "Oman",
    "Notes": null,
    "Reporting year": null
  },
  {
    "1988": null,
    "1989": null,
    "1990": 25.25,
    "1991": 27.9,
    "1992": null,
    "1993": null,
    "1994": null,
    "1995": null,
    "1996": null,
    "1997": null,
    "1998": null,
    "1999": null,
    "2000": null,
    "2001": null,
    "2002": 12.46,
    "2003": 11.61,
    "2004": 8.42,
    "2005": 6.86,
    "2006": 6.15,
    "2007": 6.98,
    "2008": 8.74,
    "2009": 6.06,
    "2010": 4.9,
    "country": "Qatar",
    "Notes": null,
    "Reporting year": null
  },
  {
    "1988": null,
    "1989": null,
    "1990": 35.44,
    "1991": 35.44,
    "1992": 27.26,
    "1993": 32.83,
    "1994": 31.3,
    "1995": 28.45,
    "1996": 25.25,
    "1997": 30.72,
    "1998": 41.16,
    "1999": 37.37,
    "2000": 31.79,
    "2001": 30.91,
    "2002": 27.21,
    "2003": 26.23,
    "2004": 25.99,
    "2005": 27.46,
    "2006": 28.78,
    "2007": 28.95,
    "2008": 27.56,
    "2009": 25.95,
    "2010": 25.95,
    "country": "Saudi Arabia",
    "Notes": 97,
    "Reporting year": null
  },
  {
    "1988": null,
    "1989": null,
    "1990": 24.3,
    "1991": 30.43,
    "1992": 26.32,
    "1993": 24.61,
    "1994": 24.34,
    "1995": 23.35,
    "1996": 21.82,
    "1997": 20.3,
    "1998": 20.15,
    "1999": 20.73,
    "2000": 19.02,
    "2001": 18.88,
    "2002": 17.38,
    "2003": 19.14,
    "2004": 17.69,
    "2005": 17.84,
    "2006": 16.48,
    "2007": 15.93,
    "2008": 15.47,
    "2009": 15.05,
    "2010": 13.62,
    "country": "Syria",
    "Notes": null,
    "Reporting year": null
  },
  {
    "1988": null,
    "1989": null,
    "1990": null,
    "1991": null,
    "1992": null,
    "1993": null,
    "1994": null,
    "1995": null,
    "1996": null,
    "1997": null,
    "1998": null,
    "1999": null,
    "2000": null,
    "2001": null,
    "2002": null,
    "2003": null,
    "2004": null,
    "2005": null,
    "2006": null,
    "2007": null,
    "2008": null,
    "2009": null,
    "2010": null,
    "country": "Türkiye",
    "Notes": null,
    "Reporting year": null
  },
  {
    "1988": null,
    "1989": null,
    "1990": null,
    "1991": null,
    "1992": null,
    "1993": null,
    "1994": null,
    "1995": null,
    "1996": null,
    "1997": 19.16,
    "1998": 20.61,
    "1999": 20.65,
    "2000": 26.19,
    "2001": 22.25,
    "2002": 22.85,
    "2003": 23.4,
    "2004": 26.04,
    "2005": 23.22,
    "2006": 20.64,
    "2007": 18.58,
    "2008": 16.71,
    "2009": 15.59,
    "2010": 18.74,
    "country": "United Arab Emirates",
    "Notes": null,
    "Reporting year": null
  },
  {
    "1988": null,
    "1989": null,
    "1990": null,
    "1991": null,
    "1992": null,
    "1993": null,
    "1994": null,
    "1995": null,
    "1996": null,
    "1997": null,
    "1998": null,
    "1999": null,
    "2000": null,
    "2001": null,
    "2002": null,
    "2003": null,
    "2004": null,
    "2005": null,
    "2006": null,
    "2007": null,
    "2008": null,
    "2009": null,
    "2010": null,
    "country": "Yemen, North",
    "Notes": null,
    "Reporting year": null
  },
  {
    "1988": null,
    "1989": null,
    "1990": 24.6,
    "1991": 28.34,
    "1992": 29.55,
    "1993": 27.42,
    "1994": 33.35,
    "1995": 26.32,
    "1996": 17.2,
    "1997": 16.96,
    "1998": 17.75,
    "1999": 18.31,
    "2000": 15.51,
    "2001": 17.98,
    "2002": 22.4,
    "2003": 19.41,
    "2004": 15.52,
    "2005": 13.24,
    "2006": 11.53,
    "2007": 12.02,
    "2008": 10.78,
    "2009": 16.05,
    "2010": 15.51,
    "country": "Yemen",
    "Notes": null,
    "Reporting year": null
  }
]