[
  {
    "1949": null,
    "1950": null,
    "1951": null,
    "1952": null,
    "1953": null,
    "1954": null,
    "1955": null,
    "1956": null,
    "1957": null,
    "1958": null,
    "1959": null,
    "1960": 1.61,
    "1961": 1.92,
    "1962": null,
    "1963": 2.51,
    "1964": 3.5,
    "1965": 3.42,
    "1966": 3.51,
    "1967": 3.02,
    "1968": 2.61,
    "1969": 2.39,
    "1970": 2.13,
    "1971": 2.09,
    "1972": 1.8,
    "country": "Algeria",
    "Notes": null
  },
  {
    "1949": null,
    "1950": null,
    "1951": null,
    "1952": null,
    "1953": null,
    "1954": null,
    "1955": null,
    "1956": null,
    "1957": null,
    "1958": null,
    "1959": null,
    "1960": 1.59,
    "1961": 1.86,
    "1962": 3.1,
    "1963": 2.41,
    "1964": 1.84,
    "1965": 1.86,
    "1966": 2.91,
    "1967": 3.36,
    "1968": 2.86,
    "1969": 3.76,
    "1970": 6.07,
    "1971": 5.32,
    "1972": 3.71,
    "country": "Libya",
    "Notes": null
  },
  {
    "1949": null,
    "1950": null,
    "1951": null,
    "1952": null,
    "1953": null,
    "1954": null,
    "1955": null,
    "1956": 1.18,
    "1957": 1.76,
    "1958": 2.14,
    "1959": 2.47,
    "1960": 2.32,
    "1961": 2.7,
    "1962": 2.57,
    "1963": 3.2,
    "1964": 2.84,
    "1965": 2.43,
    "1966": 2.68,
    "1967": 2.62,
    "1968": 3,
    "1969": 2.39,
    "1970": 2.32,
    "1971": 2.63,
    "1972": 2.84,
    "country": "Morocco",
    "Notes": null
  },
  {
    "1949": null,
    "1950": null,
    "1951": null,
    "1952": null,
    "1953": null,
    "1954": null,
    "1955": null,
    "1956": null,
    "1957": null,
    "1958": null,
    "1959": null,
    "1960": 2,
    "1961": 2.22,
    "1962": 1.73,
    "1963": 1.51,
    "1964": 1.74,
    "1965": 1.29,
    "1966": 1.32,
    "1967": 1.42,
    "1968": 1.44,
    "1969": 1.31,
    "1970": 1.56,
    "1971": 1.48,
    "1972": 1.41,
    "country": "Tunisia",
    "Notes": null
  },
  {
    "1949": null,
    "1950": null,
    "1951": null,
    "1952": null,
    "1953": null,
    "1954": null,
    "1955": null,
    "1956": null,
    "1957": null,
    "1958": null,
    "1959": null,
    "1960": null,
    "1961": null,
    "1962": null,
    "1963": null,
    "1964": null,
    "1965": null,
    "1966": null,
    "1967": null,
    "1968": null,
    "1969": null,
    "1970": null,
    "1971": null,
    "1972": null,
    "country": "Angola",
    "Notes": null
  },
  {
    "1949": null,
    "1950": null,
    "1951": null,
    "1952": null,
    "1953": null,
    "1954": null,
    "1955": null,
    "1956": null,
    "1957": null,
    "1958": null,
    "1959": null,
    "1960": 0.87,
    "1961": 1.4,
    "1962": 1.75,
    "1963": 1.74,
    "1964": 2.18,
    "1965": 2.11,
    "1966": 1.9,
    "1967": 1.98,
    "1968": 2.07,
    "1969": 1.89,
    "1970": 1.63,
    "1971": 1.6,
    "1972": 1.49,
    "country": "Benin",
    "Notes": null
  },
  {
    "1949": null,
    "1950": null,
    "1951": null,
    "1952": null,
    "1953": null,
    "1954": null,
    "1955": null,
    "1956": null,
    "1957": null,
    "1958": null,
    "1959": null,
    "1960": null,
    "1961": null,
    "1962": null,
    "1963": null,
    "1964": null,
    "1965": null,
    "1966": null,
    "1967": null,
    "1968": null,
    "1969": null,
    "1970": null,
    "1971": null,
    "1972": null,
    "country": "Botswana",
    "Notes": null
  },
  {
    "1949": null,
    "1950": null,
    "1951": null,
    "1952": null,
    "1953": null,
    "1954": null,
    "1955": null,
    "1956": null,
    "1957": null,
    "1958": null,
    "1959": null,
    "1960": 0.68,
    "1961": 0.83,
    "1962": 2.35,
    "1963": 2.38,
    "1964": 2.61,
    "1965": 1.52,
    "1966": 1.65,
    "1967": 1.33,
    "1968": 1.18,
    "1969": 1.25,
    "1970": 1.17,
    "1971": 1.18,
    "1972": 1.14,
    "country": "Burkina Faso",
    "Notes": null
  },
  {
    "1949": null,
    "1950": null,
    "1951": null,
    "1952": null,
    "1953": null,
    "1954": null,
    "1955": null,
    "1956": null,
    "1957": null,
    "1958": null,
    "1959": null,
    "1960": null,
    "1961": 0.19,
    "1962": 3.94,
    "1963": 0.43,
    "1964": 0.45,
    "1965": 1.35,
    "1966": 1.38,
    "1967": 1.33,
    "1968": 1.41,
    "1969": 1.75,
    "1970": null,
    "1971": 1.03,
    "1972": 1.46,
    "country": "Burundi",
    "Notes": null
  },
  {
    "1949": null,
    "1950": null,
    "1951": null,
    "1952": null,
    "1953": null,
    "1954": null,
    "1955": null,
    "1956": null,
    "1957": null,
    "1958": null,
    "1959": null,
    "1960": null,
    "1961": null,
    "1962": null,
    "1963": null,
    "1964": null,
    "1965": null,
    "1966": null,
    "1967": null,
    "1968": null,
    "1969": null,
    "1970": 1.87,
    "1971": 1.84,
    "1972": 1.76,
    "country": "Cameroon",
    "Notes": null
  },
  {
    "1949": null,
    "1950": null,
    "1951": null,
    "1952": null,
    "1953": null,
    "1954": null,
    "1955": null,
    "1956": null,
    "1957": null,
    "1958": null,
    "1959": null,
    "1960": null,
    "1961": null,
    "1962": null,
    "1963": null,
    "1964": null,
    "1965": null,
    "1966": null,
    "1967": null,
    "1968": null,
    "1969": null,
    "1970": null,
    "1971": null,
    "1972": null,
    "country": "Cape Verde",
    "Notes": null
  },
  {
    "1949": null,
    "1950": null,
    "1951": null,
    "1952": null,
    "1953": null,
    "1954": null,
    "1955": null,
    "1956": null,
    "1957": null,
    "1958": null,
    "1959": null,
    "1960": null,
    "1961": null,
    "1962": null,
    "1963": null,
    "1964": null,
    "1965": null,
    "1966": null,
    "1967": null,
    "1968": null,
    "1969": null,
    "1970": null,
    "1971": null,
    "1972": null,
    "country": "Central African Republic",
    "Notes": 14
  },
  {
    "1949": null,
    "1950": null,
    "1951": null,
    "1952": null,
    "1953": null,
    "1954": null,
    "1955": null,
    "1956": null,
    "1957": null,
    "1958": null,
    "1959": null,
    "1960": null,
    "1961": null,
    "1962": null,
    "1963": null,
    "1964": null,
    "1965": null,
    "1966": null,
    "1967": null,
    "1968": null,
    "1969": null,
    "1970": null,
    "1971": null,
    "1972": null,
    "country": "Chad",
    "Notes": null
  },
  {
    "1949": null,
    "1950": null,
    "1951": null,
    "1952": null,
    "1953": null,
    "1954": null,
    "1955": null,
    "1956": null,
    "1957": null,
    "1958": null,
    "1959": null,
    "1960": null,
    "1961": null,
    "1962": null,
    "1963": null,
    "1964": null,
    "1965": null,
    "1966": null,
    "1967": null,
    "1968": null,
    "1969": null,
    "1970": null,
    "1971": null,
    "1972": null,
    "country": "Congo, DR",
    "Notes": null
  },
  {
    "1949": null,
    "1950": null,
    "1951": null,
    "1952": null,
    "1953": null,
    "1954": null,
    "1955": null,
    "1956": null,
    "1957": null,
    "1958": null,
    "1959": null,
    "1960": null,
    "1961": null,
    "1962": null,
    "1963": null,
    "1964": null,
    "1965": null,
    "1966": null,
    "1967": null,
    "1968": null,
    "1969": null,
    "1970": 4.86,
    "1971": 4.6,
    "1972": 3.53,
    "country": "Congo, Republic",
    "Notes": null
  },
  {
    "1949": null,
    "1950": null,
    "1951": null,
    "1952": null,
    "1953": null,
    "1954": null,
    "1955": null,
    "1956": null,
    "1957": null,
    "1958": null,
    "1959": null,
    "1960": null,
    "1961": null,
    "1962": 1.28,
    "1963": 1,
    "1964": 1.14,
    "1965": 1.32,
    "1966": 1.26,
    "1967": 1.31,
    "1968": 1.16,
    "1969": 1.15,
    "1970": 1.18,
    "1971": 1.5,
    "1972": 1.7,
    "country": "Cote d'Ivoire",
    "Notes": 18
  },
  {
    "1949": null,
    "1950": null,
    "1951": null,
    "1952": null,
    "1953": null,
    "1954": null,
    "1955": null,
    "1956": null,
    "1957": null,
    "1958": null,
    "1959": null,
    "1960": null,
    "1961": null,
    "1962": null,
    "1963": null,
    "1964": null,
    "1965": null,
    "1966": null,
    "1967": null,
    "1968": null,
    "1969": null,
    "1970": null,
    "1971": null,
    "1972": null,
    "country": "Djibouti",
    "Notes": null
  },
  {
    "1949": null,
    "1950": null,
    "1951": null,
    "1952": null,
    "1953": null,
    "1954": null,
    "1955": null,
    "1956": null,
    "1957": null,
    "1958": null,
    "1959": null,
    "1960": null,
    "1961": null,
    "1962": null,
    "1963": null,
    "1964": null,
    "1965": null,
    "1966": null,
    "1967": null,
    "1968": null,
    "1969": null,
    "1970": null,
    "1971": null,
    "1972": null,
    "country": "Equatorial Guinea",
    "Notes": null
  },
  {
    "1949": null,
    "1950": null,
    "1951": null,
    "1952": null,
    "1953": null,
    "1954": null,
    "1955": null,
    "1956": null,
    "1957": null,
    "1958": null,
    "1959": null,
    "1960": null,
    "1961": null,
    "1962": null,
    "1963": null,
    "1964": null,
    "1965": null,
    "1966": null,
    "1967": null,
    "1968": null,
    "1969": null,
    "1970": null,
    "1971": null,
    "1972": null,
    "country": "Eritrea",
    "Notes": null
  },
  {
    "1949": null,
    "1950": null,
    "1951": null,
    "1952": null,
    "1953": null,
    "1954": null,
    "1955": null,
    "1956": null,
    "1957": null,
    "1958": null,
    "1959": null,
    "1960": null,
    "1961": 1.86,
    "1962": 1.93,
    "1963": 2.43,
    "1964": 2.92,
    "1965": 3.23,
    "1966": 3.11,
    "1967": 2.49,
    "1968": 2.2,
    "1969": 2.02,
    "1970": 1.88,
    "1971": 1.91,
    "1972": 1.94,
    "country": "Ethiopia",
    "Notes": null
  },
  {
    "1949": null,
    "1950": null,
    "1951": null,
    "1952": null,
    "1953": null,
    "1954": null,
    "1955": null,
    "1956": null,
    "1957": null,
    "1958": null,
    "1959": null,
    "1960": null,
    "1961": null,
    "1962": null,
    "1963": null,
    "1964": null,
    "1965": null,
    "1966": null,
    "1967": 1.11,
    "1968": 1.02,
    "1969": 1.37,
    "1970": 1.43,
    "1971": 1.44,
    "1972": 1.55,
    "country": "Gabon",
    "Notes": null
  },
  {
    "1949": null,
    "1950": null,
    "1951": null,
    "1952": null,
    "1953": null,
    "1954": null,
    "1955": null,
    "1956": null,
    "1957": null,
    "1958": null,
    "1959": null,
    "1960": null,
    "1961": null,
    "1962": null,
    "1963": null,
    "1964": null,
    "1965": null,
    "1966": null,
    "1967": null,
    "1968": null,
    "1969": null,
    "1970": null,
    "1971": null,
    "1972": null,
    "country": "Gambia, The",
    "Notes": null
  },
  {
    "1949": null,
    "1950": null,
    "1951": null,
    "1952": null,
    "1953": null,
    "1954": null,
    "1955": null,
    "1956": null,
    "1957": null,
    "1958": 1,
    "1959": 1.03,
    "1960": 1.71,
    "1961": 2.1,
    "1962": 2,
    "1963": 2.02,
    "1964": 1.92,
    "1965": 1.73,
    "1966": 2.23,
    "1967": null,
    "1968": 2.66,
    "1969": 2.5,
    "1970": 2.12,
    "1971": 1.7,
    "1972": 1.43,
    "country": "Ghana",
    "Notes": null
  },
  {
    "1949": null,
    "1950": null,
    "1951": null,
    "1952": null,
    "1953": null,
    "1954": null,
    "1955": null,
    "1956": null,
    "1957": null,
    "1958": null,
    "1959": null,
    "1960": null,
    "1961": null,
    "1962": null,
    "1963": null,
    "1964": null,
    "1965": null,
    "1966": null,
    "1967": null,
    "1968": null,
    "1969": null,
    "1970": null,
    "1971": null,
    "1972": null,
    "country": "Guinea",
    "Notes": 23
  },
  {
    "1949": null,
    "1950": null,
    "1951": null,
    "1952": null,
    "1953": null,
    "1954": null,
    "1955": null,
    "1956": null,
    "1957": null,
    "1958": null,
    "1959": null,
    "1960": null,
    "1961": null,
    "1962": null,
    "1963": null,
    "1964": null,
    "1965": null,
    "1966": null,
    "1967": null,
    "1968": null,
    "1969": null,
    "1970": null,
    "1971": null,
    "1972": null,
    "country": "Guinea-Bissau",
    "Notes": null
  },
  {
    "1949": null,
    "1950": null,
    "1951": null,
    "1952": null,
    "1953": null,
    "1954": null,
    "1955": null,
    "1956": null,
    "1957": null,
    "1958": null,
    "1959": null,
    "1960": 0.33,
    "1961": 0.11,
    "1962": 0.08,
    "1963": 0.21,
    "1964": 0.59,
    "1965": 0.99,
    "1966": 1.13,
    "1967": 1.3,
    "1968": 1.22,
    "1969": 1.08,
    "1970": 1.06,
    "1971": 1.23,
    "1972": 1.54,
    "country": "Kenya",
    "Notes": null
  },
  {
    "1949": null,
    "1950": null,
    "1951": null,
    "1952": null,
    "1953": null,
    "1954": null,
    "1955": null,
    "1956": null,
    "1957": null,
    "1958": null,
    "1959": null,
    "1960": null,
    "1961": null,
    "1962": null,
    "1963": null,
    "1964": null,
    "1965": null,
    "1966": null,
    "1967": null,
    "1968": null,
    "1969": null,
    "1970": null,
    "1971": null,
    "1972": null,
    "country": "Lesotho",
    "Notes": null
  },
  {
    "1949": null,
    "1950": null,
    "1951": null,
    "1952": null,
    "1953": null,
    "1954": null,
    "1955": null,
    "1956": null,
    "1957": null,
    "1958": null,
    "1959": null,
    "1960": null,
    "1961": null,
    "1962": null,
    "1963": null,
    "1964": null,
    "1965": 1.18,
    "1966": 1.15,
    "1967": 1.17,
    "1968": 1.1,
    "1969": 0.99,
    "1970": 1.1,
    "1971": 1.19,
    "1972": 1.1,
    "country": "Liberia",
    "Notes": 25
  },
  {
    "1949": null,
    "1950": null,
    "1951": null,
    "1952": null,
    "1953": null,
    "1954": null,
    "1955": null,
    "1956": null,
    "1957": null,
    "1958": null,
    "1959": null,
    "1960": null,
    "1961": 1.5,
    "1962": 1.54,
    "1963": 1.46,
    "1964": 1.46,
    "1965": 1.59,
    "1966": 1.54,
    "1967": 1.55,
    "1968": 1.55,
    "1969": 1.51,
    "1970": 1.35,
    "1971": 1.32,
    "1972": 1.49,
    "country": "Madagascar",
    "Notes": null
  },
  {
    "1949": null,
    "1950": null,
    "1951": null,
    "1952": null,
    "1953": null,
    "1954": null,
    "1955": null,
    "1956": null,
    "1957": null,
    "1958": null,
    "1959": null,
    "1960": null,
    "1961": null,
    "1962": null,
    "1963": null,
    "1964": null,
    "1965": 0.7,
    "1966": 0.65,
    "1967": 0.72,
    "1968": 0.7,
    "1969": 0.67,
    "1970": 0.64,
    "1971": 0.58,
    "1972": 0.6,
    "country": "Malawi",
    "Notes": null
  },
  {
    "1949": null,
    "1950": null,
    "1951": null,
    "1952": null,
    "1953": null,
    "1954": null,
    "1955": null,
    "1956": null,
    "1957": null,
    "1958": null,
    "1959": null,
    "1960": null,
    "1961": 2.7,
    "1962": 2.89,
    "1963": 2.65,
    "1964": 2.87,
    "1965": 2.52,
    "1966": 2.41,
    "1967": 2.4,
    "1968": 1.99,
    "1969": 2.18,
    "1970": 2.23,
    "1971": 1.92,
    "1972": 2.38,
    "country": "Mali",
    "Notes": null
  },
  {
    "1949": null,
    "1950": null,
    "1951": null,
    "1952": null,
    "1953": null,
    "1954": null,
    "1955": null,
    "1956": null,
    "1957": null,
    "1958": null,
    "1959": null,
    "1960": null,
    "1961": null,
    "1962": null,
    "1963": null,
    "1964": null,
    "1965": null,
    "1966": null,
    "1967": null,
    "1968": null,
    "1969": null,
    "1970": null,
    "1971": null,
    "1972": null,
    "country": "Mauritania",
    "Notes": null
  },
  {
    "1949": null,
    "1950": null,
    "1951": null,
    "1952": null,
    "1953": null,
    "1954": null,
    "1955": null,
    "1956": null,
    "1957": null,
    "1958": null,
    "1959": null,
    "1960": null,
    "1961": null,
    "1962": null,
    "1963": 0.14,
    "1964": 0.17,
    "1965": 0.16,
    "1966": 0.17,
    "1967": 0.16,
    "1968": 0.16,
    "1969": 0.18,
    "1970": 0.22,
    "1971": 0.22,
    "1972": 0.2,
    "country": "Mauritius",
    "Notes": null
  },
  {
    "1949": null,
    "1950": null,
    "1951": null,
    "1952": null,
    "1953": null,
    "1954": null,
    "1955": null,
    "1956": null,
    "1957": null,
    "1958": null,
    "1959": null,
    "1960": null,
    "1961": null,
    "1962": null,
    "1963": null,
    "1964": null,
    "1965": null,
    "1966": null,
    "1967": null,
    "1968": null,
    "1969": null,
    "1970": null,
    "1971": null,
    "1972": null,
    "country": "Mozambique",
    "Notes": null
  },
  {
    "1949": null,
    "1950": null,
    "1951": null,
    "1952": null,
    "1953": null,
    "1954": null,
    "1955": null,
    "1956": null,
    "1957": null,
    "1958": null,
    "1959": null,
    "1960": null,
    "1961": null,
    "1962": null,
    "1963": null,
    "1964": null,
    "1965": null,
    "1966": null,
    "1967": null,
    "1968": null,
    "1969": null,
    "1970": null,
    "1971": null,
    "1972": null,
    "country": "Namibia",
    "Notes": null
  },
  {
    "1949": null,
    "1950": null,
    "1951": null,
    "1952": null,
    "1953": null,
    "1954": null,
    "1955": null,
    "1956": null,
    "1957": null,
    "1958": null,
    "1959": null,
    "1960": null,
    "1961": null,
    "1962": null,
    "1963": null,
    "1964": null,
    "1965": null,
    "1966": null,
    "1967": null,
    "1968": null,
    "1969": null,
    "1970": null,
    "1971": null,
    "1972": null,
    "country": "Niger",
    "Notes": null
  },
  {
    "1949": null,
    "1950": null,
    "1951": null,
    "1952": null,
    "1953": null,
    "1954": null,
    "1955": null,
    "1956": null,
    "1957": null,
    "1958": null,
    "1959": null,
    "1960": 0.7,
    "1961": 0.85,
    "1962": 1.1,
    "1963": 1.1,
    "1964": 1.23,
    "1965": 1.4,
    "1966": 1.1,
    "1967": 5.81,
    "1968": 9.16,
    "1969": 10.32,
    "1970": 5.28,
    "1971": 4.39,
    "1972": 5.39,
    "country": "Nigeria",
    "Notes": null
  },
  {
    "1949": null,
    "1950": null,
    "1951": null,
    "1952": null,
    "1953": null,
    "1954": null,
    "1955": null,
    "1956": null,
    "1957": null,
    "1958": null,
    "1959": null,
    "1960": null,
    "1961": null,
    "1962": null,
    "1963": null,
    "1964": null,
    "1965": null,
    "1966": null,
    "1967": null,
    "1968": null,
    "1969": null,
    "1970": null,
    "1971": null,
    "1972": null,
    "country": "Rwanda",
    "Notes": 29
  },
  {
    "1949": null,
    "1950": null,
    "1951": null,
    "1952": null,
    "1953": null,
    "1954": null,
    "1955": null,
    "1956": null,
    "1957": null,
    "1958": null,
    "1959": null,
    "1960": null,
    "1961": null,
    "1962": null,
    "1963": null,
    "1964": null,
    "1965": null,
    "1966": null,
    "1967": null,
    "1968": null,
    "1969": null,
    "1970": null,
    "1971": null,
    "1972": null,
    "country": "Senegal",
    "Notes": null
  },
  {
    "1949": null,
    "1950": null,
    "1951": null,
    "1952": null,
    "1953": null,
    "1954": null,
    "1955": null,
    "1956": null,
    "1957": null,
    "1958": null,
    "1959": null,
    "1960": null,
    "1961": null,
    "1962": null,
    "1963": null,
    "1964": null,
    "1965": null,
    "1966": null,
    "1967": null,
    "1968": null,
    "1969": null,
    "1970": null,
    "1971": null,
    "1972": null,
    "country": "Seychelles",
    "Notes": null
  },
  {
    "1949": null,
    "1950": null,
    "1951": null,
    "1952": null,
    "1953": null,
    "1954": null,
    "1955": null,
    "1956": null,
    "1957": null,
    "1958": null,
    "1959": null,
    "1960": 0.75,
    "1961": 0.73,
    "1962": 0.71,
    "1963": 0.76,
    "1964": 0.78,
    "1965": 0.72,
    "1966": 0.69,
    "1967": 0.8,
    "1968": 0.8,
    "1969": 0.87,
    "1970": 0.93,
    "1971": 0.9,
    "1972": 0.95,
    "country": "Sierra Leone",
    "Notes": 31
  },
  {
    "1949": null,
    "1950": null,
    "1951": null,
    "1952": null,
    "1953": null,
    "1954": null,
    "1955": null,
    "1956": null,
    "1957": null,
    "1958": null,
    "1959": null,
    "1960": null,
    "1961": 0.23,
    "1962": 0.25,
    "1963": 0.29,
    "1964": 0.33,
    "1965": 0.3,
    "1966": 0.35,
    "1967": 0.39,
    "1968": 0.41,
    "1969": 0.42,
    "1970": 0.5,
    "1971": 0.48,
    "1972": 0.45,
    "country": "Somalia",
    "Notes": 32
  },
  {
    "1949": null,
    "1950": null,
    "1951": 1.62,
    "1952": 1.74,
    "1953": 1.35,
    "1954": 1.2,
    "1955": 1.22,
    "1956": 1.29,
    "1957": 1.3,
    "1958": 0.98,
    "1959": 0.88,
    "1960": 0.95,
    "1961": 1.47,
    "1962": 2.25,
    "1963": 2.06,
    "1964": 2.7,
    "1965": 2.63,
    "1966": 2.7,
    "1967": 2.79,
    "1968": 2.76,
    "1969": 2.61,
    "1970": 2.33,
    "1971": 2.46,
    "1972": 2.37,
    "country": "South Africa",
    "Notes": null
  },
  {
    "1949": null,
    "1950": null,
    "1951": null,
    "1952": null,
    "1953": null,
    "1954": null,
    "1955": null,
    "1956": null,
    "1957": null,
    "1958": null,
    "1959": null,
    "1960": null,
    "1961": null,
    "1962": null,
    "1963": null,
    "1964": null,
    "1965": null,
    "1966": null,
    "1967": null,
    "1968": null,
    "1969": null,
    "1970": null,
    "1971": null,
    "1972": null,
    "country": "South Sudan",
    "Notes": 33
  },
  {
    "1949": null,
    "1950": null,
    "1951": null,
    "1952": null,
    "1953": null,
    "1954": null,
    "1955": null,
    "1956": 1.12,
    "1957": 1.64,
    "1958": 1.52,
    "1959": 1.71,
    "1960": 1.92,
    "1961": 1.84,
    "1962": 2.06,
    "1963": 2.15,
    "1964": 3.14,
    "1965": 4.12,
    "1966": 3.53,
    "1967": 3.65,
    "1968": 3.75,
    "1969": 5.2,
    "1970": 4.95,
    "1971": 4.6,
    "1972": 4.19,
    "country": "Sudan",
    "Notes": null
  },
  {
    "1949": null,
    "1950": null,
    "1951": null,
    "1952": null,
    "1953": null,
    "1954": null,
    "1955": null,
    "1956": null,
    "1957": null,
    "1958": null,
    "1959": null,
    "1960": null,
    "1961": null,
    "1962": null,
    "1963": null,
    "1964": null,
    "1965": null,
    "1966": null,
    "1967": null,
    "1968": null,
    "1969": null,
    "1970": null,
    "1971": null,
    "1972": null,
    "country": "Eswatini",
    "Notes": null
  },
  {
    "1949": null,
    "1950": null,
    "1951": null,
    "1952": null,
    "1953": null,
    "1954": null,
    "1955": null,
    "1956": null,
    "1957": null,
    "1958": null,
    "1959": null,
    "1960": null,
    "1961": null,
    "1962": null,
    "1963": null,
    "1964": null,
    "1965": null,
    "1966": null,
    "1967": 1.42,
    "1968": 1.47,
    "1969": 1.73,
    "1970": 2.3,
    "1971": 3.1,
    "1972": 3.43,
    "country": "Tanzania",
    "Notes": null
  },
  {
    "1949": null,
    "1950": null,
    "1951": null,
    "1952": null,
    "1953": null,
    "1954": null,
    "1955": null,
    "1956": null,
    "1957": null,
    "1958": null,
    "1959": null,
    "1960": null,
    "1961": 0.27,
    "1962": 0.55,
    "1963": 0.84,
    "1964": 2.16,
    "1965": 1.9,
    "1966": 1.34,
    "1967": 1.34,
    "1968": 1.36,
    "1969": 1.28,
    "1970": 1.37,
    "1971": 1.41,
    "1972": 1.48,
    "country": "Togo",
    "Notes": null
  },
  {
    "1949": null,
    "1950": null,
    "1951": null,
    "1952": null,
    "1953": null,
    "1954": null,
    "1955": null,
    "1956": null,
    "1957": null,
    "1958": null,
    "1959": null,
    "1960": null,
    "1961": 0.02,
    "1962": 0.11,
    "1963": 0.37,
    "1964": 0.65,
    "1965": 1.13,
    "1966": 1.44,
    "1967": 1.62,
    "1968": 1.79,
    "1969": 1.82,
    "1970": 1.97,
    "1971": 3.47,
    "1972": 4.06,
    "country": "Uganda",
    "Notes": null
  },
  {
    "1949": null,
    "1950": null,
    "1951": null,
    "1952": null,
    "1953": null,
    "1954": null,
    "1955": null,
    "1956": null,
    "1957": null,
    "1958": null,
    "1959": null,
    "1960": null,
    "1961": null,
    "1962": null,
    "1963": null,
    "1964": null,
    "1965": null,
    "1966": null,
    "1967": null,
    "1968": null,
    "1969": null,
    "1970": null,
    "1971": null,
    "1972": null,
    "country": "Zambia",
    "Notes": null
  },
  {
    "1949": null,
    "1950": null,
    "1951": null,
    "1952": null,
    "1953": null,
    "1954": null,
    "1955": null,
    "1956": null,
    "1957": null,
    "1958": null,
    "1959": null,
    "1960": null,
    "1961": null,
    "1962": null,
    "1963": null,
    "1964": 1.04,
    "1965": 1.19,
    "1966": 1.32,
    "1967": 1.36,
    "1968": 2.07,
    "1969": 2.42,
    "1970": 2.44,
    "1971": 2.29,
    "1972": 2.18,
    "country": "Zimbabwe",
    "Notes": null
  },
  {
    "1949": null,
    "1950": null,
    "1951": null,
    "1952": null,
    "1953": null,
    "1954": null,
    "1955": null,
    "1956": null,
    "1957": null,
    "1958": null,
    "1959": null,
    "1960": null,
    "1961": null,
    "1962": null,
    "1963": null,
    "1964": null,
    "1965": null,
    "1966": null,
    "1967": null,
    "1968": null,
    "1969": null,
    "1970": null,
    "1971": null,
    "1972": null,
    "country": "Belize",
    "Notes": null
  },
  {
    "1949": null,
    "1950": null,
    "1951": null,
    "1952": null,
    "1953": null,
    "1954": null,
    "1955": null,
    "1956": null,
    "1957": null,
    "1958": null,
    "1959": null,
    "1960": null,
    "1961": null,
    "1962": null,
    "1963": null,
    "1964": null,
    "1965": null,
    "1966": null,
    "1967": null,
    "1968": null,
    "1969": null,
    "1970": null,
    "1971": null,
    "1972": null,
    "country": "Costa Rica",
    "Notes": 37
  },
  {
    "1949": null,
    "1950": null,
    "1951": null,
    "1952": null,
    "1953": null,
    "1954": null,
    "1955": null,
    "1956": null,
    "1957": null,
    "1958": null,
    "1959": null,
    "1960": null,
    "1961": null,
    "1962": null,
    "1963": null,
    "1964": null,
    "1965": null,
    "1966": null,
    "1967": null,
    "1968": null,
    "1969": null,
    "1970": null,
    "1971": null,
    "1972": null,
    "country": "Cuba",
    "Notes": null
  },
  {
    "1949": null,
    "1950": null,
    "1951": null,
    "1952": null,
    "1953": null,
    "1954": null,
    "1955": null,
    "1956": null,
    "1957": null,
    "1958": 5.31,
    "1959": null,
    "1960": 5.23,
    "1961": 5.23,
    "1962": 4.32,
    "1963": 3.87,
    "1964": 3.78,
    "1965": 4.21,
    "1966": 3.46,
    "1967": 3.19,
    "1968": 3.25,
    "1969": 2.65,
    "1970": 2.42,
    "1971": 2.2,
    "1972": 1.99,
    "country": "Dominican Republic",
    "Notes": null
  },
  {
    "1949": null,
    "1950": null,
    "1951": null,
    "1952": null,
    "1953": null,
    "1954": null,
    "1955": null,
    "1956": null,
    "1957": null,
    "1958": null,
    "1959": null,
    "1960": null,
    "1961": null,
    "1962": null,
    "1963": null,
    "1964": null,
    "1965": 0.74,
    "1966": 0.71,
    "1967": 0.69,
    "1968": 0.66,
    "1969": 0.72,
    "1970": 0.63,
    "1971": 0.72,
    "1972": 0.88,
    "country": "El Salvador",
    "Notes": 39
  },
  {
    "1949": null,
    "1950": null,
    "1951": null,
    "1952": null,
    "1953": null,
    "1954": null,
    "1955": 1.31,
    "1956": 1.27,
    "1957": 1.3,
    "1958": 1.24,
    "1959": 1.27,
    "1960": 1.16,
    "1961": 1.12,
    "1962": 1.05,
    "1963": 1.17,
    "1964": 1,
    "1965": 1.4,
    "1966": 1.37,
    "1967": 1.46,
    "1968": 1.27,
    "1969": 1.03,
    "1970": 1.7,
    "1971": 1.12,
    "1972": 1.14,
    "country": "Guatemala",
    "Notes": null
  },
  {
    "1949": null,
    "1950": null,
    "1951": null,
    "1952": null,
    "1953": null,
    "1954": null,
    "1955": null,
    "1956": null,
    "1957": null,
    "1958": null,
    "1959": null,
    "1960": null,
    "1961": null,
    "1962": null,
    "1963": null,
    "1964": null,
    "1965": null,
    "1966": null,
    "1967": null,
    "1968": null,
    "1969": null,
    "1970": null,
    "1971": null,
    "1972": null,
    "country": "Haiti",
    "Notes": null
  },
  {
    "1949": null,
    "1950": null,
    "1951": 0.96,
    "1952": 0.91,
    "1953": 0.96,
    "1954": 1,
    "1955": 1.1,
    "1956": 1.12,
    "1957": 1.65,
    "1958": 1.72,
    "1959": 1.51,
    "1960": 1.17,
    "1961": 1.08,
    "1962": 0.99,
    "1963": 0.93,
    "1964": 1.28,
    "1965": 1.23,
    "1966": 1.18,
    "1967": 1.14,
    "1968": 1.09,
    "1969": 1.07,
    "1970": 1.37,
    "1971": 1.47,
    "1972": 1.84,
    "country": "Honduras",
    "Notes": 41
  },
  {
    "1949": null,
    "1950": null,
    "1951": null,
    "1952": null,
    "1953": null,
    "1954": null,
    "1955": null,
    "1956": null,
    "1957": null,
    "1958": null,
    "1959": null,
    "1960": null,
    "1961": null,
    "1962": null,
    "1963": null,
    "1964": null,
    "1965": null,
    "1966": null,
    "1967": null,
    "1968": null,
    "1969": null,
    "1970": null,
    "1971": null,
    "1972": null,
    "country": "Jamaica",
    "Notes": null
  },
  {
    "1949": 0.88,
    "1950": 0.86,
    "1951": 0.76,
    "1952": 0.72,
    "1953": 0.81,
    "1954": 0.88,
    "1955": 0.79,
    "1956": 0.74,
    "1957": 0.73,
    "1958": 0.69,
    "1959": 0.64,
    "1960": 0.67,
    "1961": 0.65,
    "1962": 0.69,
    "1963": 0.72,
    "1964": 0.68,
    "1965": 0.59,
    "1966": 0.58,
    "1967": 0.55,
    "1968": 0.55,
    "1969": 0.6,
    "1970": 0.5,
    "1971": 0.49,
    "1972": 0.54,
    "country": "Mexico",
    "Notes": null
  },
  {
    "1949": null,
    "1950": null,
    "1951": null,
    "1952": null,
    "1953": null,
    "1954": null,
    "1955": null,
    "1956": null,
    "1957": null,
    "1958": null,
    "1959": null,
    "1960": null,
    "1961": null,
    "1962": null,
    "1963": null,
    "1964": null,
    "1965": null,
    "1966": null,
    "1967": null,
    "1968": 1.46,
    "1969": 1.38,
    "1970": 1.58,
    "1971": 1.51,
    "1972": 1.87,
    "country": "Nicaragua",
    "Notes": 42
  },
  {
    "1949": null,
    "1950": null,
    "1951": null,
    "1952": null,
    "1953": null,
    "1954": null,
    "1955": null,
    "1956": null,
    "1957": null,
    "1958": null,
    "1959": null,
    "1960": null,
    "1961": null,
    "1962": null,
    "1963": null,
    "1964": null,
    "1965": null,
    "1966": null,
    "1967": null,
    "1968": null,
    "1969": null,
    "1970": null,
    "1971": null,
    "1972": null,
    "country": "Panama",
    "Notes": 43
  },
  {
    "1949": null,
    "1950": null,
    "1951": null,
    "1952": null,
    "1953": null,
    "1954": null,
    "1955": null,
    "1956": null,
    "1957": null,
    "1958": null,
    "1959": null,
    "1960": null,
    "1961": null,
    "1962": null,
    "1963": null,
    "1964": null,
    "1965": null,
    "1966": null,
    "1967": null,
    "1968": 0.67,
    "1969": 0.68,
    "1970": 0.75,
    "1971": 0.96,
    "1972": 0.84,
    "country": "Trinidad and Tobago",
    "Notes": null
  },
  {
    "1949": null,
    "1950": 2.43,
    "1951": 4.66,
    "1952": 6.8,
    "1953": 7.37,
    "1954": 6.86,
    "1955": 6.18,
    "1956": 5.69,
    "1957": 5.35,
    "1958": 4.94,
    "1959": 4.4,
    "1960": 4.19,
    "1961": 4.13,
    "1962": 4,
    "1963": 3.62,
    "1964": 3.4,
    "1965": 2.93,
    "1966": 2.68,
    "1967": 2.75,
    "1968": 2.54,
    "1969": 2.27,
    "1970": 2.19,
    "1971": 2.13,
    "1972": 2.01,
    "country": "Canada",
    "Notes": null
  },
  {
    "1949": 5.27,
    "1950": 5.08,
    "1951": 10.17,
    "1952": 13.86,
    "1953": 13.58,
    "1954": 11.74,
    "1955": 10.16,
    "1956": 9.9,
    "1957": 9.99,
    "1958": 10.07,
    "1959": 9.44,
    "1960": 8.99,
    "1961": 9.16,
    "1962": 9.33,
    "1963": 8.83,
    "1964": 8.05,
    "1965": 7.59,
    "1966": 8.44,
    "1967": 9.42,
    "1968": 9.27,
    "1969": 8.63,
    "1970": 8.03,
    "1971": 6.94,
    "1972": 6.52,
    "country": "United States of America",
    "Notes": 44
  },
  {
    "1949": null,
    "1950": 2.91,
    "1951": null,
    "1952": null,
    "1953": null,
    "1954": null,
    "1955": null,
    "1956": null,
    "1957": null,
    "1958": null,
    "1959": 0.81,
    "1960": 1.55,
    "1961": 2.14,
    "1962": 2.66,
    "1963": 1.68,
    "1964": 1.15,
    "1965": 1.07,
    "1966": 1.17,
    "1967": 1.4,
    "1968": 1.69,
    "1969": 1.94,
    "1970": 1.88,
    "1971": 1.81,
    "1972": 1.82,
    "country": "Argentina",
    "Notes": 5
  },
  {
    "1949": null,
    "1950": null,
    "1951": null,
    "1952": null,
    "1953": 0.53,
    "1954": null,
    "1955": 0.32,
    "1956": 0.36,
    "1957": 0.82,
    "1958": null,
    "1959": null,
    "1960": null,
    "1961": 1.2,
    "1962": 1.16,
    "1963": 1.33,
    "1964": null,
    "1965": null,
    "1966": null,
    "1967": null,
    "1968": 1.35,
    "1969": 1.32,
    "1970": 1.61,
    "1971": 1.39,
    "1972": 1.6,
    "country": "Bolivia",
    "Notes": 10
  },
  {
    "1949": null,
    "1950": null,
    "1951": null,
    "1952": null,
    "1953": 3.6,
    "1954": null,
    "1955": null,
    "1956": null,
    "1957": 4.4,
    "1958": 4.07,
    "1959": 2.96,
    "1960": 2.68,
    "1961": 2.36,
    "1962": 2.4,
    "1963": 2.26,
    "1964": 2.01,
    "1965": 3.35,
    "1966": 3.02,
    "1967": 2.86,
    "1968": 2.65,
    "1969": 2.62,
    "1970": 2.89,
    "1971": 2.62,
    "1972": 2.44,
    "country": "Brazil",
    "Notes": null
  },
  {
    "1949": null,
    "1950": 2.64,
    "1951": 3.07,
    "1952": 2.57,
    "1953": 2.78,
    "1954": 1.69,
    "1955": 2.3,
    "1956": 2.3,
    "1957": 3.05,
    "1958": 2.7,
    "1959": 2.15,
    "1960": 3.12,
    "1961": 3.53,
    "1962": 3.04,
    "1963": 2.87,
    "1964": 2.64,
    "1965": 2.89,
    "1966": 2.74,
    "1967": 2.71,
    "1968": 2.53,
    "1969": 2.26,
    "1970": 4.45,
    "1971": 6.26,
    "1972": 6.63,
    "country": "Chile",
    "Notes": 45
  },
  {
    "1949": null,
    "1950": null,
    "1951": null,
    "1952": null,
    "1953": null,
    "1954": null,
    "1955": null,
    "1956": null,
    "1957": null,
    "1958": 2.35,
    "1959": 1.83,
    "1960": 1.88,
    "1961": 2.14,
    "1962": 3.1,
    "1963": 3.52,
    "1964": 3.18,
    "1965": 3.19,
    "1966": 3.17,
    "1967": 3.12,
    "1968": 2.39,
    "1969": 2.05,
    "1970": 2.26,
    "1971": 3.37,
    "1972": 1.97,
    "country": "Colombia",
    "Notes": 46
  },
  {
    "1949": null,
    "1950": null,
    "1951": null,
    "1952": null,
    "1953": 1.94,
    "1954": null,
    "1955": null,
    "1956": null,
    "1957": 2.41,
    "1958": 2.28,
    "1959": 1.9,
    "1960": 2.38,
    "1961": 2.05,
    "1962": 2.05,
    "1963": 1.77,
    "1964": 1.91,
    "1965": 2.07,
    "1966": 1.82,
    "1967": 1.8,
    "1968": 1.92,
    "1969": 2.37,
    "1970": 1.83,
    "1971": 1.85,
    "1972": 1.99,
    "country": "Ecuador",
    "Notes": 47
  },
  {
    "1949": null,
    "1950": null,
    "1951": null,
    "1952": null,
    "1953": null,
    "1954": null,
    "1955": null,
    "1956": null,
    "1957": null,
    "1958": null,
    "1959": null,
    "1960": null,
    "1961": null,
    "1962": null,
    "1963": null,
    "1964": null,
    "1965": null,
    "1966": null,
    "1967": null,
    "1968": null,
    "1969": null,
    "1970": null,
    "1971": null,
    "1972": null,
    "country": "Guyana",
    "Notes": 48
  },
  {
    "1949": null,
    "1950": null,
    "1951": null,
    "1952": null,
    "1953": null,
    "1954": null,
    "1955": null,
    "1956": null,
    "1957": null,
    "1958": null,
    "1959": null,
    "1960": 2.53,
    "1961": 2.28,
    "1962": 2.3,
    "1963": 2.4,
    "1964": 2.4,
    "1965": 2.63,
    "1966": 2.92,
    "1967": 3.03,
    "1968": 3.21,
    "1969": 3.16,
    "1970": 3.32,
    "1971": 3.23,
    "1972": 3.85,
    "country": "Paraguay",
    "Notes": 49
  },
  {
    "1949": 2.9,
    "1950": 2.83,
    "1951": 2.92,
    "1952": 2.66,
    "1953": 2.78,
    "1954": 2.69,
    "1955": 2.77,
    "1956": 2.98,
    "1957": 2.92,
    "1958": 2.9,
    "1959": 2.8,
    "1960": 2.51,
    "1961": 2.64,
    "1962": 2.43,
    "1963": 3.32,
    "1964": 3.34,
    "1965": 3.1,
    "1966": 2.84,
    "1967": 4.7,
    "1968": 2.36,
    "1969": 2.39,
    "1970": 3.51,
    "1971": 3.62,
    "1972": 3.63,
    "country": "Peru",
    "Notes": 50
  },
  {
    "1949": null,
    "1950": null,
    "1951": null,
    "1952": null,
    "1953": null,
    "1954": null,
    "1955": null,
    "1956": null,
    "1957": null,
    "1958": null,
    "1959": null,
    "1960": null,
    "1961": null,
    "1962": null,
    "1963": null,
    "1964": null,
    "1965": null,
    "1966": null,
    "1967": null,
    "1968": null,
    "1969": null,
    "1970": null,
    "1971": null,
    "1972": 2.2,
    "country": "Uruguay",
    "Notes": null
  },
  {
    "1949": null,
    "1950": null,
    "1951": null,
    "1952": null,
    "1953": null,
    "1954": null,
    "1955": 2.58,
    "1956": 2.75,
    "1957": 3.22,
    "1958": 3.43,
    "1959": 2.96,
    "1960": 3.06,
    "1961": 1.42,
    "1962": 2.31,
    "1963": 2.55,
    "1964": 2.45,
    "1965": 2.64,
    "1966": 2.66,
    "1967": 2.86,
    "1968": 2.68,
    "1969": 2.5,
    "1970": 2.29,
    "1971": 2.7,
    "1972": 2.83,
    "country": "Venezuela",
    "Notes": null
  },
  {
    "1949": null,
    "1950": 2.88,
    "1951": 3.74,
    "1952": 5.18,
    "1953": 4.8,
    "1954": 3.97,
    "1955": 3.86,
    "1956": 3.67,
    "1957": 3.32,
    "1958": 3.25,
    "1959": 3.1,
    "1960": 2.37,
    "1961": 2.42,
    "1962": 2.36,
    "1963": 2.45,
    "1964": 2.65,
    "1965": 2.95,
    "1966": 3.45,
    "1967": 3.79,
    "1968": 3.84,
    "1969": 3.39,
    "1970": 2.97,
    "1971": 2.76,
    "1972": 2.69,
    "country": "Australia",
    "Notes": null
  },
  {
    "1949": null,
    "1950": null,
    "1951": null,
    "1952": null,
    "1953": null,
    "1954": null,
    "1955": null,
    "1956": null,
    "1957": null,
    "1958": null,
    "1959": null,
    "1960": null,
    "1961": null,
    "1962": null,
    "1963": null,
    "1964": null,
    "1965": null,
    "1966": null,
    "1967": null,
    "1968": 0.21,
    "1969": 0.19,
    "1970": 0.19,
    "1971": 0.22,
    "1972": 0.25,
    "country": "Fiji",
    "Notes": null
  },
  {
    "1949": null,
    "1950": null,
    "1951": null,
    "1952": null,
    "1953": null,
    "1954": null,
    "1955": null,
    "1956": 3.11,
    "1957": 2.86,
    "1958": 2.83,
    "1959": 2.82,
    "1960": 2.69,
    "1961": 2.49,
    "1962": 2.31,
    "1963": 2.2,
    "1964": 2.47,
    "1965": 2.36,
    "1966": 2.64,
    "1967": 2.62,
    "1968": 2.73,
    "1969": 2.57,
    "1970": 2.63,
    "1971": 2.32,
    "1972": 2.18,
    "country": "New Zealand",
    "Notes": null
  },
  {
    "1949": null,
    "1950": null,
    "1951": null,
    "1952": null,
    "1953": null,
    "1954": null,
    "1955": null,
    "1956": null,
    "1957": null,
    "1958": null,
    "1959": null,
    "1960": null,
    "1961": null,
    "1962": null,
    "1963": null,
    "1964": null,
    "1965": null,
    "1966": null,
    "1967": null,
    "1968": null,
    "1969": null,
    "1970": null,
    "1971": null,
    "1972": null,
    "country": "Papua New Guinea",
    "Notes": null
  },
  {
    "1949": null,
    "1950": null,
    "1951": null,
    "1952": null,
    "1953": null,
    "1954": null,
    "1955": null,
    "1956": null,
    "1957": null,
    "1958": null,
    "1959": null,
    "1960": null,
    "1961": null,
    "1962": null,
    "1963": null,
    "1964": null,
    "1965": null,
    "1966": null,
    "1967": null,
    "1968": null,
    "1969": null,
    "1970": 1.63,
    "1971": null,
    "1972": null,
    "country": "Afghanistan",
    "Notes": 2
  },
  {
    "1949": null,
    "1950": null,
    "1951": null,
    "1952": null,
    "1953": null,
    "1954": null,
    "1955": null,
    "1956": null,
    "1957": null,
    "1958": null,
    "1959": null,
    "1960": null,
    "1961": null,
    "1962": null,
    "1963": null,
    "1964": null,
    "1965": null,
    "1966": null,
    "1967": null,
    "1968": null,
    "1969": null,
    "1970": null,
    "1971": null,
    "1972": null,
    "country": "Bangladesh",
    "Notes": 9
  },
  {
    "1949": null,
    "1950": null,
    "1951": null,
    "1952": null,
    "1953": null,
    "1954": null,
    "1955": null,
    "1956": 2.02,
    "1957": 2.48,
    "1958": 1.92,
    "1959": 2.14,
    "1960": 2,
    "1961": 2.07,
    "1962": 2.75,
    "1963": 4.03,
    "1964": 3.82,
    "1965": 3.87,
    "1966": 3.57,
    "1967": 3.22,
    "1968": 3.25,
    "1969": 3.14,
    "1970": 3.19,
    "1971": 3.65,
    "1972": 3.72,
    "country": "India",
    "Notes": 59
  },
  {
    "1949": null,
    "1950": null,
    "1951": null,
    "1952": null,
    "1953": null,
    "1954": null,
    "1955": null,
    "1956": null,
    "1957": null,
    "1958": null,
    "1959": null,
    "1960": null,
    "1961": null,
    "1962": null,
    "1963": null,
    "1964": null,
    "1965": null,
    "1966": null,
    "1967": null,
    "1968": null,
    "1969": null,
    "1970": 0.59,
    "1971": 0.62,
    "1972": 0.65,
    "country": "Nepal",
    "Notes": null
  },
  {
    "1949": null,
    "1950": null,
    "1951": null,
    "1952": null,
    "1953": 6.32,
    "1954": 5.35,
    "1955": 5.57,
    "1956": 5.03,
    "1957": 4.17,
    "1958": 4.25,
    "1959": 4.34,
    "1960": 4.31,
    "1961": 4.1,
    "1962": 3.66,
    "1963": 3.65,
    "1964": 3.87,
    "1965": 5.9,
    "1966": 6.73,
    "1967": 5.4,
    "1968": 5.1,
    "1969": 5.51,
    "1970": 6.16,
    "1971": 6.74,
    "1972": 6.87,
    "country": "Pakistan",
    "Notes": 60
  },
  {
    "1949": null,
    "1950": null,
    "1951": 0.25,
    "1952": 0.34,
    "1953": 0.45,
    "1954": 0.67,
    "1955": 0.55,
    "1956": 0.68,
    "1957": 0.91,
    "1958": 1.24,
    "1959": 1.23,
    "1960": 1.18,
    "1961": 1.18,
    "1962": 1.08,
    "1963": 0.9,
    "1964": 0.85,
    "1965": 0.85,
    "1966": 0.87,
    "1967": 0.85,
    "1968": 0.79,
    "1969": 0.81,
    "1970": 0.92,
    "1971": 1.36,
    "1972": null,
    "country": "Sri Lanka",
    "Notes": 61
  },
  {
    "1949": null,
    "1950": null,
    "1951": null,
    "1952": null,
    "1953": null,
    "1954": null,
    "1955": null,
    "1956": null,
    "1957": null,
    "1958": null,
    "1959": null,
    "1960": null,
    "1961": null,
    "1962": null,
    "1963": null,
    "1964": null,
    "1965": null,
    "1966": null,
    "1967": null,
    "1968": null,
    "1969": null,
    "1970": null,
    "1971": null,
    "1972": null,
    "country": "China",
    "Notes": 55
  },
  {
    "1949": null,
    "1950": null,
    "1951": null,
    "1952": 2.07,
    "1953": 2.03,
    "1954": 2.19,
    "1955": 2.1,
    "1956": 1.75,
    "1957": 1.5,
    "1958": 1.43,
    "1959": 1.26,
    "1960": 1.08,
    "1961": 0.92,
    "1962": 0.88,
    "1963": 0.9,
    "1964": 0.88,
    "1965": 0.9,
    "1966": 0.88,
    "1967": 0.84,
    "1968": 0.79,
    "1969": 0.77,
    "1970": 0.77,
    "1971": 0.82,
    "1972": 0.84,
    "country": "Japan",
    "Notes": 56
  },
  {
    "1949": null,
    "1950": null,
    "1951": null,
    "1952": null,
    "1953": null,
    "1954": null,
    "1955": null,
    "1956": null,
    "1957": null,
    "1958": null,
    "1959": null,
    "1960": null,
    "1961": null,
    "1962": null,
    "1963": null,
    "1964": null,
    "1965": null,
    "1966": null,
    "1967": null,
    "1968": null,
    "1969": null,
    "1970": null,
    "1971": null,
    "1972": null,
    "country": "Korea, North",
    "Notes": 57
  },
  {
    "1949": null,
    "1950": null,
    "1951": null,
    "1952": null,
    "1953": 2.36,
    "1954": 5.85,
    "1955": 6.24,
    "1956": 8.33,
    "1957": 6.8,
    "1958": 7.43,
    "1959": 7.64,
    "1960": 7.16,
    "1961": 6.73,
    "1962": 6.87,
    "1963": 4.82,
    "1964": 4.13,
    "1965": 4.41,
    "1966": 4.69,
    "1967": 4.69,
    "1968": 4.73,
    "1969": 4.69,
    "1970": 4.4,
    "1971": 4.73,
    "1972": 5.01,
    "country": "Korea, South",
    "Notes": 58
  },
  {
    "1949": null,
    "1950": null,
    "1951": null,
    "1952": null,
    "1953": null,
    "1954": null,
    "1955": null,
    "1956": null,
    "1957": null,
    "1958": null,
    "1959": null,
    "1960": null,
    "1961": null,
    "1962": null,
    "1963": null,
    "1964": null,
    "1965": null,
    "1966": null,
    "1967": null,
    "1968": null,
    "1969": null,
    "1970": null,
    "1971": null,
    "1972": null,
    "country": "Mongolia",
    "Notes": null
  },
  {
    "1949": null,
    "1950": null,
    "1951": null,
    "1952": null,
    "1953": null,
    "1954": null,
    "1955": null,
    "1956": null,
    "1957": null,
    "1958": null,
    "1959": null,
    "1960": null,
    "1961": null,
    "1962": null,
    "1963": null,
    "1964": null,
    "1965": null,
    "1966": null,
    "1967": null,
    "1968": null,
    "1969": null,
    "1970": null,
    "1971": null,
    "1972": null,
    "country": "Taiwan",
    "Notes": null
  },
  {
    "1949": null,
    "1950": null,
    "1951": null,
    "1952": null,
    "1953": null,
    "1954": null,
    "1955": null,
    "1956": null,
    "1957": null,
    "1958": null,
    "1959": null,
    "1960": null,
    "1961": null,
    "1962": null,
    "1963": null,
    "1964": null,
    "1965": null,
    "1966": null,
    "1967": null,
    "1968": null,
    "1969": null,
    "1970": null,
    "1971": 5,
    "1972": 3.82,
    "country": "Brunei",
    "Notes": null
  },
  {
    "1949": null,
    "1950": null,
    "1951": null,
    "1952": null,
    "1953": null,
    "1954": null,
    "1955": null,
    "1956": null,
    "1957": null,
    "1958": null,
    "1959": null,
    "1960": null,
    "1961": null,
    "1962": null,
    "1963": null,
    "1964": null,
    "1965": null,
    "1966": null,
    "1967": null,
    "1968": null,
    "1969": null,
    "1970": null,
    "1971": null,
    "1972": null,
    "country": "Cambodia",
    "Notes": null
  },
  {
    "1949": null,
    "1950": null,
    "1951": null,
    "1952": null,
    "1953": null,
    "1954": null,
    "1955": null,
    "1956": null,
    "1957": null,
    "1958": null,
    "1959": null,
    "1960": null,
    "1961": null,
    "1962": null,
    "1963": null,
    "1964": null,
    "1965": null,
    "1966": null,
    "1967": null,
    "1968": null,
    "1969": null,
    "1970": null,
    "1971": null,
    "1972": null,
    "country": "Indonesia",
    "Notes": 62
  },
  {
    "1949": null,
    "1950": null,
    "1951": null,
    "1952": null,
    "1953": null,
    "1954": null,
    "1955": null,
    "1956": null,
    "1957": null,
    "1958": null,
    "1959": null,
    "1960": null,
    "1961": null,
    "1962": null,
    "1963": null,
    "1964": null,
    "1965": null,
    "1966": null,
    "1967": null,
    "1968": null,
    "1969": null,
    "1970": null,
    "1971": null,
    "1972": null,
    "country": "Laos",
    "Notes": null
  },
  {
    "1949": null,
    "1950": null,
    "1951": null,
    "1952": null,
    "1953": null,
    "1954": null,
    "1955": 3.85,
    "1956": 3.5,
    "1957": 3.75,
    "1958": 4.06,
    "1959": 3.08,
    "1960": 2.68,
    "1961": 2.23,
    "1962": 2.19,
    "1963": 2.42,
    "1964": 3.16,
    "1965": 4.01,
    "1966": 4.73,
    "1967": 4.5,
    "1968": 4.45,
    "1969": 3.92,
    "1970": 5.17,
    "1971": 5.37,
    "1972": 4.98,
    "country": "Malaysia",
    "Notes": 63
  },
  {
    "1949": null,
    "1950": null,
    "1951": null,
    "1952": null,
    "1953": null,
    "1954": null,
    "1955": null,
    "1956": null,
    "1957": null,
    "1958": null,
    "1959": null,
    "1960": null,
    "1961": 6.12,
    "1962": 5.69,
    "1963": 6.85,
    "1964": 6.02,
    "1965": 6.7,
    "1966": 6.13,
    "1967": 5.2,
    "1968": 5.02,
    "1969": 5.31,
    "1970": 5.6,
    "1971": 5.65,
    "1972": 5.45,
    "country": "Myanmar",
    "Notes": null
  },
  {
    "1949": null,
    "1950": null,
    "1951": null,
    "1952": null,
    "1953": null,
    "1954": null,
    "1955": null,
    "1956": null,
    "1957": null,
    "1958": 1.96,
    "1959": 1.84,
    "1960": 1.78,
    "1961": 1.7,
    "1962": 1.81,
    "1963": 1.86,
    "1964": 1.7,
    "1965": 1.55,
    "1966": 1.65,
    "1967": 1.74,
    "1968": 1.87,
    "1969": 2.09,
    "1970": 2.16,
    "1971": 2.07,
    "1972": 2.34,
    "country": "Philippines",
    "Notes": 65
  },
  {
    "1949": null,
    "1950": null,
    "1951": null,
    "1952": null,
    "1953": null,
    "1954": null,
    "1955": null,
    "1956": null,
    "1957": null,
    "1958": null,
    "1959": null,
    "1960": null,
    "1961": null,
    "1962": null,
    "1963": null,
    "1964": null,
    "1965": null,
    "1966": null,
    "1967": null,
    "1968": null,
    "1969": null,
    "1970": 5.4,
    "1971": 5.64,
    "1972": 5.09,
    "country": "Singapore",
    "Notes": null
  },
  {
    "1949": null,
    "1950": null,
    "1951": null,
    "1952": null,
    "1953": null,
    "1954": null,
    "1955": null,
    "1956": null,
    "1957": 3.58,
    "1958": 3.25,
    "1959": 3.01,
    "1960": 2.47,
    "1961": 2.1,
    "1962": 2.63,
    "1963": 2.62,
    "1964": 2.43,
    "1965": 2.33,
    "1966": 2.17,
    "1967": 2.43,
    "1968": 2.75,
    "1969": 2.99,
    "1970": 3.07,
    "1971": 3.56,
    "1972": 3.47,
    "country": "Thailand",
    "Notes": null
  },
  {
    "1949": null,
    "1950": null,
    "1951": null,
    "1952": null,
    "1953": null,
    "1954": null,
    "1955": null,
    "1956": null,
    "1957": null,
    "1958": null,
    "1959": null,
    "1960": null,
    "1961": null,
    "1962": null,
    "1963": null,
    "1964": null,
    "1965": null,
    "1966": null,
    "1967": null,
    "1968": null,
    "1969": null,
    "1970": null,
    "1971": null,
    "1972": null,
    "country": "Timor Leste",
    "Notes": null
  },
  {
    "1949": null,
    "1950": null,
    "1951": null,
    "1952": null,
    "1953": null,
    "1954": null,
    "1955": null,
    "1956": null,
    "1957": null,
    "1958": null,
    "1959": null,
    "1960": null,
    "1961": null,
    "1962": null,
    "1963": null,
    "1964": null,
    "1965": null,
    "1966": null,
    "1967": null,
    "1968": null,
    "1969": null,
    "1970": null,
    "1971": null,
    "1972": null,
    "country": "Viet Nam",
    "Notes": null
  },
  {
    "1949": null,
    "1950": null,
    "1951": null,
    "1952": null,
    "1953": null,
    "1954": null,
    "1955": null,
    "1956": null,
    "1957": null,
    "1958": null,
    "1959": null,
    "1960": null,
    "1961": null,
    "1962": null,
    "1963": null,
    "1964": null,
    "1965": null,
    "1966": null,
    "1967": null,
    "1968": null,
    "1969": null,
    "1970": null,
    "1971": null,
    "1972": null,
    "country": "Kazakhstan",
    "Notes": null
  },
  {
    "1949": null,
    "1950": null,
    "1951": null,
    "1952": null,
    "1953": null,
    "1954": null,
    "1955": null,
    "1956": null,
    "1957": null,
    "1958": null,
    "1959": null,
    "1960": null,
    "1961": null,
    "1962": null,
    "1963": null,
    "1964": null,
    "1965": null,
    "1966": null,
    "1967": null,
    "1968": null,
    "1969": null,
    "1970": null,
    "1971": null,
    "1972": null,
    "country": "Kyrgyz Republic",
    "Notes": 52
  },
  {
    "1949": null,
    "1950": null,
    "1951": null,
    "1952": null,
    "1953": null,
    "1954": null,
    "1955": null,
    "1956": null,
    "1957": null,
    "1958": null,
    "1959": null,
    "1960": null,
    "1961": null,
    "1962": null,
    "1963": null,
    "1964": null,
    "1965": null,
    "1966": null,
    "1967": null,
    "1968": null,
    "1969": null,
    "1970": null,
    "1971": null,
    "1972": null,
    "country": "Tajikistan",
    "Notes": null
  },
  {
    "1949": null,
    "1950": null,
    "1951": null,
    "1952": null,
    "1953": null,
    "1954": null,
    "1955": null,
    "1956": null,
    "1957": null,
    "1958": null,
    "1959": null,
    "1960": null,
    "1961": null,
    "1962": null,
    "1963": null,
    "1964": null,
    "1965": null,
    "1966": null,
    "1967": null,
    "1968": null,
    "1969": null,
    "1970": null,
    "1971": null,
    "1972": null,
    "country": "Turkmenistan",
    "Notes": null
  },
  {
    "1949": null,
    "1950": null,
    "1951": null,
    "1952": null,
    "1953": null,
    "1954": null,
    "1955": null,
    "1956": null,
    "1957": null,
    "1958": null,
    "1959": null,
    "1960": null,
    "1961": null,
    "1962": null,
    "1963": null,
    "1964": null,
    "1965": null,
    "1966": null,
    "1967": null,
    "1968": null,
    "1969": null,
    "1970": null,
    "1971": null,
    "1972": null,
    "country": "Uzbekistan",
    "Notes": null
  },
  {
    "1949": null,
    "1950": null,
    "1951": null,
    "1952": null,
    "1953": null,
    "1954": null,
    "1955": null,
    "1956": null,
    "1957": null,
    "1958": null,
    "1959": null,
    "1960": null,
    "1961": null,
    "1962": null,
    "1963": null,
    "1964": null,
    "1965": null,
    "1966": null,
    "1967": null,
    "1968": null,
    "1969": null,
    "1970": null,
    "1971": null,
    "1972": null,
    "country": "Albania",
    "Notes": null
  },
  {
    "1949": null,
    "1950": null,
    "1951": null,
    "1952": null,
    "1953": null,
    "1954": null,
    "1955": null,
    "1956": null,
    "1957": null,
    "1958": null,
    "1959": null,
    "1960": null,
    "1961": null,
    "1962": null,
    "1963": null,
    "1964": null,
    "1965": null,
    "1966": null,
    "1967": null,
    "1968": null,
    "1969": null,
    "1970": null,
    "1971": null,
    "1972": null,
    "country": "Bosnia and Herzegovina",
    "Notes": null
  },
  {
    "1949": null,
    "1950": null,
    "1951": null,
    "1952": null,
    "1953": null,
    "1954": null,
    "1955": null,
    "1956": null,
    "1957": null,
    "1958": null,
    "1959": null,
    "1960": null,
    "1961": null,
    "1962": null,
    "1963": null,
    "1964": null,
    "1965": null,
    "1966": null,
    "1967": null,
    "1968": null,
    "1969": null,
    "1970": null,
    "1971": null,
    "1972": null,
    "country": "Bulgaria",
    "Notes": null
  },
  {
    "1949": null,
    "1950": null,
    "1951": null,
    "1952": null,
    "1953": null,
    "1954": null,
    "1955": null,
    "1956": null,
    "1957": null,
    "1958": null,
    "1959": null,
    "1960": null,
    "1961": null,
    "1962": null,
    "1963": null,
    "1964": null,
    "1965": null,
    "1966": null,
    "1967": null,
    "1968": null,
    "1969": null,
    "1970": null,
    "1971": null,
    "1972": null,
    "country": "Croatia",
    "Notes": 70
  },
  {
    "1949": null,
    "1950": null,
    "1951": null,
    "1952": null,
    "1953": null,
    "1954": null,
    "1955": null,
    "1956": null,
    "1957": null,
    "1958": null,
    "1959": null,
    "1960": null,
    "1961": null,
    "1962": null,
    "1963": null,
    "1964": null,
    "1965": null,
    "1966": null,
    "1967": null,
    "1968": null,
    "1969": null,
    "1970": null,
    "1971": null,
    "1972": null,
    "country": "Czechia",
    "Notes": 71
  },
  {
    "1949": null,
    "1950": null,
    "1951": null,
    "1952": null,
    "1953": null,
    "1954": null,
    "1955": null,
    "1956": null,
    "1957": null,
    "1958": null,
    "1959": null,
    "1960": null,
    "1961": null,
    "1962": null,
    "1963": null,
    "1964": null,
    "1965": null,
    "1966": null,
    "1967": null,
    "1968": null,
    "1969": null,
    "1970": null,
    "1971": null,
    "1972": null,
    "country": "Czechoslovakia",
    "Notes": 72
  },
  {
    "1949": null,
    "1950": null,
    "1951": null,
    "1952": null,
    "1953": null,
    "1954": null,
    "1955": null,
    "1956": null,
    "1957": null,
    "1958": null,
    "1959": null,
    "1960": null,
    "1961": null,
    "1962": null,
    "1963": null,
    "1964": null,
    "1965": null,
    "1966": null,
    "1967": null,
    "1968": null,
    "1969": null,
    "1970": null,
    "1971": null,
    "1972": null,
    "country": "Estonia",
    "Notes": null
  },
  {
    "1949": null,
    "1950": null,
    "1951": null,
    "1952": null,
    "1953": null,
    "1954": null,
    "1955": null,
    "1956": null,
    "1957": null,
    "1958": null,
    "1959": null,
    "1960": null,
    "1961": null,
    "1962": null,
    "1963": null,
    "1964": null,
    "1965": null,
    "1966": null,
    "1967": null,
    "1968": null,
    "1969": null,
    "1970": null,
    "1971": null,
    "1972": null,
    "country": "German Democratic Republic",
    "Notes": 74
  },
  {
    "1949": null,
    "1950": null,
    "1951": null,
    "1952": null,
    "1953": null,
    "1954": null,
    "1955": null,
    "1956": null,
    "1957": null,
    "1958": null,
    "1959": null,
    "1960": null,
    "1961": null,
    "1962": null,
    "1963": null,
    "1964": null,
    "1965": null,
    "1966": null,
    "1967": null,
    "1968": null,
    "1969": null,
    "1970": 4.03,
    "1971": 3.74,
    "1972": 3.27,
    "country": "Hungary",
    "Notes": null
  },
  {
    "1949": null,
    "1950": null,
    "1951": null,
    "1952": null,
    "1953": null,
    "1954": null,
    "1955": null,
    "1956": null,
    "1957": null,
    "1958": null,
    "1959": null,
    "1960": null,
    "1961": null,
    "1962": null,
    "1963": null,
    "1964": null,
    "1965": null,
    "1966": null,
    "1967": null,
    "1968": null,
    "1969": null,
    "1970": null,
    "1971": null,
    "1972": null,
    "country": "Kosovo",
    "Notes": null
  },
  {
    "1949": null,
    "1950": null,
    "1951": null,
    "1952": null,
    "1953": null,
    "1954": null,
    "1955": null,
    "1956": null,
    "1957": null,
    "1958": null,
    "1959": null,
    "1960": null,
    "1961": null,
    "1962": null,
    "1963": null,
    "1964": null,
    "1965": null,
    "1966": null,
    "1967": null,
    "1968": null,
    "1969": null,
    "1970": null,
    "1971": null,
    "1972": null,
    "country": "Latvia",
    "Notes": null
  },
  {
    "1949": null,
    "1950": null,
    "1951": null,
    "1952": null,
    "1953": null,
    "1954": null,
    "1955": null,
    "1956": null,
    "1957": null,
    "1958": null,
    "1959": null,
    "1960": null,
    "1961": null,
    "1962": null,
    "1963": null,
    "1964": null,
    "1965": null,
    "1966": null,
    "1967": null,
    "1968": null,
    "1969": null,
    "1970": null,
    "1971": null,
    "1972": null,
    "country": "Lithuania",
    "Notes": null
  },
  {
    "1949": null,
    "1950": null,
    "1951": null,
    "1952": null,
    "1953": null,
    "1954": null,
    "1955": null,
    "1956": null,
    "1957": null,
    "1958": null,
    "1959": null,
    "1960": null,
    "1961": null,
    "1962": null,
    "1963": null,
    "1964": null,
    "1965": null,
    "1966": null,
    "1967": null,
    "1968": null,
    "1969": null,
    "1970": null,
    "1971": null,
    "1972": null,
    "country": "North Macedonia",
    "Notes": null
  },
  {
    "1949": null,
    "1950": null,
    "1951": null,
    "1952": null,
    "1953": null,
    "1954": null,
    "1955": null,
    "1956": null,
    "1957": null,
    "1958": null,
    "1959": null,
    "1960": null,
    "1961": null,
    "1962": null,
    "1963": null,
    "1964": null,
    "1965": null,
    "1966": null,
    "1967": null,
    "1968": null,
    "1969": null,
    "1970": null,
    "1971": null,
    "1972": null,
    "country": "Montenegro",
    "Notes": 76
  },
  {
    "1949": null,
    "1950": null,
    "1951": null,
    "1952": null,
    "1953": null,
    "1954": null,
    "1955": null,
    "1956": null,
    "1957": null,
    "1958": null,
    "1959": null,
    "1960": null,
    "1961": null,
    "1962": null,
    "1963": null,
    "1964": null,
    "1965": null,
    "1966": null,
    "1967": null,
    "1968": null,
    "1969": null,
    "1970": null,
    "1971": null,
    "1972": null,
    "country": "Poland",
    "Notes": 78
  },
  {
    "1949": null,
    "1950": null,
    "1951": null,
    "1952": null,
    "1953": null,
    "1954": null,
    "1955": null,
    "1956": null,
    "1957": null,
    "1958": null,
    "1959": null,
    "1960": null,
    "1961": null,
    "1962": null,
    "1963": null,
    "1964": null,
    "1965": null,
    "1966": null,
    "1967": null,
    "1968": null,
    "1969": null,
    "1970": null,
    "1971": null,
    "1972": null,
    "country": "Romania",
    "Notes": null
  },
  {
    "1949": null,
    "1950": null,
    "1951": null,
    "1952": null,
    "1953": null,
    "1954": null,
    "1955": null,
    "1956": null,
    "1957": null,
    "1958": null,
    "1959": null,
    "1960": null,
    "1961": null,
    "1962": null,
    "1963": null,
    "1964": null,
    "1965": null,
    "1966": null,
    "1967": null,
    "1968": null,
    "1969": null,
    "1970": null,
    "1971": null,
    "1972": null,
    "country": "Serbia",
    "Notes": 79
  },
  {
    "1949": null,
    "1950": null,
    "1951": null,
    "1952": null,
    "1953": null,
    "1954": null,
    "1955": null,
    "1956": null,
    "1957": null,
    "1958": null,
    "1959": null,
    "1960": null,
    "1961": null,
    "1962": null,
    "1963": null,
    "1964": null,
    "1965": null,
    "1966": null,
    "1967": null,
    "1968": null,
    "1969": null,
    "1970": null,
    "1971": null,
    "1972": null,
    "country": "Slovakia",
    "Notes": null
  },
  {
    "1949": null,
    "1950": null,
    "1951": null,
    "1952": null,
    "1953": null,
    "1954": null,
    "1955": null,
    "1956": null,
    "1957": null,
    "1958": null,
    "1959": null,
    "1960": null,
    "1961": null,
    "1962": null,
    "1963": null,
    "1964": null,
    "1965": null,
    "1966": null,
    "1967": null,
    "1968": null,
    "1969": null,
    "1970": null,
    "1971": null,
    "1972": null,
    "country": "Slovenia",
    "Notes": null
  },
  {
    "1949": null,
    "1950": null,
    "1951": null,
    "1952": null,
    "1953": null,
    "1954": null,
    "1955": null,
    "1956": null,
    "1957": null,
    "1958": null,
    "1959": null,
    "1960": null,
    "1961": null,
    "1962": null,
    "1963": null,
    "1964": null,
    "1965": null,
    "1966": null,
    "1967": null,
    "1968": null,
    "1969": null,
    "1970": null,
    "1971": null,
    "1972": null,
    "country": "Yugoslavia",
    "Notes": 80
  },
  {
    "1949": null,
    "1950": null,
    "1951": null,
    "1952": null,
    "1953": null,
    "1954": null,
    "1955": null,
    "1956": null,
    "1957": null,
    "1958": null,
    "1959": null,
    "1960": null,
    "1961": null,
    "1962": null,
    "1963": null,
    "1964": null,
    "1965": null,
    "1966": null,
    "1967": null,
    "1968": null,
    "1969": null,
    "1970": null,
    "1971": null,
    "1972": null,
    "country": "Armenia",
    "Notes": null
  },
  {
    "1949": null,
    "1950": null,
    "1951": null,
    "1952": null,
    "1953": null,
    "1954": null,
    "1955": null,
    "1956": null,
    "1957": null,
    "1958": null,
    "1959": null,
    "1960": null,
    "1961": null,
    "1962": null,
    "1963": null,
    "1964": null,
    "1965": null,
    "1966": null,
    "1967": null,
    "1968": null,
    "1969": null,
    "1970": null,
    "1971": null,
    "1972": null,
    "country": "Azerbaijan",
    "Notes": null
  },
  {
    "1949": null,
    "1950": null,
    "1951": null,
    "1952": null,
    "1953": null,
    "1954": null,
    "1955": null,
    "1956": null,
    "1957": null,
    "1958": null,
    "1959": null,
    "1960": null,
    "1961": null,
    "1962": null,
    "1963": null,
    "1964": null,
    "1965": null,
    "1966": null,
    "1967": null,
    "1968": null,
    "1969": null,
    "1970": null,
    "1971": null,
    "1972": null,
    "country": "Belarus",
    "Notes": null
  },
  {
    "1949": null,
    "1950": null,
    "1951": null,
    "1952": null,
    "1953": null,
    "1954": null,
    "1955": null,
    "1956": null,
    "1957": null,
    "1958": null,
    "1959": null,
    "1960": null,
    "1961": null,
    "1962": null,
    "1963": null,
    "1964": null,
    "1965": null,
    "1966": null,
    "1967": null,
    "1968": null,
    "1969": null,
    "1970": null,
    "1971": null,
    "1972": null,
    "country": "Georgia",
    "Notes": null
  },
  {
    "1949": null,
    "1950": null,
    "1951": null,
    "1952": null,
    "1953": null,
    "1954": null,
    "1955": null,
    "1956": null,
    "1957": null,
    "1958": null,
    "1959": null,
    "1960": null,
    "1961": null,
    "1962": null,
    "1963": null,
    "1964": null,
    "1965": null,
    "1966": null,
    "1967": null,
    "1968": null,
    "1969": null,
    "1970": null,
    "1971": null,
    "1972": null,
    "country": "Moldova",
    "Notes": null
  },
  {
    "1949": null,
    "1950": null,
    "1951": null,
    "1952": null,
    "1953": null,
    "1954": null,
    "1955": null,
    "1956": null,
    "1957": null,
    "1958": null,
    "1959": null,
    "1960": null,
    "1961": null,
    "1962": null,
    "1963": null,
    "1964": null,
    "1965": null,
    "1966": null,
    "1967": null,
    "1968": null,
    "1969": null,
    "1970": null,
    "1971": null,
    "1972": null,
    "country": "Russia",
    "Notes": 83
  },
  {
    "1949": null,
    "1950": null,
    "1951": null,
    "1952": null,
    "1953": null,
    "1954": null,
    "1955": null,
    "1956": null,
    "1957": null,
    "1958": null,
    "1959": null,
    "1960": null,
    "1961": null,
    "1962": null,
    "1963": null,
    "1964": null,
    "1965": null,
    "1966": null,
    "1967": null,
    "1968": null,
    "1969": null,
    "1970": null,
    "1971": null,
    "1972": null,
    "country": "Ukraine",
    "Notes": 84
  },
  {
    "1949": null,
    "1950": null,
    "1951": null,
    "1952": null,
    "1953": null,
    "1954": null,
    "1955": null,
    "1956": null,
    "1957": null,
    "1958": null,
    "1959": null,
    "1960": null,
    "1961": null,
    "1962": null,
    "1963": null,
    "1964": null,
    "1965": null,
    "1966": null,
    "1967": null,
    "1968": null,
    "1969": null,
    "1970": null,
    "1971": null,
    "1972": null,
    "country": "USSR",
    "Notes": null
  },
  {
    "1949": null,
    "1950": null,
    "1951": null,
    "1952": null,
    "1953": null,
    "1954": null,
    "1955": null,
    "1956": null,
    "1957": 1.63,
    "1958": 1.81,
    "1959": 1.7,
    "1960": 1.46,
    "1961": 1.31,
    "1962": 1.35,
    "1963": 1.58,
    "1964": 1.89,
    "1965": 1.51,
    "1966": 1.62,
    "1967": 1.61,
    "1968": 1.54,
    "1969": 1.5,
    "1970": 1.38,
    "1971": 1.25,
    "1972": 1.2,
    "country": "Austria",
    "Notes": null
  },
  {
    "1949": null,
    "1950": null,
    "1951": null,
    "1952": null,
    "1953": 4.86,
    "1954": 4.88,
    "1955": 3.78,
    "1956": 3.56,
    "1957": 3.61,
    "1958": 3.57,
    "1959": 3.52,
    "1960": 3.4,
    "1961": 3.26,
    "1962": 3.28,
    "1963": 3.22,
    "1964": 3.21,
    "1965": 2.97,
    "1966": 3.11,
    "1967": 3.13,
    "1968": 3.12,
    "1969": 2.93,
    "1970": 2.92,
    "1971": 2.9,
    "1972": 2.88,
    "country": "Belgium",
    "Notes": null
  },
  {
    "1949": null,
    "1950": null,
    "1951": null,
    "1952": null,
    "1953": null,
    "1954": null,
    "1955": null,
    "1956": null,
    "1957": null,
    "1958": null,
    "1959": null,
    "1960": null,
    "1961": null,
    "1962": null,
    "1963": null,
    "1964": null,
    "1965": null,
    "1966": null,
    "1967": null,
    "1968": null,
    "1969": null,
    "1970": null,
    "1971": null,
    "1972": null,
    "country": "Cyprus",
    "Notes": null
  },
  {
    "1949": null,
    "1950": 1.66,
    "1951": 2.05,
    "1952": 2.74,
    "1953": 3.36,
    "1954": 3.19,
    "1955": 3.18,
    "1956": 3.03,
    "1957": 3.08,
    "1958": 2.88,
    "1959": 2.59,
    "1960": 2.73,
    "1961": 2.59,
    "1962": 3.02,
    "1963": 3.04,
    "1964": 2.84,
    "1965": 2.83,
    "1966": 2.64,
    "1967": 2.59,
    "1968": 2.68,
    "1969": 2.39,
    "1970": 2.43,
    "1971": 2.36,
    "1972": 2.18,
    "country": "Denmark",
    "Notes": null
  },
  {
    "1949": null,
    "1950": null,
    "1951": null,
    "1952": null,
    "1953": null,
    "1954": null,
    "1955": null,
    "1956": null,
    "1957": null,
    "1958": 1.71,
    "1959": 1.87,
    "1960": 1.77,
    "1961": 1.84,
    "1962": 2.51,
    "1963": 1.93,
    "1964": 1.86,
    "1965": 1.8,
    "1966": 1.71,
    "1967": 1.62,
    "1968": 1.76,
    "1969": 1.44,
    "1970": 1.38,
    "1971": 1.45,
    "1972": 1.53,
    "country": "Finland",
    "Notes": 85
  },
  {
    "1949": null,
    "1950": 4.65,
    "1951": 5.99,
    "1952": 7.23,
    "1953": 7.57,
    "1954": 6.12,
    "1955": 5.38,
    "1956": 6.46,
    "1957": 6.16,
    "1958": 5.69,
    "1959": 5.64,
    "1960": 5.43,
    "1961": 5.3,
    "1962": 5.16,
    "1963": 4.74,
    "1964": 4.54,
    "1965": 4.4,
    "1966": 4.29,
    "1967": 4.3,
    "1968": 4.14,
    "1969": 3.68,
    "1970": 3.46,
    "1971": 3.32,
    "1972": 3.23,
    "country": "France",
    "Notes": 101
  },
  {
    "1949": null,
    "1950": null,
    "1951": null,
    "1952": null,
    "1953": 3.95,
    "1954": 3.72,
    "1955": 3.83,
    "1956": 3.4,
    "1957": 3.88,
    "1958": 2.78,
    "1959": 4.15,
    "1960": 3.75,
    "1961": 3.72,
    "1962": 4.48,
    "1963": 4.88,
    "1964": 4.36,
    "1965": 4.07,
    "1966": 3.89,
    "1967": 4.06,
    "1968": 3.39,
    "1969": 3.38,
    "1970": 3,
    "1971": 3.05,
    "1972": 3.15,
    "country": "Germany",
    "Notes": null
  },
  {
    "1949": 5.91,
    "1950": 6.01,
    "1951": 6.64,
    "1952": 6.43,
    "1953": 5.11,
    "1954": 5.49,
    "1955": 5.11,
    "1956": 5.94,
    "1957": 5,
    "1958": 4.77,
    "1959": 4.86,
    "1960": 4.86,
    "1961": 4.24,
    "1962": 4.05,
    "1963": 3.82,
    "1964": 3.57,
    "1965": 3.5,
    "1966": 3.58,
    "1967": 4.35,
    "1968": 4.69,
    "1969": 4.79,
    "1970": 4.2,
    "1971": 4.12,
    "1972": 3.96,
    "country": "Greece",
    "Notes": null
  },
  {
    "1949": null,
    "1950": null,
    "1951": null,
    "1952": null,
    "1953": null,
    "1954": null,
    "1955": null,
    "1956": null,
    "1957": null,
    "1958": null,
    "1959": null,
    "1960": null,
    "1961": null,
    "1962": null,
    "1963": null,
    "1964": null,
    "1965": null,
    "1966": null,
    "1967": null,
    "1968": null,
    "1969": null,
    "1970": null,
    "1971": null,
    "1972": null,
    "country": "Iceland",
    "Notes": 86
  },
  {
    "1949": null,
    "1950": null,
    "1951": null,
    "1952": null,
    "1953": null,
    "1954": null,
    "1955": null,
    "1956": null,
    "1957": null,
    "1958": 1.45,
    "1959": 1.42,
    "1960": 1.33,
    "1961": 1.32,
    "1962": 1.29,
    "1963": 1.24,
    "1964": 1.3,
    "1965": 1.33,
    "1966": 1.23,
    "1967": 1.19,
    "1968": 1.13,
    "1969": 1.1,
    "1970": 1.16,
    "1971": 1.24,
    "1972": 1.33,
    "country": "Ireland",
    "Notes": null
  },
  {
    "1949": null,
    "1950": null,
    "1951": 3.78,
    "1952": 3.99,
    "1953": 3.33,
    "1954": 3.53,
    "1955": 3.25,
    "1956": 3.17,
    "1957": 3.09,
    "1958": 3.04,
    "1959": 2.95,
    "1960": 2.71,
    "1961": 2.57,
    "1962": 2.63,
    "1963": 2.75,
    "1964": 2.73,
    "1965": 2.75,
    "1966": 2.99,
    "1967": 2.77,
    "1968": 2.65,
    "1969": 2.42,
    "1970": 2.06,
    "1971": 2.24,
    "1972": 2.39,
    "country": "Italy",
    "Notes": 87
  },
  {
    "1949": null,
    "1950": 1.21,
    "1951": 1.41,
    "1952": 2.14,
    "1953": 2.61,
    "1954": 2.94,
    "1955": 2.92,
    "1956": 1.71,
    "1957": 1.76,
    "1958": 1.74,
    "1959": 1.59,
    "1960": 0.91,
    "1961": 1,
    "1962": 1.16,
    "1963": 1.07,
    "1964": 1.25,
    "1965": 1.22,
    "1966": 1.21,
    "1967": 1,
    "1968": 0.83,
    "1969": 0.74,
    "1970": 0.68,
    "1971": 0.71,
    "1972": 0.74,
    "country": "Luxembourg",
    "Notes": 88
  },
  {
    "1949": null,
    "1950": null,
    "1951": null,
    "1952": null,
    "1953": null,
    "1954": null,
    "1955": null,
    "1956": null,
    "1957": null,
    "1958": null,
    "1959": null,
    "1960": null,
    "1961": null,
    "1962": null,
    "1963": null,
    "1964": null,
    "1965": null,
    "1966": null,
    "1967": null,
    "1968": null,
    "1969": null,
    "1970": null,
    "1971": null,
    "1972": null,
    "country": "Malta",
    "Notes": null
  },
  {
    "1949": null,
    "1950": null,
    "1951": null,
    "1952": null,
    "1953": null,
    "1954": null,
    "1955": null,
    "1956": 5.79,
    "1957": 5.32,
    "1958": 4.72,
    "1959": 4.02,
    "1960": 3.7,
    "1961": 4.09,
    "1962": 4.12,
    "1963": 4.01,
    "1964": 3.93,
    "1965": 3.57,
    "1966": 3.37,
    "1967": 3.52,
    "1968": 3.26,
    "1969": 3.23,
    "1970": 2.87,
    "1971": 2.84,
    "1972": 2.82,
    "country": "Netherlands",
    "Notes": null
  },
  {
    "1949": 2.71,
    "1950": 2.37,
    "1951": 3.05,
    "1952": 4.01,
    "1953": 5.08,
    "1954": 5,
    "1955": 3.93,
    "1956": 3.52,
    "1957": 3.59,
    "1958": 3.51,
    "1959": 3.58,
    "1960": 3.2,
    "1961": 3,
    "1962": 3.24,
    "1963": 3.21,
    "1964": 3.12,
    "1965": 3.4,
    "1966": 3.57,
    "1967": 3.51,
    "1968": 3.61,
    "1969": 3.6,
    "1970": 3.47,
    "1971": 3.39,
    "1972": 3.29,
    "country": "Norway",
    "Notes": null
  },
  {
    "1949": null,
    "1950": 2.34,
    "1951": null,
    "1952": null,
    "1953": 2.49,
    "1954": 2.58,
    "1955": 2.6,
    "1956": 2.48,
    "1957": 2.47,
    "1958": 2.44,
    "1959": 2.6,
    "1960": 2.56,
    "1961": 3.89,
    "1962": 4.23,
    "1963": 3.96,
    "1964": 4.11,
    "1965": 3.81,
    "1966": 3.85,
    "1967": 4.46,
    "1968": 4.5,
    "1969": 4.14,
    "1970": 4.14,
    "1971": 4.33,
    "1972": 4.06,
    "country": "Portugal",
    "Notes": null
  },
  {
    "1949": null,
    "1950": null,
    "1951": null,
    "1952": null,
    "1953": null,
    "1954": 2.29,
    "1955": 2.31,
    "1956": 2.26,
    "1957": 2.23,
    "1958": 1.93,
    "1959": 1.91,
    "1960": 2.25,
    "1961": 2.03,
    "1962": 2.27,
    "1963": 1.97,
    "1964": 1.93,
    "1965": 1.88,
    "1966": 2.08,
    "1967": 1.85,
    "1968": 2.3,
    "1969": 2.43,
    "1970": 2.29,
    "1971": 2.11,
    "1972": 2.32,
    "country": "Spain",
    "Notes": 89
  },
  {
    "1949": null,
    "1950": null,
    "1951": null,
    "1952": null,
    "1953": null,
    "1954": null,
    "1955": null,
    "1956": null,
    "1957": null,
    "1958": null,
    "1959": null,
    "1960": 3.78,
    "1961": 3.72,
    "1962": 3.86,
    "1963": 3.97,
    "1964": 3.87,
    "1965": 3.91,
    "1966": 3.86,
    "1967": 3.61,
    "1968": 3.48,
    "1969": 3.46,
    "1970": 3.36,
    "1971": 3.41,
    "1972": 3.41,
    "country": "Sweden",
    "Notes": null
  },
  {
    "1949": null,
    "1950": null,
    "1951": null,
    "1952": null,
    "1953": null,
    "1954": null,
    "1955": null,
    "1956": null,
    "1957": 2.83,
    "1958": 2.99,
    "1959": 2.71,
    "1960": 2.34,
    "1961": 2.47,
    "1962": 2.57,
    "1963": 2.52,
    "1964": 2.54,
    "1965": 2.47,
    "1966": 2.53,
    "1967": 2.38,
    "1968": 2.18,
    "1969": 2.2,
    "1970": 2.1,
    "1971": 2.05,
    "1972": 1.97,
    "country": "Switzerland",
    "Notes": null
  },
  {
    "1949": null,
    "1950": 7.21,
    "1951": 8.3,
    "1952": 10.37,
    "1953": 10.96,
    "1954": 10.06,
    "1955": 9.09,
    "1956": 8.56,
    "1957": 7.99,
    "1958": 7.62,
    "1959": 7.29,
    "1960": 7.09,
    "1961": 6.92,
    "1962": 6.94,
    "1963": 6.8,
    "1964": 6.6,
    "1965": 6.44,
    "1966": 6.25,
    "1967": 6.24,
    "1968": 5.94,
    "1969": 5.5,
    "1970": 5.2,
    "1971": 5.08,
    "1972": 5.17,
    "country": "United Kingdom",
    "Notes": 91
  },
  {
    "1949": null,
    "1950": null,
    "1951": null,
    "1952": null,
    "1953": null,
    "1954": null,
    "1955": null,
    "1956": null,
    "1957": null,
    "1958": null,
    "1959": null,
    "1960": null,
    "1961": null,
    "1962": null,
    "1963": null,
    "1964": null,
    "1965": null,
    "1966": null,
    "1967": null,
    "1968": null,
    "1969": null,
    "1970": null,
    "1971": null,
    "1972": null,
    "country": "European Union",
    "Notes": null
  },
  {
    "1949": null,
    "1950": null,
    "1951": null,
    "1952": null,
    "1953": null,
    "1954": null,
    "1955": null,
    "1956": null,
    "1957": null,
    "1958": null,
    "1959": null,
    "1960": null,
    "1961": null,
    "1962": null,
    "1963": null,
    "1964": null,
    "1965": null,
    "1966": null,
    "1967": null,
    "1968": null,
    "1969": null,
    "1970": null,
    "1971": null,
    "1972": null,
    "country": "Bahrain",
    "Notes": 8
  },
  {
    "1949": null,
    "1950": null,
    "1951": null,
    "1952": null,
    "1953": null,
    "1954": null,
    "1955": null,
    "1956": null,
    "1957": null,
    "1958": null,
    "1959": null,
    "1960": null,
    "1961": null,
    "1962": 6.68,
    "1963": 8.66,
    "1964": 10.33,
    "1965": 10.12,
    "1966": 8.72,
    "1967": 8.91,
    "1968": 11.13,
    "1969": 14.34,
    "1970": 15.99,
    "1971": 17.19,
    "1972": 13.56,
    "country": "Egypt",
    "Notes": null
  },
  {
    "1949": null,
    "1950": null,
    "1951": null,
    "1952": null,
    "1953": null,
    "1954": null,
    "1955": null,
    "1956": null,
    "1957": null,
    "1958": null,
    "1959": null,
    "1960": 2.29,
    "1961": 2.35,
    "1962": 2.31,
    "1963": 2.59,
    "1964": 2.88,
    "1965": 3.25,
    "1966": 3.82,
    "1967": 4.46,
    "1968": 5.18,
    "1969": 5.97,
    "1970": 5.86,
    "1971": 3.05,
    "1972": 2.28,
    "country": "Iran",
    "Notes": 92
  },
  {
    "1949": null,
    "1950": null,
    "1951": null,
    "1952": null,
    "1953": null,
    "1954": null,
    "1955": null,
    "1956": null,
    "1957": 6.54,
    "1958": 6.08,
    "1959": 6.71,
    "1960": 7.05,
    "1961": 6.85,
    "1962": 6.91,
    "1963": 8.25,
    "1964": 7.96,
    "1965": 8.87,
    "1966": 8.52,
    "1967": 8.43,
    "1968": 9.22,
    "1969": 11.38,
    "1970": 11.17,
    "1971": 10.52,
    "1972": 10.64,
    "country": "Iraq",
    "Notes": null
  },
  {
    "1949": null,
    "1950": null,
    "1951": null,
    "1952": null,
    "1953": null,
    "1954": null,
    "1955": null,
    "1956": null,
    "1957": null,
    "1958": null,
    "1959": null,
    "1960": 7.46,
    "1961": 7.87,
    "1962": 9.16,
    "1963": 9.75,
    "1964": 8.98,
    "1965": 8.57,
    "1966": 9.43,
    "1967": 15.44,
    "1968": 17.43,
    "1969": 19.09,
    "1970": 23.45,
    "1971": 22.8,
    "1972": 20.37,
    "country": "Israel",
    "Notes": 94
  },
  {
    "1949": null,
    "1950": null,
    "1951": null,
    "1952": null,
    "1953": null,
    "1954": null,
    "1955": null,
    "1956": null,
    "1957": null,
    "1958": null,
    "1959": 22.54,
    "1960": 20.4,
    "1961": 16.51,
    "1962": 18.15,
    "1963": 17.12,
    "1964": 14.84,
    "1965": 13.41,
    "1966": 19.49,
    "1967": 23.49,
    "1968": 24.06,
    "1969": null,
    "1970": 18.51,
    "1971": 17.15,
    "1972": 18.36,
    "country": "Jordan",
    "Notes": null
  },
  {
    "1949": null,
    "1950": null,
    "1951": null,
    "1952": null,
    "1953": null,
    "1954": null,
    "1955": null,
    "1956": null,
    "1957": null,
    "1958": null,
    "1959": null,
    "1960": null,
    "1961": null,
    "1962": null,
    "1963": null,
    "1964": null,
    "1965": null,
    "1966": null,
    "1967": null,
    "1968": null,
    "1969": null,
    "1970": 2.39,
    "1971": 1.89,
    "1972": 2.04,
    "country": "Kuwait",
    "Notes": 95
  },
  {
    "1949": null,
    "1950": null,
    "1951": null,
    "1952": null,
    "1953": null,
    "1954": null,
    "1955": null,
    "1956": null,
    "1957": null,
    "1958": null,
    "1959": null,
    "1960": null,
    "1961": null,
    "1962": null,
    "1963": null,
    "1964": 3.66,
    "1965": 3.89,
    "1966": 4.16,
    "1967": 4.84,
    "1968": 4.84,
    "1969": 4.64,
    "1970": 4.34,
    "1971": 4,
    "1972": 5.09,
    "country": "Lebanon",
    "Notes": null
  },
  {
    "1949": null,
    "1950": null,
    "1951": null,
    "1952": null,
    "1953": null,
    "1954": null,
    "1955": null,
    "1956": null,
    "1957": null,
    "1958": null,
    "1959": null,
    "1960": null,
    "1961": null,
    "1962": null,
    "1963": null,
    "1964": null,
    "1965": null,
    "1966": null,
    "1967": null,
    "1968": null,
    "1969": null,
    "1970": null,
    "1971": 9.65,
    "1972": 14.86,
    "country": "Oman",
    "Notes": null
  },
  {
    "1949": null,
    "1950": null,
    "1951": null,
    "1952": null,
    "1953": null,
    "1954": null,
    "1955": null,
    "1956": null,
    "1957": null,
    "1958": null,
    "1959": null,
    "1960": null,
    "1961": null,
    "1962": null,
    "1963": null,
    "1964": null,
    "1965": null,
    "1966": null,
    "1967": null,
    "1968": null,
    "1969": null,
    "1970": null,
    "1971": null,
    "1972": null,
    "country": "Qatar",
    "Notes": null
  },
  {
    "1949": null,
    "1950": null,
    "1951": null,
    "1952": null,
    "1953": null,
    "1954": null,
    "1955": null,
    "1956": null,
    "1957": null,
    "1958": null,
    "1959": null,
    "1960": null,
    "1961": null,
    "1962": null,
    "1963": 5.9,
    "1964": 5.97,
    "1965": 7.69,
    "1966": 11.32,
    "1967": 11.51,
    "1968": 8.09,
    "1969": 9.57,
    "1970": 9.4,
    "1971": 8.64,
    "1972": 10.08,
    "country": "Saudi Arabia",
    "Notes": 97
  },
  {
    "1949": null,
    "1950": null,
    "1951": null,
    "1952": null,
    "1953": null,
    "1954": null,
    "1955": null,
    "1956": null,
    "1957": null,
    "1958": null,
    "1959": null,
    "1960": 10.52,
    "1961": 9.54,
    "1962": 13.47,
    "1963": null,
    "1964": 8.64,
    "1965": 8.88,
    "1966": 7.75,
    "1967": 8.21,
    "1968": 12.16,
    "1969": 10.83,
    "1970": 11.22,
    "1971": 8.44,
    "1972": 10.77,
    "country": "Syria",
    "Notes": null
  },
  {
    "1949": null,
    "1950": null,
    "1951": null,
    "1952": null,
    "1953": null,
    "1954": null,
    "1955": null,
    "1956": null,
    "1957": null,
    "1958": null,
    "1959": null,
    "1960": 3.53,
    "1961": 3.76,
    "1962": 3.71,
    "1963": 3.39,
    "1964": 3.42,
    "1965": 3.55,
    "1966": 3.14,
    "1967": 3.26,
    "1968": 3.28,
    "1969": 3.08,
    "1970": 3.26,
    "1971": 3.5,
    "1972": 3.45,
    "country": "Türkiye",
    "Notes": null
  },
  {
    "1949": null,
    "1950": null,
    "1951": null,
    "1952": null,
    "1953": null,
    "1954": null,
    "1955": null,
    "1956": null,
    "1957": null,
    "1958": null,
    "1959": null,
    "1960": null,
    "1961": null,
    "1962": null,
    "1963": null,
    "1964": null,
    "1965": null,
    "1966": null,
    "1967": null,
    "1968": null,
    "1969": null,
    "1970": null,
    "1971": null,
    "1972": null,
    "country": "United Arab Emirates",
    "Notes": null
  },
  {
    "1949": null,
    "1950": null,
    "1951": null,
    "1952": null,
    "1953": null,
    "1954": null,
    "1955": null,
    "1956": null,
    "1957": null,
    "1958": null,
    "1959": null,
    "1960": null,
    "1961": null,
    "1962": null,
    "1963": null,
    "1964": null,
    "1965": null,
    "1966": null,
    "1967": null,
    "1968": null,
    "1969": null,
    "1970": null,
    "1971": null,
    "1972": null,
    "country": "Yemen, North",
    "Notes": null
  },
  {
    "1949": null,
    "1950": null,
    "1951": null,
    "1952": null,
    "1953": null,
    "1954": null,
    "1955": null,
    "1956": null,
    "1957": null,
    "1958": null,
    "1959": null,
    "1960": null,
    "1961": null,
    "1962": null,
    "1963": null,
    "1964": null,
    "1965": null,
    "1966": null,
    "1967": null,
    "1968": null,
    "1969": null,
    "1970": null,
    "1971": null,
    "1972": null,
    "country": "Yemen",
    "Notes": null
  }
]